// Auto-generated header for icons in C:\Users\punishman\Documents\GitHub\legendmaster\o_legends\symbols-isom2024
#pragma once

const unsigned char 0_1E_icon[] PROGMEM = {
  0xFF, 0xFF, 0xFF, 0xFF, 0x3F, 0xFF, 0xFF, 0xFF, 0xFF, 0x3F, 0xFF, 0xFF,
  0xFF, 0xFF, 0x3F, 0xFF, 0xFF, 0xFF, 0xFF, 0x3F, 0xFF, 0xFF, 0xFF, 0xFF,
  0x3F, 0xFF, 0xFF, 0xFF, 0xFF, 0x3F, 0xFF, 0xFF, 0xFF, 0xFF, 0x3F, 0xFF,
  0xFF, 0xFF, 0xFF, 0x3F, 0xFF, 0xFF, 0xFF, 0xFF, 0x3F, 0xFF, 0xFF, 0xFF,
  0xFF, 0x3F, 0xFF, 0xFF, 0xFF, 0xFF, 0x3F, 0xFF, 0xFF, 0xFF, 0xFF, 0x3F,
  0xFF, 0xFF, 0xFF, 0xFF, 0x3F, 0xFF, 0xFF, 0xFF, 0xF9, 0x3F, 0xFF, 0xFF,
  0xFF, 0xF1, 0x3F, 0xFF, 0xFF, 0xFF, 0xE3, 0x3F, 0xFF, 0xFF, 0xFF, 0xC7,
  0x3F, 0xFF, 0xFF, 0xFF, 0x8F, 0x3F, 0x3F, 0x00, 0x00, 0x00, 0x3F, 0x3F,
  0x00, 0x00, 0x00, 0x3F, 0xFF, 0xFF, 0xFF, 0x8F, 0x3F, 0xFF, 0xFF, 0xFF,
  0xC7, 0x3F, 0xFF, 0xFF, 0xFF, 0xE3, 0x3F, 0xFF, 0xFF, 0xFF, 0xF1, 0x3F,
  0xFF, 0xFF, 0xFF, 0xF9, 0x3F, 0xFF, 0xFF, 0xFF, 0xFF, 0x3F, 0xFF, 0xFF,
  0xFF, 0xFF, 0x3F, 0xFF, 0xFF, 0xFF, 0xFF, 0x3F, 0xFF, 0xFF, 0xFF, 0xFF,
  0x3F, 0xFF, 0xFF, 0xFF, 0xFF, 0x3F, 0xFF, 0xFF, 0xFF, 0xFF, 0x3F, 0xFF,
  0xFF, 0xFF, 0xFF, 0x3F, 0xFF, 0xFF, 0xFF, 0xFF, 0x3F, 0xFF, 0xFF, 0xFF,
  0xFF, 0x3F, 0xFF, 0xFF, 0xFF, 0xFF, 0x3F, 0xFF, 0xFF, 0xFF, 0xFF, 0x3F,
  0xFF, 0xFF, 0xFF, 0xFF, 0x3F, 0xFF, 0xFF, 0xFF, 0xFF, 0x3F,
};

const unsigned char 0_1N_icon[] PROGMEM = {
  0xFF, 0xFF, 0xFF, 0xFF, 0x3F, 0xFF, 0xFF, 0xFF, 0xFF, 0x3F, 0xFF, 0xFF,
  0xFF, 0xFF, 0x3F, 0xFF, 0xFF, 0xFF, 0xFF, 0x3F, 0xFF, 0xFF, 0xFF, 0xFF,
  0x3F, 0xFF, 0xFF, 0xFF, 0xFF, 0x3F, 0xFF, 0xFF, 0xF3, 0xFF, 0x3F, 0xFF,
  0xFF, 0xE1, 0xFF, 0x3F, 0xFF, 0xFF, 0xC0, 0xFF, 0x3F, 0xFF, 0x7F, 0x80,
  0xFF, 0x3F, 0xFF, 0x3F, 0x12, 0xFF, 0x3F, 0xFF, 0x1F, 0x33, 0xFE, 0x3F,
  0xFF, 0x9F, 0x73, 0xFE, 0x3F, 0xFF, 0xFF, 0xF3, 0xFF, 0x3F, 0xFF, 0xFF,
  0xF3, 0xFF, 0x3F, 0xFF, 0xFF, 0xF3, 0xFF, 0x3F, 0xFF, 0xFF, 0xF3, 0xFF,
  0x3F, 0xFF, 0xFF, 0xF3, 0xFF, 0x3F, 0xFF, 0xFF, 0xF3, 0xFF, 0x3F, 0xFF,
  0xFF, 0xF3, 0xFF, 0x3F, 0xFF, 0xFF, 0xF3, 0xFF, 0x3F, 0xFF, 0xFF, 0xF3,
  0xFF, 0x3F, 0xFF, 0xFF, 0xF3, 0xFF, 0x3F, 0xFF, 0xFF, 0xF3, 0xFF, 0x3F,
  0xFF, 0xFF, 0xF3, 0xFF, 0x3F, 0xFF, 0xFF, 0xF3, 0xFF, 0x3F, 0xFF, 0xFF,
  0xF3, 0xFF, 0x3F, 0xFF, 0xFF, 0xF3, 0xFF, 0x3F, 0xFF, 0xFF, 0xF3, 0xFF,
  0x3F, 0xFF, 0xFF, 0xF3, 0xFF, 0x3F, 0xFF, 0xFF, 0xF3, 0xFF, 0x3F, 0xFF,
  0xFF, 0xF3, 0xFF, 0x3F, 0xFF, 0xFF, 0xFF, 0xFF, 0x3F, 0xFF, 0xFF, 0xFF,
  0xFF, 0x3F, 0xFF, 0xFF, 0xFF, 0xFF, 0x3F, 0xFF, 0xFF, 0xFF, 0xFF, 0x3F,
  0xFF, 0xFF, 0xFF, 0xFF, 0x3F, 0xFF, 0xFF, 0xFF, 0xFF, 0x3F,
};

const unsigned char 0_1S_icon[] PROGMEM = {
  0xFF, 0xFF, 0xFF, 0xFF, 0x3F, 0xFF, 0xFF, 0xFF, 0xFF, 0x3F, 0xFF, 0xFF,
  0xFF, 0xFF, 0x3F, 0xFF, 0xFF, 0xFF, 0xFF, 0x3F, 0xFF, 0xFF, 0xFF, 0xFF,
  0x3F, 0xFF, 0xFF, 0xFF, 0xFF, 0x3F, 0xFF, 0xFF, 0xF3, 0xFF, 0x3F, 0xFF,
  0xFF, 0xF3, 0xFF, 0x3F, 0xFF, 0xFF, 0xF3, 0xFF, 0x3F, 0xFF, 0xFF, 0xF3,
  0xFF, 0x3F, 0xFF, 0xFF, 0xF3, 0xFF, 0x3F, 0xFF, 0xFF, 0xF3, 0xFF, 0x3F,
  0xFF, 0xFF, 0xF3, 0xFF, 0x3F, 0xFF, 0xFF, 0xF3, 0xFF, 0x3F, 0xFF, 0xFF,
  0xF3, 0xFF, 0x3F, 0xFF, 0xFF, 0xF3, 0xFF, 0x3F, 0xFF, 0xFF, 0xF3, 0xFF,
  0x3F, 0xFF, 0xFF, 0xF3, 0xFF, 0x3F, 0xFF, 0xFF, 0xF3, 0xFF, 0x3F, 0xFF,
  0xFF, 0xF3, 0xFF, 0x3F, 0xFF, 0xFF, 0xF3, 0xFF, 0x3F, 0xFF, 0xFF, 0xF3,
  0xFF, 0x3F, 0xFF, 0xFF, 0xF3, 0xFF, 0x3F, 0xFF, 0xFF, 0xF3, 0xFF, 0x3F,
  0xFF, 0xFF, 0xF3, 0xFF, 0x3F, 0xFF, 0x9F, 0x73, 0xFE, 0x3F, 0xFF, 0x1F,
  0x33, 0xFE, 0x3F, 0xFF, 0x3F, 0x12, 0xFF, 0x3F, 0xFF, 0x7F, 0x80, 0xFF,
  0x3F, 0xFF, 0xFF, 0xC0, 0xFF, 0x3F, 0xFF, 0xFF, 0xE1, 0xFF, 0x3F, 0xFF,
  0xFF, 0xF3, 0xFF, 0x3F, 0xFF, 0xFF, 0xFF, 0xFF, 0x3F, 0xFF, 0xFF, 0xFF,
  0xFF, 0x3F, 0xFF, 0xFF, 0xFF, 0xFF, 0x3F, 0xFF, 0xFF, 0xFF, 0xFF, 0x3F,
  0xFF, 0xFF, 0xFF, 0xFF, 0x3F, 0xFF, 0xFF, 0xFF, 0xFF, 0x3F,
};

const unsigned char 0_1W_icon[] PROGMEM = {
  0xFF, 0xFF, 0xFF, 0xFF, 0x3F, 0xFF, 0xFF, 0xFF, 0xFF, 0x3F, 0xFF, 0xFF,
  0xFF, 0xFF, 0x3F, 0xFF, 0xFF, 0xFF, 0xFF, 0x3F, 0xFF, 0xFF, 0xFF, 0xFF,
  0x3F, 0xFF, 0xFF, 0xFF, 0xFF, 0x3F, 0xFF, 0xFF, 0xFF, 0xFF, 0x3F, 0xFF,
  0xFF, 0xFF, 0xFF, 0x3F, 0xFF, 0xFF, 0xFF, 0xFF, 0x3F, 0xFF, 0xFF, 0xFF,
  0xFF, 0x3F, 0xFF, 0xFF, 0xFF, 0xFF, 0x3F, 0xFF, 0xFF, 0xFF, 0xFF, 0x3F,
  0xFF, 0xFF, 0xFF, 0xFF, 0x3F, 0xFF, 0xE7, 0xFF, 0xFF, 0x3F, 0xFF, 0xE3,
  0xFF, 0xFF, 0x3F, 0xFF, 0xF1, 0xFF, 0xFF, 0x3F, 0xFF, 0xF8, 0xFF, 0xFF,
  0x3F, 0x7F, 0xFC, 0xFF, 0xFF, 0x3F, 0x3F, 0x00, 0x00, 0x00, 0x3F, 0x3F,
  0x00, 0x00, 0x00, 0x3F, 0x7F, 0xFC, 0xFF, 0xFF, 0x3F, 0xFF, 0xF8, 0xFF,
  0xFF, 0x3F, 0xFF, 0xF1, 0xFF, 0xFF, 0x3F, 0xFF, 0xE3, 0xFF, 0xFF, 0x3F,
  0xFF, 0xE7, 0xFF, 0xFF, 0x3F, 0xFF, 0xFF, 0xFF, 0xFF, 0x3F, 0xFF, 0xFF,
  0xFF, 0xFF, 0x3F, 0xFF, 0xFF, 0xFF, 0xFF, 0x3F, 0xFF, 0xFF, 0xFF, 0xFF,
  0x3F, 0xFF, 0xFF, 0xFF, 0xFF, 0x3F, 0xFF, 0xFF, 0xFF, 0xFF, 0x3F, 0xFF,
  0xFF, 0xFF, 0xFF, 0x3F, 0xFF, 0xFF, 0xFF, 0xFF, 0x3F, 0xFF, 0xFF, 0xFF,
  0xFF, 0x3F, 0xFF, 0xFF, 0xFF, 0xFF, 0x3F, 0xFF, 0xFF, 0xFF, 0xFF, 0x3F,
  0xFF, 0xFF, 0xFF, 0xFF, 0x3F, 0xFF, 0xFF, 0xFF, 0xFF, 0x3F,
};

const unsigned char 0_2NE_icon[] PROGMEM = {
  0xFF, 0xFF, 0xFF, 0xFF, 0x3F, 0xFF, 0xFF, 0xFF, 0xFF, 0x3F, 0xFF, 0xFF,
  0xFF, 0xFF, 0x3F, 0xFF, 0xFF, 0xFF, 0xFF, 0x3F, 0xFF, 0xFF, 0xFF, 0xFF,
  0x3F, 0xFF, 0xFF, 0xFF, 0xFF, 0x3F, 0xFF, 0xFF, 0xFF, 0xFF, 0x3F, 0xFF,
  0xFF, 0xFF, 0xFF, 0x3F, 0xFF, 0xFF, 0x1F, 0xC0, 0x3F, 0xFF, 0xFF, 0x1F,
  0xC0, 0x3F, 0xFF, 0xFF, 0xFF, 0xC3, 0x3F, 0xFF, 0xFF, 0xFF, 0xC1, 0x3F,
  0xFF, 0xFF, 0xFF, 0xC8, 0x3F, 0xFF, 0xFF, 0x7F, 0xCC, 0x3F, 0xFF, 0xFF,
  0x3F, 0xCE, 0x3F, 0xFF, 0xFF, 0x1F, 0xCF, 0x3F, 0xFF, 0xFF, 0x8F, 0xCF,
  0x3F, 0xFF, 0xFF, 0xC7, 0xFF, 0x3F, 0xFF, 0xFF, 0xE3, 0xFF, 0x3F, 0xFF,
  0xFF, 0xF1, 0xFF, 0x3F, 0xFF, 0xFF, 0xF8, 0xFF, 0x3F, 0xFF, 0x7F, 0xFC,
  0xFF, 0x3F, 0xFF, 0x3F, 0xFE, 0xFF, 0x3F, 0xFF, 0x1F, 0xFF, 0xFF, 0x3F,
  0xFF, 0x8F, 0xFF, 0xFF, 0x3F, 0xFF, 0xC7, 0xFF, 0xFF, 0x3F, 0xFF, 0xE3,
  0xFF, 0xFF, 0x3F, 0xFF, 0xF1, 0xFF, 0xFF, 0x3F, 0xFF, 0xF8, 0xFF, 0xFF,
  0x3F, 0xFF, 0xFC, 0xFF, 0xFF, 0x3F, 0xFF, 0xFF, 0xFF, 0xFF, 0x3F, 0xFF,
  0xFF, 0xFF, 0xFF, 0x3F, 0xFF, 0xFF, 0xFF, 0xFF, 0x3F, 0xFF, 0xFF, 0xFF,
  0xFF, 0x3F, 0xFF, 0xFF, 0xFF, 0xFF, 0x3F, 0xFF, 0xFF, 0xFF, 0xFF, 0x3F,
  0xFF, 0xFF, 0xFF, 0xFF, 0x3F, 0xFF, 0xFF, 0xFF, 0xFF, 0x3F,
};

const unsigned char 0_2NW_icon[] PROGMEM = {
  0xFF, 0xFF, 0xFF, 0xFF, 0x3F, 0xFF, 0xFF, 0xFF, 0xFF, 0x3F, 0xFF, 0xFF,
  0xFF, 0xFF, 0x3F, 0xFF, 0xFF, 0xFF, 0xFF, 0x3F, 0xFF, 0xFF, 0xFF, 0xFF,
  0x3F, 0xFF, 0xFF, 0xFF, 0xFF, 0x3F, 0xFF, 0xFF, 0xFF, 0xFF, 0x3F, 0xFF,
  0xFF, 0xFF, 0xFF, 0x3F, 0xFF, 0x00, 0xFE, 0xFF, 0x3F, 0xFF, 0x00, 0xFE,
  0xFF, 0x3F, 0xFF, 0xF0, 0xFF, 0xFF, 0x3F, 0xFF, 0xE0, 0xFF, 0xFF, 0x3F,
  0xFF, 0xC4, 0xFF, 0xFF, 0x3F, 0xFF, 0x8C, 0xFF, 0xFF, 0x3F, 0xFF, 0x1C,
  0xFF, 0xFF, 0x3F, 0xFF, 0x3C, 0xFE, 0xFF, 0x3F, 0xFF, 0x7C, 0xFC, 0xFF,
  0x3F, 0xFF, 0xFF, 0xF8, 0xFF, 0x3F, 0xFF, 0xFF, 0xF1, 0xFF, 0x3F, 0xFF,
  0xFF, 0xE3, 0xFF, 0x3F, 0xFF, 0xFF, 0xC7, 0xFF, 0x3F, 0xFF, 0xFF, 0x8F,
  0xFF, 0x3F, 0xFF, 0xFF, 0x1F, 0xFF, 0x3F, 0xFF, 0xFF, 0x3F, 0xFE, 0x3F,
  0xFF, 0xFF, 0x7F, 0xFC, 0x3F, 0xFF, 0xFF, 0xFF, 0xF8, 0x3F, 0xFF, 0xFF,
  0xFF, 0xF1, 0x3F, 0xFF, 0xFF, 0xFF, 0xE3, 0x3F, 0xFF, 0xFF, 0xFF, 0xC7,
  0x3F, 0xFF, 0xFF, 0xFF, 0xCF, 0x3F, 0xFF, 0xFF, 0xFF, 0xFF, 0x3F, 0xFF,
  0xFF, 0xFF, 0xFF, 0x3F, 0xFF, 0xFF, 0xFF, 0xFF, 0x3F, 0xFF, 0xFF, 0xFF,
  0xFF, 0x3F, 0xFF, 0xFF, 0xFF, 0xFF, 0x3F, 0xFF, 0xFF, 0xFF, 0xFF, 0x3F,
  0xFF, 0xFF, 0xFF, 0xFF, 0x3F, 0xFF, 0xFF, 0xFF, 0xFF, 0x3F,
};

const unsigned char 0_2SE_icon[] PROGMEM = {
  0xFF, 0xFF, 0xFF, 0xFF, 0x3F, 0xFF, 0xFF, 0xFF, 0xFF, 0x3F, 0xFF, 0xFF,
  0xFF, 0xFF, 0x3F, 0xFF, 0xFF, 0xFF, 0xFF, 0x3F, 0xFF, 0xFF, 0xFF, 0xFF,
  0x3F, 0xFF, 0xFF, 0xFF, 0xFF, 0x3F, 0xFF, 0xFF, 0xFF, 0xFF, 0x3F, 0xFF,
  0xFF, 0xFF, 0xFF, 0x3F, 0xFF, 0xFC, 0xFF, 0xFF, 0x3F, 0xFF, 0xF8, 0xFF,
  0xFF, 0x3F, 0xFF, 0xF1, 0xFF, 0xFF, 0x3F, 0xFF, 0xE3, 0xFF, 0xFF, 0x3F,
  0xFF, 0xC7, 0xFF, 0xFF, 0x3F, 0xFF, 0x8F, 0xFF, 0xFF, 0x3F, 0xFF, 0x1F,
  0xFF, 0xFF, 0x3F, 0xFF, 0x3F, 0xFE, 0xFF, 0x3F, 0xFF, 0x7F, 0xFC, 0xFF,
  0x3F, 0xFF, 0xFF, 0xF8, 0xFF, 0x3F, 0xFF, 0xFF, 0xF1, 0xFF, 0x3F, 0xFF,
  0xFF, 0xE3, 0xFF, 0x3F, 0xFF, 0xFF, 0xC7, 0xFF, 0x3F, 0xFF, 0xFF, 0x8F,
  0xCF, 0x3F, 0xFF, 0xFF, 0x1F, 0xCF, 0x3F, 0xFF, 0xFF, 0x3F, 0xCE, 0x3F,
  0xFF, 0xFF, 0x7F, 0xCC, 0x3F, 0xFF, 0xFF, 0xFF, 0xC8, 0x3F, 0xFF, 0xFF,
  0xFF, 0xC1, 0x3F, 0xFF, 0xFF, 0xFF, 0xC3, 0x3F, 0xFF, 0xFF, 0x1F, 0xC0,
  0x3F, 0xFF, 0xFF, 0x1F, 0xC0, 0x3F, 0xFF, 0xFF, 0xFF, 0xFF, 0x3F, 0xFF,
  0xFF, 0xFF, 0xFF, 0x3F, 0xFF, 0xFF, 0xFF, 0xFF, 0x3F, 0xFF, 0xFF, 0xFF,
  0xFF, 0x3F, 0xFF, 0xFF, 0xFF, 0xFF, 0x3F, 0xFF, 0xFF, 0xFF, 0xFF, 0x3F,
  0xFF, 0xFF, 0xFF, 0xFF, 0x3F, 0xFF, 0xFF, 0xFF, 0xFF, 0x3F,
};

const unsigned char 0_2SW_icon[] PROGMEM = {
  0xFF, 0xFF, 0xFF, 0xFF, 0x3F, 0xFF, 0xFF, 0xFF, 0xFF, 0x3F, 0xFF, 0xFF,
  0xFF, 0xFF, 0x3F, 0xFF, 0xFF, 0xFF, 0xFF, 0x3F, 0xFF, 0xFF, 0xFF, 0xFF,
  0x3F, 0xFF, 0xFF, 0xFF, 0xFF, 0x3F, 0xFF, 0xFF, 0xFF, 0xFF, 0x3F, 0xFF,
  0xFF, 0xFF, 0xFF, 0x3F, 0xFF, 0xFF, 0xFF, 0xCF, 0x3F, 0xFF, 0xFF, 0xFF,
  0xC7, 0x3F, 0xFF, 0xFF, 0xFF, 0xE3, 0x3F, 0xFF, 0xFF, 0xFF, 0xF1, 0x3F,
  0xFF, 0xFF, 0xFF, 0xF8, 0x3F, 0xFF, 0xFF, 0x7F, 0xFC, 0x3F, 0xFF, 0xFF,
  0x3F, 0xFE, 0x3F, 0xFF, 0xFF, 0x1F, 0xFF, 0x3F, 0xFF, 0xFF, 0x8F, 0xFF,
  0x3F, 0xFF, 0xFF, 0xC7, 0xFF, 0x3F, 0xFF, 0xFF, 0xE3, 0xFF, 0x3F, 0xFF,
  0xFF, 0xF1, 0xFF, 0x3F, 0xFF, 0xFF, 0xF8, 0xFF, 0x3F, 0xFF, 0x7C, 0xFC,
  0xFF, 0x3F, 0xFF, 0x3C, 0xFE, 0xFF, 0x3F, 0xFF, 0x1C, 0xFF, 0xFF, 0x3F,
  0xFF, 0x8C, 0xFF, 0xFF, 0x3F, 0xFF, 0xC4, 0xFF, 0xFF, 0x3F, 0xFF, 0xE0,
  0xFF, 0xFF, 0x3F, 0xFF, 0xF0, 0xFF, 0xFF, 0x3F, 0xFF, 0x00, 0xFE, 0xFF,
  0x3F, 0xFF, 0x00, 0xFE, 0xFF, 0x3F, 0xFF, 0xFF, 0xFF, 0xFF, 0x3F, 0xFF,
  0xFF, 0xFF, 0xFF, 0x3F, 0xFF, 0xFF, 0xFF, 0xFF, 0x3F, 0xFF, 0xFF, 0xFF,
  0xFF, 0x3F, 0xFF, 0xFF, 0xFF, 0xFF, 0x3F, 0xFF, 0xFF, 0xFF, 0xFF, 0x3F,
  0xFF, 0xFF, 0xFF, 0xFF, 0x3F, 0xFF, 0xFF, 0xFF, 0xFF, 0x3F,
};

const unsigned char 0_3_icon[] PROGMEM = {
  0xFF, 0xFF, 0xFF, 0xFF, 0x3F, 0xFF, 0xFF, 0xFF, 0xFF, 0x3F, 0xFF, 0xFF,
  0xFF, 0xFF, 0x3F, 0xFF, 0xFF, 0xFF, 0xFF, 0x3F, 0xFF, 0xFF, 0xFF, 0xFF,
  0x3F, 0xFF, 0xFF, 0xFF, 0xFF, 0x3F, 0xFF, 0xFF, 0xFF, 0xFF, 0x3F, 0xFF,
  0xFF, 0xE1, 0xFF, 0x3F, 0xFF, 0xFF, 0xC0, 0xFF, 0x3F, 0xFF, 0x7F, 0x80,
  0xFF, 0x3F, 0x7F, 0x00, 0x00, 0x80, 0x3F, 0x7F, 0x00, 0x00, 0x80, 0x3F,
  0xFF, 0x7F, 0x80, 0xFF, 0x3F, 0xFF, 0x7F, 0x80, 0xFF, 0x3F, 0xFF, 0xFF,
  0xC0, 0xFF, 0x3F, 0xFF, 0xFF, 0xE1, 0xFF, 0x3F, 0xFF, 0xFF, 0xFF, 0xFF,
  0x3F, 0xFF, 0xFF, 0xFF, 0xFF, 0x3F, 0xFF, 0xFF, 0xFF, 0xFF, 0x3F, 0xFF,
  0xFF, 0xFF, 0xFF, 0x3F, 0xFF, 0xFF, 0xFF, 0xFF, 0x3F, 0xFF, 0xFF, 0xFF,
  0xFF, 0x3F, 0xFF, 0xFF, 0xFF, 0xFF, 0x3F, 0xFF, 0xFF, 0xFF, 0xFF, 0x3F,
  0xFF, 0xFF, 0xFF, 0xFF, 0x3F, 0xFF, 0xFF, 0xFF, 0xFF, 0x3F, 0x7F, 0x00,
  0x00, 0x80, 0x3F, 0x7F, 0x00, 0x00, 0x80, 0x3F, 0xFF, 0xFF, 0xFF, 0xFF,
  0x3F, 0xFF, 0xFF, 0xFF, 0xFF, 0x3F, 0xFF, 0xFF, 0xFF, 0xFF, 0x3F, 0xFF,
  0xFF, 0xFF, 0xFF, 0x3F, 0xFF, 0xFF, 0xFF, 0xFF, 0x3F, 0xFF, 0xFF, 0xFF,
  0xFF, 0x3F, 0xFF, 0xFF, 0xFF, 0xFF, 0x3F, 0xFF, 0xFF, 0xFF, 0xFF, 0x3F,
  0xFF, 0xFF, 0xFF, 0xFF, 0x3F, 0xFF, 0xFF, 0xFF, 0xFF, 0x3F,
};

const unsigned char 0_4_icon[] PROGMEM = {
  0xFF, 0xFF, 0xFF, 0xFF, 0x3F, 0xFF, 0xFF, 0xFF, 0xFF, 0x3F, 0xFF, 0xFF,
  0xFF, 0xFF, 0x3F, 0xFF, 0xFF, 0xFF, 0xFF, 0x3F, 0xFF, 0xFF, 0xFF, 0xFF,
  0x3F, 0xFF, 0xFF, 0xFF, 0xFF, 0x3F, 0xFF, 0xFF, 0xFF, 0xFF, 0x3F, 0xFF,
  0xFF, 0xFF, 0xFF, 0x3F, 0xFF, 0xFF, 0xFF, 0xFF, 0x3F, 0xFF, 0xFF, 0xFF,
  0xFF, 0x3F, 0x7F, 0x00, 0x00, 0x80, 0x3F, 0x7F, 0x00, 0x00, 0x80, 0x3F,
  0xFF, 0xFF, 0xFF, 0xFF, 0x3F, 0xFF, 0xFF, 0xFF, 0xFF, 0x3F, 0xFF, 0xFF,
  0xFF, 0xFF, 0x3F, 0xFF, 0xFF, 0xFF, 0xFF, 0x3F, 0xFF, 0xFF, 0xFF, 0xFF,
  0x3F, 0xFF, 0xFF, 0xFF, 0xFF, 0x3F, 0xFF, 0xFF, 0xFF, 0xFF, 0x3F, 0xFF,
  0xFF, 0xFF, 0xFF, 0x3F, 0xFF, 0xFF, 0xFF, 0xFF, 0x3F, 0xFF, 0xFF, 0xFF,
  0xFF, 0x3F, 0xFF, 0xFF, 0xE1, 0xFF, 0x3F, 0xFF, 0xFF, 0xC0, 0xFF, 0x3F,
  0xFF, 0x7F, 0x80, 0xFF, 0x3F, 0xFF, 0x7F, 0x80, 0xFF, 0x3F, 0x7F, 0x00,
  0x00, 0x80, 0x3F, 0x7F, 0x00, 0x00, 0x80, 0x3F, 0xFF, 0x7F, 0x80, 0xFF,
  0x3F, 0xFF, 0xFF, 0xC0, 0xFF, 0x3F, 0xFF, 0xFF, 0xE1, 0xFF, 0x3F, 0xFF,
  0xFF, 0xFF, 0xFF, 0x3F, 0xFF, 0xFF, 0xFF, 0xFF, 0x3F, 0xFF, 0xFF, 0xFF,
  0xFF, 0x3F, 0xFF, 0xFF, 0xFF, 0xFF, 0x3F, 0xFF, 0xFF, 0xFF, 0xFF, 0x3F,
  0xFF, 0xFF, 0xFF, 0xFF, 0x3F, 0xFF, 0xFF, 0xFF, 0xFF, 0x3F,
};

const unsigned char 0_5_icon[] PROGMEM = {
  0xFF, 0xFF, 0xFF, 0xFF, 0x3F, 0xFF, 0xFF, 0xFF, 0xFF, 0x3F, 0xFF, 0xFF,
  0xFF, 0xFF, 0x3F, 0xFF, 0xFF, 0xFF, 0xFF, 0x3F, 0xFF, 0xFF, 0xFF, 0xFF,
  0x3F, 0xFF, 0xFF, 0xFF, 0xFF, 0x3F, 0xFF, 0xFF, 0xFF, 0xFF, 0x3F, 0xFF,
  0xFD, 0xF3, 0xEF, 0x3F, 0xFF, 0xFD, 0xF3, 0xEF, 0x3F, 0xFF, 0xFD, 0xF3,
  0xEF, 0x3F, 0xFF, 0xFD, 0xF3, 0xEF, 0x3F, 0xFF, 0xFD, 0xF3, 0xEF, 0x3F,
  0xFF, 0xFD, 0xF3, 0xEF, 0x3F, 0xFF, 0xFD, 0xF3, 0xEF, 0x3F, 0xFF, 0xFD,
  0xF3, 0xEF, 0x3F, 0xFF, 0xFD, 0xC0, 0xEF, 0x3F, 0xFF, 0x7D, 0x80, 0xEF,
  0x3F, 0xFF, 0x7D, 0x80, 0xEF, 0x3F, 0xFF, 0x7D, 0x80, 0xEF, 0x3F, 0xFF,
  0x7D, 0x80, 0xEF, 0x3F, 0xFF, 0x7D, 0x80, 0xEF, 0x3F, 0xFF, 0x7D, 0x80,
  0xEF, 0x3F, 0xFF, 0xFD, 0xC0, 0xEF, 0x3F, 0xFF, 0xFD, 0xF3, 0xEF, 0x3F,
  0xFF, 0xFD, 0xF3, 0xEF, 0x3F, 0xFF, 0xFD, 0xF3, 0xEF, 0x3F, 0xFF, 0xFD,
  0xF3, 0xEF, 0x3F, 0xFF, 0xFD, 0xF3, 0xEF, 0x3F, 0xFF, 0xFD, 0xF3, 0xEF,
  0x3F, 0xFF, 0xFD, 0xF3, 0xEF, 0x3F, 0xFF, 0xFD, 0xF3, 0xEF, 0x3F, 0xFF,
  0xFF, 0xFF, 0xFF, 0x3F, 0xFF, 0xFF, 0xFF, 0xFF, 0x3F, 0xFF, 0xFF, 0xFF,
  0xFF, 0x3F, 0xFF, 0xFF, 0xFF, 0xFF, 0x3F, 0xFF, 0xFF, 0xFF, 0xFF, 0x3F,
  0xFF, 0xFF, 0xFF, 0xFF, 0x3F, 0xFF, 0xFF, 0xFF, 0xFF, 0x3F,
};

const unsigned char 1_1_icon[] PROGMEM = {
  0xFF, 0xFF, 0xFF, 0xFF, 0x3F, 0xFF, 0xFF, 0xFF, 0xFF, 0x3F, 0xFF, 0xFF,
  0xFF, 0xFF, 0x3F, 0xFF, 0xFF, 0xFF, 0xFF, 0x3F, 0xFF, 0xFF, 0xFF, 0xFF,
  0x3F, 0x7F, 0xCE, 0xFF, 0xFF, 0x3F, 0x7F, 0xCE, 0xFF, 0xFF, 0x3F, 0x7F,
  0x8E, 0xFF, 0xFF, 0x3F, 0x7F, 0x1E, 0xFF, 0xFF, 0x3F, 0x7F, 0x1E, 0xC0,
  0xFF, 0x3F, 0x7F, 0x7E, 0x00, 0xFC, 0x3F, 0xFF, 0xFC, 0x7F, 0xF0, 0x3F,
  0xFF, 0xFC, 0xFF, 0xF1, 0x3F, 0xFF, 0xFC, 0xFF, 0xE3, 0x3F, 0xFF, 0xFC,
  0xFF, 0xE7, 0x3F, 0xFF, 0xFC, 0xFF, 0xE7, 0x3F, 0xFF, 0xFC, 0xFF, 0xE7,
  0x3F, 0xFF, 0xFC, 0xFF, 0xE7, 0x3F, 0xFF, 0xFC, 0xFF, 0xE7, 0x3F, 0xFF,
  0xFC, 0xFF, 0xE7, 0x3F, 0xFF, 0xFC, 0xFF, 0xE7, 0x3F, 0xFF, 0xFC, 0xFF,
  0xE7, 0x3F, 0xFF, 0xFC, 0xFF, 0xE7, 0x3F, 0xFF, 0xFC, 0xFF, 0xE7, 0x3F,
  0xFF, 0xFC, 0xFF, 0xE3, 0x3F, 0xFF, 0xFC, 0xFF, 0xF1, 0x3F, 0xFF, 0xFC,
  0x3F, 0xF0, 0x3F, 0x7F, 0x7E, 0x00, 0xFC, 0x3F, 0x7F, 0x1E, 0xC0, 0xFF,
  0x3F, 0x7F, 0x1E, 0xFF, 0xFF, 0x3F, 0x7F, 0x8E, 0xFF, 0xFF, 0x3F, 0x7F,
  0xCE, 0xFF, 0xFF, 0x3F, 0x7F, 0xCE, 0xFF, 0xFF, 0x3F, 0xFF, 0xFF, 0xFF,
  0xFF, 0x3F, 0xFF, 0xFF, 0xFF, 0xFF, 0x3F, 0xFF, 0xFF, 0xFF, 0xFF, 0x3F,
  0xFF, 0xFF, 0xFF, 0xFF, 0x3F, 0xFF, 0xFF, 0xFF, 0xFF, 0x3F,
};

const unsigned char 1_10_icon[] PROGMEM = {
  0xFF, 0xFF, 0xFF, 0xFF, 0x3F, 0xFF, 0xFF, 0xFF, 0xFF, 0x3F, 0xFF, 0xFF,
  0xFF, 0xFF, 0x3F, 0xFF, 0xFF, 0xFF, 0xFF, 0x3F, 0xFF, 0xFF, 0xFF, 0xFF,
  0x3F, 0xFF, 0xFF, 0xFF, 0xFF, 0x3F, 0xFF, 0xFF, 0xFF, 0xFF, 0x3F, 0xFF,
  0xFF, 0xFF, 0xFF, 0x3F, 0xFF, 0xFF, 0xFF, 0xFF, 0x3F, 0xFF, 0xFF, 0xFF,
  0xFF, 0x3F, 0xFF, 0xFF, 0xFF, 0xFF, 0x3F, 0xFF, 0xFF, 0xFF, 0xFF, 0x3F,
  0xFF, 0xFF, 0xFF, 0xFF, 0x3F, 0xFF, 0xFF, 0xC0, 0xFF, 0x3F, 0xFF, 0x3F,
  0x00, 0xFF, 0x3F, 0xFF, 0x3F, 0x00, 0xFF, 0x3F, 0xFF, 0x1F, 0x00, 0xFE,
  0x3F, 0xFF, 0x1F, 0x00, 0xFE, 0x3F, 0xFF, 0x1F, 0x00, 0xFE, 0x3F, 0xFF,
  0x1F, 0x00, 0xFE, 0x3F, 0xFF, 0x1F, 0x00, 0xFE, 0x3F, 0xFF, 0x1F, 0x00,
  0xFE, 0x3F, 0xFF, 0x3F, 0x00, 0xFF, 0x3F, 0xFF, 0x3F, 0x00, 0xFF, 0x3F,
  0xFF, 0xFF, 0xC0, 0xFF, 0x3F, 0xFF, 0xFF, 0xFF, 0xFF, 0x3F, 0xFF, 0xFF,
  0xFF, 0xFF, 0x3F, 0xFF, 0xFF, 0xFF, 0xFF, 0x3F, 0xFF, 0xFF, 0xFF, 0xFF,
  0x3F, 0xFF, 0xFF, 0xFF, 0xFF, 0x3F, 0xFF, 0xFF, 0xFF, 0xFF, 0x3F, 0xFF,
  0xFF, 0xFF, 0xFF, 0x3F, 0xFF, 0xFF, 0xFF, 0xFF, 0x3F, 0xFF, 0xFF, 0xFF,
  0xFF, 0x3F, 0xFF, 0xFF, 0xFF, 0xFF, 0x3F, 0xFF, 0xFF, 0xFF, 0xFF, 0x3F,
  0xFF, 0xFF, 0xFF, 0xFF, 0x3F, 0xFF, 0xFF, 0xFF, 0xFF, 0x3F,
};

const unsigned char 1_11_icon[] PROGMEM = {
  0xFF, 0xFF, 0xFF, 0xFF, 0x3F, 0xFF, 0xFF, 0xFF, 0xFF, 0x3F, 0xFF, 0xFF,
  0xFF, 0xFF, 0x3F, 0xFF, 0xFF, 0xFF, 0xFF, 0x3F, 0xFF, 0xFF, 0xFF, 0xFF,
  0x3F, 0xFF, 0xE7, 0xFF, 0xF9, 0x3F, 0xFF, 0xE7, 0xFF, 0xF9, 0x3F, 0xFF,
  0xC7, 0xFF, 0xF8, 0x3F, 0xFF, 0xCF, 0xFF, 0xFC, 0x3F, 0xFF, 0x8F, 0x7F,
  0xFC, 0x3F, 0xFF, 0x9F, 0x7F, 0xFE, 0x3F, 0xFF, 0x1F, 0x3F, 0xFE, 0x3F,
  0xFF, 0x3F, 0x3F, 0xFF, 0x3F, 0xFF, 0x3F, 0x3F, 0xFF, 0x3F, 0xFF, 0x3F,
  0x3F, 0xFF, 0x3F, 0xFF, 0x3F, 0x3F, 0xFF, 0x3F, 0xFF, 0x3F, 0x3F, 0xFF,
  0x3F, 0xFF, 0x7F, 0x9E, 0xFF, 0x3F, 0xFF, 0x7F, 0x9E, 0xFF, 0x3F, 0xFF,
  0x7F, 0x9E, 0xFF, 0x3F, 0xFF, 0x7F, 0x9E, 0xFF, 0x3F, 0xFF, 0x3F, 0x3F,
  0xFF, 0x3F, 0xFF, 0x3F, 0x3F, 0xFF, 0x3F, 0xFF, 0x3F, 0x3F, 0xFF, 0x3F,
  0xFF, 0x3F, 0x3F, 0xFF, 0x3F, 0xFF, 0x3F, 0x3F, 0xFF, 0x3F, 0xFF, 0x1F,
  0x3F, 0xFE, 0x3F, 0xFF, 0x9F, 0x7F, 0xFE, 0x3F, 0xFF, 0x8F, 0x7F, 0xFC,
  0x3F, 0xFF, 0xCF, 0xFF, 0xFC, 0x3F, 0xFF, 0xC7, 0xFF, 0xF8, 0x3F, 0xFF,
  0xE7, 0xFF, 0xF9, 0x3F, 0xFF, 0xE7, 0xFF, 0xF9, 0x3F, 0xFF, 0xFF, 0xFF,
  0xFF, 0x3F, 0xFF, 0xFF, 0xFF, 0xFF, 0x3F, 0xFF, 0xFF, 0xFF, 0xFF, 0x3F,
  0xFF, 0xFF, 0xFF, 0xFF, 0x3F, 0xFF, 0xFF, 0xFF, 0xFF, 0x3F,
};

const unsigned char 1_12_icon[] PROGMEM = {
  0xFF, 0xFF, 0xFF, 0xFF, 0x3F, 0xFF, 0xFF, 0xFF, 0xFF, 0x3F, 0xFF, 0xFF,
  0xFF, 0xFF, 0x3F, 0xFF, 0xFF, 0xFF, 0xFF, 0x3F, 0xFF, 0xFF, 0xFF, 0xFF,
  0x3F, 0xFF, 0xFF, 0xFF, 0xFF, 0x3F, 0xFF, 0xFF, 0xFF, 0xFF, 0x3F, 0xFF,
  0xFF, 0xFF, 0xFF, 0x3F, 0xFF, 0xFF, 0xFF, 0xFF, 0x3F, 0xFF, 0x3F, 0x00,
  0xFF, 0x3F, 0xFF, 0x03, 0x00, 0xF0, 0x3F, 0xFF, 0xC1, 0xFF, 0xE0, 0x3F,
  0x7F, 0xF8, 0xFF, 0x87, 0x3F, 0x3F, 0xFC, 0xFF, 0x0F, 0x3F, 0x1F, 0xFF,
  0xFF, 0x3F, 0x3E, 0x9F, 0xFF, 0xFF, 0x7F, 0x3E, 0x8F, 0xFF, 0xFF, 0x7F,
  0x3C, 0xCF, 0xFF, 0xFF, 0xFF, 0x3C, 0x0F, 0xC0, 0xFF, 0x00, 0x3C, 0x0F,
  0xC0, 0xFF, 0x00, 0x3C, 0xCF, 0xFF, 0xFF, 0xFF, 0x3C, 0x8F, 0xFF, 0xFF,
  0x7F, 0x3C, 0x9F, 0xFF, 0xFF, 0x7F, 0x3E, 0x1F, 0xFF, 0xFF, 0x3F, 0x3E,
  0x3F, 0xFC, 0xFF, 0x0F, 0x3F, 0x7F, 0xF8, 0xFF, 0x87, 0x3F, 0xFF, 0xC1,
  0xFF, 0xE0, 0x3F, 0xFF, 0x03, 0x00, 0xF0, 0x3F, 0xFF, 0x3F, 0x00, 0xFF,
  0x3F, 0xFF, 0xFF, 0xFF, 0xFF, 0x3F, 0xFF, 0xFF, 0xFF, 0xFF, 0x3F, 0xFF,
  0xFF, 0xFF, 0xFF, 0x3F, 0xFF, 0xFF, 0xFF, 0xFF, 0x3F, 0xFF, 0xFF, 0xFF,
  0xFF, 0x3F, 0xFF, 0xFF, 0xFF, 0xFF, 0x3F, 0xFF, 0xFF, 0xFF, 0xFF, 0x3F,
  0xFF, 0xFF, 0xFF, 0xFF, 0x3F, 0xFF, 0xFF, 0xFF, 0xFF, 0x3F,
};

const unsigned char 1_13_icon[] PROGMEM = {
  0xFF, 0xFF, 0xFF, 0xFF, 0x3F, 0xFF, 0xFF, 0xFF, 0xFF, 0x3F, 0xFF, 0xFF,
  0xFF, 0xFF, 0x3F, 0xFF, 0xFF, 0xFF, 0xFF, 0x3F, 0xFF, 0xFF, 0xFF, 0xFF,
  0x3F, 0xFF, 0xFF, 0xFF, 0xFF, 0x3F, 0xFF, 0xFF, 0xFF, 0xFF, 0x3F, 0xFF,
  0xFF, 0xFF, 0xFF, 0x3F, 0xFF, 0xFF, 0xFF, 0xFF, 0x3F, 0xFF, 0xFC, 0xFF,
  0xCF, 0x3F, 0xFF, 0xFC, 0xFF, 0xCF, 0x3F, 0xFF, 0xFC, 0xFF, 0xCF, 0x3F,
  0x7F, 0xFE, 0xFF, 0x9F, 0x3F, 0x7F, 0xFE, 0xFF, 0x9F, 0x3F, 0x7F, 0xFE,
  0xFF, 0x9F, 0x3F, 0x7F, 0xFE, 0xFF, 0x9F, 0x3F, 0x7F, 0xFE, 0xFF, 0x9F,
  0x3F, 0x7F, 0xFE, 0xFF, 0x9F, 0x3F, 0x7F, 0xFE, 0xFF, 0x9F, 0x3F, 0x7F,
  0xFC, 0xFF, 0x8F, 0x3F, 0xFF, 0xFC, 0xFF, 0xCF, 0x3F, 0xFF, 0xF8, 0xFF,
  0xC7, 0x3F, 0xFF, 0xF9, 0xFF, 0xE7, 0x3F, 0xFF, 0xF1, 0xFF, 0xE3, 0x3F,
  0xFF, 0xE3, 0xFF, 0xF1, 0x3F, 0xFF, 0x87, 0x7F, 0xF8, 0x3F, 0xFF, 0x0F,
  0x0C, 0xFC, 0x3F, 0xFF, 0x3F, 0x00, 0xFF, 0x3F, 0xFF, 0xFF, 0xFF, 0xFF,
  0x3F, 0xFF, 0xFF, 0xFF, 0xFF, 0x3F, 0xFF, 0xFF, 0xFF, 0xFF, 0x3F, 0xFF,
  0xFF, 0xFF, 0xFF, 0x3F, 0xFF, 0xFF, 0xFF, 0xFF, 0x3F, 0xFF, 0xFF, 0xFF,
  0xFF, 0x3F, 0xFF, 0xFF, 0xFF, 0xFF, 0x3F, 0xFF, 0xFF, 0xFF, 0xFF, 0x3F,
  0xFF, 0xFF, 0xFF, 0xFF, 0x3F, 0xFF, 0xFF, 0xFF, 0xFF, 0x3F,
};

const unsigned char 1_14_icon[] PROGMEM = {
  0xFF, 0xFF, 0xFF, 0xFF, 0x3F, 0xFF, 0xFF, 0xFF, 0xFF, 0x3F, 0xFF, 0xFF,
  0xFF, 0xFF, 0x3F, 0xFF, 0xFF, 0xFF, 0xFF, 0x3F, 0xFF, 0xFF, 0xFF, 0xFF,
  0x3F, 0xFF, 0xFF, 0xFF, 0xFF, 0x3F, 0xFF, 0xFF, 0xFF, 0xFF, 0x3F, 0xFF,
  0xFF, 0xFF, 0xFF, 0x3F, 0xFF, 0xFF, 0xFF, 0xFF, 0x3F, 0xFF, 0xF9, 0xFF,
  0xE7, 0x3F, 0xFF, 0xF9, 0xFF, 0xE7, 0x3F, 0xFF, 0xF1, 0xFF, 0xE3, 0x3F,
  0xFF, 0xF3, 0xFF, 0xF3, 0x3F, 0xFF, 0xE3, 0xFF, 0xF1, 0x3F, 0xFF, 0xE7,
  0xFF, 0xF9, 0x3F, 0xFF, 0xC7, 0xFF, 0xF8, 0x3F, 0xFF, 0xCF, 0xFF, 0xFC,
  0x3F, 0xFF, 0x8F, 0x7F, 0xFC, 0x3F, 0xFF, 0x9F, 0x7F, 0xFE, 0x3F, 0xFF,
  0x1F, 0x3F, 0xFE, 0x3F, 0xFF, 0x3F, 0x3F, 0xFF, 0x3F, 0xFF, 0x3F, 0x1E,
  0xFF, 0x3F, 0xFF, 0x7F, 0x9E, 0xFF, 0x3F, 0xFF, 0x7F, 0x8C, 0xFF, 0x3F,
  0xFF, 0xFF, 0xCC, 0xFF, 0x3F, 0xFF, 0xFF, 0xC0, 0xFF, 0x3F, 0xFF, 0xFF,
  0xE1, 0xFF, 0x3F, 0xFF, 0xFF, 0xE1, 0xFF, 0x3F, 0xFF, 0xFF, 0xF3, 0xFF,
  0x3F, 0xFF, 0xFF, 0xF3, 0xFF, 0x3F, 0xFF, 0xFF, 0xFF, 0xFF, 0x3F, 0xFF,
  0xFF, 0xFF, 0xFF, 0x3F, 0xFF, 0xFF, 0xFF, 0xFF, 0x3F, 0xFF, 0xFF, 0xFF,
  0xFF, 0x3F, 0xFF, 0xFF, 0xFF, 0xFF, 0x3F, 0xFF, 0xFF, 0xFF, 0xFF, 0x3F,
  0xFF, 0xFF, 0xFF, 0xFF, 0x3F, 0xFF, 0xFF, 0xFF, 0xFF, 0x3F,
};

const unsigned char 1_15_icon[] PROGMEM = {
  0xFF, 0xFF, 0xFF, 0xFF, 0x3F, 0xFF, 0xFF, 0xFF, 0xFF, 0x3F, 0xFF, 0xFF,
  0xFF, 0xFF, 0x3F, 0xFF, 0xFF, 0xFF, 0xFF, 0x3F, 0xFF, 0xFF, 0xFF, 0xFF,
  0x3F, 0xFF, 0xFF, 0xFF, 0xFF, 0x3F, 0xFF, 0xFF, 0xFF, 0xFF, 0x3F, 0xFF,
  0xFF, 0xFF, 0xFF, 0x3F, 0xFF, 0xFF, 0xFF, 0xFF, 0x3F, 0x3F, 0x9F, 0x7F,
  0x3E, 0x3F, 0x9F, 0x1F, 0x3F, 0x7E, 0x3E, 0x9F, 0x3F, 0x3F, 0x7F, 0x3E,
  0x9F, 0x3F, 0x3F, 0x7F, 0x3E, 0x9F, 0x1F, 0x3F, 0x7E, 0x3E, 0x3F, 0x9F,
  0x7F, 0x3E, 0x3F, 0x3F, 0x84, 0x7F, 0x08, 0x3F, 0x7F, 0xC0, 0xFF, 0x80,
  0x3F, 0xFF, 0xFF, 0xFF, 0xFF, 0x3F, 0xFF, 0xFF, 0xFF, 0xFF, 0x3F, 0xFF,
  0xFF, 0xFF, 0xFF, 0x3F, 0xFF, 0xFF, 0xFF, 0xFF, 0x3F, 0xFF, 0xFF, 0xFF,
  0xFF, 0x3F, 0xFF, 0x3F, 0x3F, 0xFF, 0x3F, 0xFF, 0x3F, 0x3F, 0xFF, 0x3F,
  0xFF, 0x3F, 0x3F, 0xFF, 0x3F, 0xFF, 0x3F, 0x3F, 0xFF, 0x3F, 0xFF, 0x3F,
  0x3F, 0xFF, 0x3F, 0xFF, 0x3F, 0x1E, 0xFF, 0x3F, 0xFF, 0x3F, 0x0C, 0xFF,
  0x3F, 0xFF, 0x7F, 0x80, 0xFF, 0x3F, 0xFF, 0xFF, 0xE1, 0xFF, 0x3F, 0xFF,
  0xFF, 0xFF, 0xFF, 0x3F, 0xFF, 0xFF, 0xFF, 0xFF, 0x3F, 0xFF, 0xFF, 0xFF,
  0xFF, 0x3F, 0xFF, 0xFF, 0xFF, 0xFF, 0x3F, 0xFF, 0xFF, 0xFF, 0xFF, 0x3F,
  0xFF, 0xFF, 0xFF, 0xFF, 0x3F, 0xFF, 0xFF, 0xFF, 0xFF, 0x3F,
};

const unsigned char 1_16_icon[] PROGMEM = {
  0xFF, 0xFF, 0xFF, 0xFF, 0x3F, 0xFF, 0xFF, 0xFF, 0xFF, 0x3F, 0xFF, 0xFF,
  0xFF, 0xFF, 0x3F, 0xFF, 0xFF, 0xFF, 0xFF, 0x3F, 0xFF, 0xFF, 0xFF, 0xFF,
  0x3F, 0xFF, 0xFF, 0xF3, 0xFF, 0x3F, 0xFF, 0xFF, 0xF3, 0xFF, 0x3F, 0xFF,
  0xFF, 0xF3, 0xFF, 0x3F, 0xFF, 0xFF, 0xF3, 0xFF, 0x3F, 0xFF, 0xF9, 0xF3,
  0xE7, 0x3F, 0xFF, 0xF1, 0xF3, 0xE3, 0x3F, 0xFF, 0xE3, 0xF3, 0xF1, 0x3F,
  0xFF, 0xC7, 0xF3, 0xF8, 0x3F, 0xFF, 0x8F, 0x73, 0xFC, 0x3F, 0xFF, 0x1F,
  0x33, 0xFE, 0x3F, 0xFF, 0x3F, 0x12, 0xFF, 0x3F, 0xFF, 0x7F, 0x80, 0xFF,
  0x3F, 0xFF, 0xFF, 0xC0, 0xFF, 0x3F, 0x1F, 0x00, 0x00, 0x00, 0x3E, 0x1F,
  0x00, 0x00, 0x00, 0x3E, 0xFF, 0xFF, 0xC0, 0xFF, 0x3F, 0xFF, 0x7F, 0x80,
  0xFF, 0x3F, 0xFF, 0x3F, 0x12, 0xFF, 0x3F, 0xFF, 0x1F, 0x33, 0xFE, 0x3F,
  0xFF, 0x8F, 0x73, 0xFC, 0x3F, 0xFF, 0xC7, 0xF3, 0xF8, 0x3F, 0xFF, 0xE3,
  0xF3, 0xF1, 0x3F, 0xFF, 0xF1, 0xF3, 0xE3, 0x3F, 0xFF, 0xF9, 0xF3, 0xE7,
  0x3F, 0xFF, 0xFF, 0xF3, 0xFF, 0x3F, 0xFF, 0xFF, 0xF3, 0xFF, 0x3F, 0xFF,
  0xFF, 0xF3, 0xFF, 0x3F, 0xFF, 0xFF, 0xF3, 0xFF, 0x3F, 0xFF, 0xFF, 0xFF,
  0xFF, 0x3F, 0xFF, 0xFF, 0xFF, 0xFF, 0x3F, 0xFF, 0xFF, 0xFF, 0xFF, 0x3F,
  0xFF, 0xFF, 0xFF, 0xFF, 0x3F, 0xFF, 0xFF, 0xFF, 0xFF, 0x3F,
};

const unsigned char 1_2_icon[] PROGMEM = {
  0xFF, 0xFF, 0xFF, 0xFF, 0x3F, 0xFF, 0xFF, 0xFF, 0xFF, 0x3F, 0xFF, 0xFF,
  0xFF, 0xFF, 0x3F, 0xFF, 0xFF, 0xFF, 0xFF, 0x3F, 0xFF, 0xFF, 0xFF, 0xFF,
  0x3F, 0x9F, 0xF3, 0xFF, 0xFF, 0x3F, 0x9F, 0xF3, 0xFF, 0xFF, 0x3F, 0x9F,
  0xF3, 0xFF, 0xFF, 0x3F, 0x9F, 0xF3, 0xFF, 0xFF, 0x3F, 0x9F, 0xE7, 0xFF,
  0xFF, 0x3F, 0x3F, 0xE7, 0xFF, 0xFF, 0x3F, 0x3F, 0xE7, 0xFF, 0xFF, 0x3F,
  0x3F, 0xC7, 0xFF, 0xFF, 0x3F, 0x3F, 0x8F, 0xFF, 0xFF, 0x3F, 0x3F, 0x1F,
  0x00, 0xE0, 0x3F, 0x3F, 0x3F, 0x00, 0x00, 0x3F, 0x3F, 0xFF, 0xFF, 0x0F,
  0x3E, 0x3F, 0xFF, 0xFF, 0x3F, 0x3E, 0x3F, 0xFF, 0xFF, 0x7F, 0x3E, 0x3F,
  0xFF, 0xFF, 0x7F, 0x3E, 0x3F, 0xFF, 0xFF, 0x3F, 0x3E, 0x3F, 0xFF, 0xFF,
  0x0F, 0x3E, 0x3F, 0x3F, 0x00, 0x00, 0x3F, 0x3F, 0x1F, 0x00, 0xE0, 0x3F,
  0x3F, 0x8F, 0xFF, 0xFF, 0x3F, 0x3F, 0xC7, 0xFF, 0xFF, 0x3F, 0x3F, 0xE7,
  0xFF, 0xFF, 0x3F, 0x3F, 0xE7, 0xFF, 0xFF, 0x3F, 0x9F, 0xE7, 0xFF, 0xFF,
  0x3F, 0x9F, 0xF3, 0xFF, 0xFF, 0x3F, 0x9F, 0xF3, 0xFF, 0xFF, 0x3F, 0x9F,
  0xF3, 0xFF, 0xFF, 0x3F, 0x9F, 0xF3, 0xFF, 0xFF, 0x3F, 0xFF, 0xFF, 0xFF,
  0xFF, 0x3F, 0xFF, 0xFF, 0xFF, 0xFF, 0x3F, 0xFF, 0xFF, 0xFF, 0xFF, 0x3F,
  0xFF, 0xFF, 0xFF, 0xFF, 0x3F, 0xFF, 0xFF, 0xFF, 0xFF, 0x3F,
};

const unsigned char 1_3_icon[] PROGMEM = {
  0xFF, 0xFF, 0xFF, 0xFF, 0x3F, 0xFF, 0xFF, 0xFF, 0xFF, 0x3F, 0xFF, 0xFF,
  0xFF, 0xFF, 0x3F, 0xFF, 0xFF, 0xFF, 0xFF, 0x3F, 0xFF, 0xFF, 0xFF, 0xFF,
  0x3F, 0xFF, 0xFF, 0xC0, 0xFF, 0x3F, 0xFF, 0x7F, 0x80, 0xFF, 0x3F, 0xFF,
  0x3F, 0x1E, 0xFF, 0x3F, 0xFF, 0x3F, 0x3F, 0xFF, 0x3F, 0xFF, 0x1F, 0x3F,
  0xFE, 0x3F, 0xFF, 0x9F, 0x7F, 0xFE, 0x3F, 0xFF, 0x9F, 0x7F, 0xFE, 0x3F,
  0xFF, 0x8F, 0x7F, 0xFC, 0x3F, 0xFF, 0xCF, 0xFF, 0xFC, 0x3F, 0xFF, 0xCF,
  0xFF, 0xFC, 0x3F, 0xFF, 0xCF, 0xFF, 0xFC, 0x3F, 0xFF, 0xCF, 0xFF, 0xFC,
  0x3F, 0xFF, 0xCF, 0xFF, 0xFC, 0x3F, 0xFF, 0xE7, 0xFF, 0xF9, 0x3F, 0xFF,
  0xE7, 0xFF, 0xF9, 0x3F, 0xFF, 0xE7, 0xFF, 0xF9, 0x3F, 0xFF, 0xE7, 0xFF,
  0xF9, 0x3F, 0xFF, 0xE7, 0xFF, 0xF9, 0x3F, 0xFF, 0xE7, 0xFF, 0xF9, 0x3F,
  0xFF, 0xE7, 0xFF, 0xF9, 0x3F, 0xFF, 0xE7, 0xFF, 0xF9, 0x3F, 0xFF, 0xE3,
  0xFF, 0xF1, 0x3F, 0xFF, 0xF3, 0xFF, 0xF3, 0x3F, 0xFF, 0xF3, 0xFF, 0xF3,
  0x3F, 0xFF, 0xF1, 0xFF, 0xE3, 0x3F, 0xFF, 0xF8, 0xFF, 0xC7, 0x3F, 0x1F,
  0xF8, 0xFF, 0x07, 0x3E, 0x1F, 0xFE, 0xFF, 0x0F, 0x3E, 0xFF, 0xFF, 0xFF,
  0xFF, 0x3F, 0xFF, 0xFF, 0xFF, 0xFF, 0x3F, 0xFF, 0xFF, 0xFF, 0xFF, 0x3F,
  0xFF, 0xFF, 0xFF, 0xFF, 0x3F, 0xFF, 0xFF, 0xFF, 0xFF, 0x3F,
};

const unsigned char 1_4_icon[] PROGMEM = {
  0xFF, 0xFF, 0xFF, 0xFF, 0x3F, 0xFF, 0xFF, 0xFF, 0xFF, 0x3F, 0xFF, 0xFF,
  0xFF, 0xFF, 0x3F, 0xFF, 0xFF, 0xFF, 0xFF, 0x3F, 0xFF, 0xFF, 0xFF, 0xFF,
  0x3F, 0xFF, 0xFF, 0xFF, 0xFF, 0x3F, 0xFF, 0xFF, 0xFF, 0xFF, 0x3F, 0xFF,
  0xFF, 0xFF, 0xFF, 0x3F, 0xFF, 0xFF, 0xFF, 0xFF, 0x3F, 0xFF, 0xFF, 0xFF,
  0xFF, 0x3F, 0xFF, 0xFF, 0xFF, 0xFF, 0x3F, 0xFF, 0xFF, 0xFF, 0xFF, 0x3F,
  0xFF, 0xFF, 0xFF, 0xFF, 0x3F, 0xFF, 0xFF, 0xFF, 0xFF, 0x3F, 0x9F, 0xFF,
  0xFF, 0x7F, 0x3E, 0x1F, 0xFF, 0xFF, 0x3F, 0x3E, 0x3F, 0xFC, 0xFF, 0x0F,
  0x3F, 0x7F, 0xE0, 0xFF, 0x81, 0x3F, 0x7F, 0x00, 0x00, 0x80, 0x3F, 0x3F,
  0x0E, 0x00, 0x1C, 0x3F, 0x3F, 0x3F, 0x3F, 0x3F, 0x3F, 0x3F, 0x3F, 0x3F,
  0x3F, 0x3F, 0xFF, 0x3F, 0x3F, 0xFF, 0x3F, 0xFF, 0x1F, 0x3F, 0xFE, 0x3F,
  0xFF, 0x9F, 0x7F, 0xFE, 0x3F, 0xFF, 0xFF, 0xFF, 0xFF, 0x3F, 0xFF, 0xFF,
  0xFF, 0xFF, 0x3F, 0xFF, 0xFF, 0xFF, 0xFF, 0x3F, 0xFF, 0xFF, 0xFF, 0xFF,
  0x3F, 0xFF, 0xFF, 0xFF, 0xFF, 0x3F, 0xFF, 0xFF, 0xFF, 0xFF, 0x3F, 0xFF,
  0xFF, 0xFF, 0xFF, 0x3F, 0xFF, 0xFF, 0xFF, 0xFF, 0x3F, 0xFF, 0xFF, 0xFF,
  0xFF, 0x3F, 0xFF, 0xFF, 0xFF, 0xFF, 0x3F, 0xFF, 0xFF, 0xFF, 0xFF, 0x3F,
  0xFF, 0xFF, 0xFF, 0xFF, 0x3F, 0xFF, 0xFF, 0xFF, 0xFF, 0x3F,
};

const unsigned char 1_5_icon[] PROGMEM = {
  0xFF, 0xFF, 0xFF, 0xFF, 0x3F, 0xFF, 0xFF, 0xFF, 0xFF, 0x3F, 0xFF, 0xFF,
  0xFF, 0xFF, 0x3F, 0xFF, 0xFF, 0xFF, 0xFF, 0x3F, 0xFF, 0xFF, 0xFF, 0xFF,
  0x3F, 0xFF, 0xFF, 0xFF, 0xFF, 0x3F, 0xFF, 0x7F, 0x80, 0xFF, 0x3F, 0xFF,
  0x0F, 0x00, 0xFC, 0x3F, 0xFF, 0x87, 0x7F, 0xF8, 0x3F, 0xFF, 0xE1, 0xFF,
  0xE1, 0x3F, 0xFF, 0xE0, 0xFF, 0xC1, 0x3F, 0xFF, 0xC0, 0xFF, 0xC0, 0x3F,
  0x7F, 0x8C, 0x7F, 0x8C, 0x3F, 0x3F, 0x1E, 0x3F, 0x1E, 0x3F, 0x3F, 0x3F,
  0x3F, 0x3F, 0x3F, 0x3F, 0xFF, 0xFF, 0x3F, 0x3F, 0x1F, 0xFF, 0xFF, 0x3F,
  0x3E, 0x9F, 0xFF, 0xFF, 0x7F, 0x3E, 0x9F, 0xFF, 0xFF, 0x7F, 0x3E, 0x9F,
  0xFF, 0xFF, 0x7F, 0x3E, 0x9F, 0xFF, 0xFF, 0x7F, 0x3E, 0x9F, 0xF3, 0xFF,
  0x73, 0x3E, 0x1F, 0xF0, 0xFF, 0x03, 0x3E, 0x1F, 0xF8, 0xFF, 0x07, 0x3E,
  0x1F, 0xFF, 0xFF, 0x3F, 0x3E, 0x1F, 0xFF, 0xFF, 0x3F, 0x3E, 0x3F, 0xFF,
  0xFF, 0x3F, 0x3F, 0x3F, 0xFF, 0xFF, 0x3F, 0x3F, 0x7F, 0xFE, 0xFF, 0x9F,
  0x3F, 0x7F, 0xFC, 0xFF, 0x8F, 0x3F, 0xFF, 0xFC, 0xFF, 0xCF, 0x3F, 0xFF,
  0xFF, 0xFF, 0xFF, 0x3F, 0xFF, 0xFF, 0xFF, 0xFF, 0x3F, 0xFF, 0xFF, 0xFF,
  0xFF, 0x3F, 0xFF, 0xFF, 0xFF, 0xFF, 0x3F, 0xFF, 0xFF, 0xFF, 0xFF, 0x3F,
  0xFF, 0xFF, 0xFF, 0xFF, 0x3F, 0xFF, 0xFF, 0xFF, 0xFF, 0x3F,
};

const unsigned char 1_6_icon[] PROGMEM = {
  0xFF, 0xFF, 0xFF, 0xFF, 0x3F, 0xFF, 0xFF, 0xFF, 0xFF, 0x3F, 0xFF, 0xFF,
  0xFF, 0xFF, 0x3F, 0xFF, 0xFF, 0xFF, 0xFF, 0x3F, 0xFF, 0xFF, 0xFF, 0xFF,
  0x3F, 0xFF, 0xFF, 0xFF, 0xFF, 0x3F, 0xFF, 0xFF, 0xFF, 0xFF, 0x3F, 0xFF,
  0xFF, 0xFF, 0xFF, 0x3F, 0xFF, 0xFF, 0xFF, 0xFF, 0x3F, 0xFF, 0xFF, 0xFF,
  0xFF, 0x3F, 0xFF, 0xFF, 0xFF, 0xFF, 0x3F, 0xFF, 0xFF, 0xFF, 0xFF, 0x3F,
  0xFF, 0xFF, 0xFF, 0xFF, 0x3F, 0xFF, 0xFF, 0xFF, 0xFF, 0x3F, 0xFF, 0x7F,
  0x9E, 0xFF, 0x3F, 0xFF, 0x79, 0x9E, 0xE7, 0x3F, 0xFF, 0x79, 0x9E, 0xE7,
  0x3F, 0xFF, 0x79, 0x9E, 0xE7, 0x3F, 0x1F, 0x00, 0x00, 0x00, 0x3E, 0x1F,
  0x00, 0x00, 0x00, 0x3E, 0xFF, 0x79, 0x9E, 0xE7, 0x3F, 0xFF, 0x79, 0x9E,
  0xE7, 0x3F, 0xFF, 0x79, 0x9E, 0xE7, 0x3F, 0xFF, 0x7F, 0x9E, 0xFF, 0x3F,
  0xFF, 0xFF, 0xFF, 0xFF, 0x3F, 0xFF, 0xFF, 0xFF, 0xFF, 0x3F, 0xFF, 0xFF,
  0xFF, 0xFF, 0x3F, 0xFF, 0xFF, 0xFF, 0xFF, 0x3F, 0xFF, 0xFF, 0xFF, 0xFF,
  0x3F, 0xFF, 0xFF, 0xFF, 0xFF, 0x3F, 0xFF, 0xFF, 0xFF, 0xFF, 0x3F, 0xFF,
  0xFF, 0xFF, 0xFF, 0x3F, 0xFF, 0xFF, 0xFF, 0xFF, 0x3F, 0xFF, 0xFF, 0xFF,
  0xFF, 0x3F, 0xFF, 0xFF, 0xFF, 0xFF, 0x3F, 0xFF, 0xFF, 0xFF, 0xFF, 0x3F,
  0xFF, 0xFF, 0xFF, 0xFF, 0x3F, 0xFF, 0xFF, 0xFF, 0xFF, 0x3F,
};

const unsigned char 1_7_icon[] PROGMEM = {
  0xFF, 0xFF, 0xFF, 0xFF, 0x3F, 0xFF, 0xFF, 0xFF, 0xFF, 0x3F, 0xFF, 0xFF,
  0xFF, 0xFF, 0x3F, 0xFF, 0xFF, 0xFF, 0xFF, 0x3F, 0xFF, 0xFF, 0xF3, 0xFF,
  0x3F, 0xFF, 0xFF, 0xF3, 0xFF, 0x3F, 0xFF, 0xFF, 0xF3, 0xFF, 0x3F, 0xFF,
  0xFF, 0xE1, 0xFF, 0x3F, 0xFF, 0xFF, 0xE1, 0xFF, 0x3F, 0xFF, 0xFF, 0xE1,
  0xFF, 0x3F, 0xFF, 0xFF, 0xE1, 0xFF, 0x3F, 0xFF, 0xFF, 0xCC, 0xFF, 0x3F,
  0xFF, 0xFF, 0xCC, 0xFF, 0x3F, 0xFF, 0xFF, 0xCC, 0xFF, 0x3F, 0xFF, 0x7F,
  0x8C, 0xFF, 0x3F, 0xFF, 0x7F, 0x9E, 0xFF, 0x3F, 0xFF, 0x7F, 0x9E, 0xFF,
  0x3F, 0xFF, 0x7F, 0x9E, 0xFF, 0x3F, 0xFF, 0x3F, 0x3F, 0xFF, 0x3F, 0xFF,
  0x3F, 0x3F, 0xFF, 0x3F, 0xFF, 0x3F, 0x3F, 0xFF, 0x3F, 0xFF, 0x1F, 0x3F,
  0xFE, 0x3F, 0xFF, 0x9F, 0x7F, 0xFE, 0x3F, 0xFF, 0x9F, 0x7F, 0xFE, 0x3F,
  0xFF, 0x9F, 0x7F, 0xFE, 0x3F, 0xFF, 0xCF, 0xFF, 0xFC, 0x3F, 0xFF, 0xCF,
  0xFF, 0xFC, 0x3F, 0xFF, 0xCF, 0xFF, 0xFC, 0x3F, 0xFF, 0xC7, 0xFF, 0xF8,
  0x3F, 0xFF, 0xE7, 0xFF, 0xF9, 0x3F, 0xFF, 0xE7, 0xFF, 0xF9, 0x3F, 0xFF,
  0xE7, 0xFF, 0xF9, 0x3F, 0xFF, 0xF3, 0xFF, 0xF3, 0x3F, 0xFF, 0xFF, 0xFF,
  0xFF, 0x3F, 0xFF, 0xFF, 0xFF, 0xFF, 0x3F, 0xFF, 0xFF, 0xFF, 0xFF, 0x3F,
  0xFF, 0xFF, 0xFF, 0xFF, 0x3F, 0xFF, 0xFF, 0xFF, 0xFF, 0x3F,
};

const unsigned char 1_8_icon[] PROGMEM = {
  0xFF, 0xFF, 0xFF, 0xFF, 0x3F, 0xFF, 0xFF, 0xFF, 0xFF, 0x3F, 0xFF, 0xFF,
  0xFF, 0xFF, 0x3F, 0xFF, 0xFF, 0xFF, 0xFF, 0x3F, 0xFF, 0xFF, 0xFF, 0xFF,
  0x3F, 0xFF, 0xFF, 0xFF, 0xFF, 0x3F, 0xFF, 0xFF, 0xFF, 0xFF, 0x3F, 0xFF,
  0x3F, 0xFE, 0xFF, 0x3F, 0xFF, 0x3F, 0xFC, 0xFF, 0x3F, 0xFF, 0x73, 0xF8,
  0xFF, 0x3F, 0xFF, 0xE1, 0xF0, 0xFF, 0x3F, 0xFF, 0xE1, 0xE1, 0xFF, 0x3F,
  0xFF, 0xE3, 0xC3, 0xFF, 0x3F, 0xFF, 0x3F, 0x86, 0xFF, 0x3F, 0x7F, 0x1E,
  0x0E, 0xFF, 0x3F, 0x7F, 0x1C, 0x1E, 0xFE, 0x3F, 0x7F, 0x18, 0x3E, 0xFC,
  0x3F, 0xFF, 0xF0, 0x61, 0xF8, 0x3F, 0xFF, 0xE1, 0xE1, 0xF0, 0x3F, 0xFF,
  0xC3, 0xE1, 0xE1, 0x3F, 0xFF, 0x87, 0xE1, 0xC3, 0x3F, 0xFF, 0x0F, 0x1F,
  0x86, 0x3F, 0xFF, 0x1F, 0x1E, 0x8E, 0x3F, 0xFF, 0x3F, 0x1C, 0x9E, 0x3F,
  0xFF, 0x7F, 0x18, 0xFF, 0x3F, 0xFF, 0xFF, 0xF0, 0xF1, 0x3F, 0xFF, 0xFF,
  0xE1, 0xE1, 0x3F, 0xFF, 0xFF, 0xC3, 0xE1, 0x3F, 0xFF, 0xFF, 0x87, 0xFB,
  0x3F, 0xFF, 0xFF, 0x0F, 0xFF, 0x3F, 0xFF, 0xFF, 0x1F, 0xFF, 0x3F, 0xFF,
  0xFF, 0xFF, 0xFF, 0x3F, 0xFF, 0xFF, 0xFF, 0xFF, 0x3F, 0xFF, 0xFF, 0xFF,
  0xFF, 0x3F, 0xFF, 0xFF, 0xFF, 0xFF, 0x3F, 0xFF, 0xFF, 0xFF, 0xFF, 0x3F,
  0xFF, 0xFF, 0xFF, 0xFF, 0x3F, 0xFF, 0xFF, 0xFF, 0xFF, 0x3F,
};

const unsigned char 1_9_icon[] PROGMEM = {
  0xFF, 0xFF, 0xFF, 0xFF, 0x3F, 0xFF, 0xFF, 0xFF, 0xFF, 0x3F, 0xFF, 0xFF,
  0xFF, 0xFF, 0x3F, 0xFF, 0xFF, 0xFF, 0xFF, 0x3F, 0xFF, 0xFF, 0xFF, 0xFF,
  0x3F, 0xFF, 0xFF, 0xFF, 0xFF, 0x3F, 0xFF, 0xFF, 0xFF, 0xFF, 0x3F, 0xFF,
  0xFF, 0xFF, 0xFF, 0x3F, 0xFF, 0xFF, 0xFF, 0xFF, 0x3F, 0xFF, 0x3F, 0x00,
  0xFF, 0x3F, 0xFF, 0x03, 0x00, 0xF0, 0x3F, 0xFF, 0xC1, 0xFF, 0xE0, 0x3F,
  0x7F, 0xF8, 0xFF, 0x87, 0x3F, 0x3F, 0xFC, 0xFF, 0x0F, 0x3F, 0x1F, 0xFF,
  0xFF, 0x3F, 0x3E, 0x9F, 0xFF, 0xFF, 0x7F, 0x3E, 0x8F, 0xFF, 0xFF, 0x7F,
  0x3C, 0xCF, 0xFF, 0xFF, 0xFF, 0x3C, 0xCF, 0xFF, 0xFF, 0xFF, 0x3C, 0xCF,
  0xFF, 0xFF, 0xFF, 0x3C, 0xCF, 0xFF, 0xFF, 0xFF, 0x3C, 0x8F, 0xFF, 0xFF,
  0x7F, 0x3C, 0x9F, 0xFF, 0xFF, 0x7F, 0x3E, 0x1F, 0xFF, 0xFF, 0x3F, 0x3E,
  0x3F, 0xFC, 0xFF, 0x0F, 0x3F, 0x7F, 0xF8, 0xFF, 0x87, 0x3F, 0xFF, 0xC1,
  0xFF, 0xE0, 0x3F, 0xFF, 0x03, 0x00, 0xF0, 0x3F, 0xFF, 0x3F, 0x00, 0xFF,
  0x3F, 0xFF, 0xFF, 0xFF, 0xFF, 0x3F, 0xFF, 0xFF, 0xFF, 0xFF, 0x3F, 0xFF,
  0xFF, 0xFF, 0xFF, 0x3F, 0xFF, 0xFF, 0xFF, 0xFF, 0x3F, 0xFF, 0xFF, 0xFF,
  0xFF, 0x3F, 0xFF, 0xFF, 0xFF, 0xFF, 0x3F, 0xFF, 0xFF, 0xFF, 0xFF, 0x3F,
  0xFF, 0xFF, 0xFF, 0xFF, 0x3F, 0xFF, 0xFF, 0xFF, 0xFF, 0x3F,
};

const unsigned char 10_1_icon[] PROGMEM = {
  0xFF, 0xFF, 0xFF, 0xFF, 0x3F, 0xFF, 0xFF, 0xFF, 0xFF, 0x3F, 0xFF, 0xFF,
  0xFF, 0xFF, 0x3F, 0xFF, 0xFF, 0xFF, 0xFF, 0x3F, 0xFF, 0xFF, 0xFF, 0xFF,
  0x3F, 0x9F, 0xFF, 0xFF, 0x7F, 0x3E, 0x1F, 0xFF, 0xFF, 0x3F, 0x3E, 0x3F,
  0xFE, 0xFF, 0x1F, 0x3F, 0x7F, 0xFC, 0xFF, 0x8F, 0x3F, 0xFF, 0xF8, 0xFF,
  0xC7, 0x3F, 0xFF, 0xF1, 0xFF, 0xE3, 0x3F, 0xFF, 0xE3, 0xFF, 0xF1, 0x3F,
  0xFF, 0xC7, 0xFF, 0xF8, 0x3F, 0xFF, 0x8F, 0x7F, 0xFC, 0x3F, 0xFF, 0x1F,
  0x3F, 0xFE, 0x3F, 0xFF, 0x3F, 0x1E, 0xFF, 0x3F, 0xFF, 0x7F, 0x8C, 0xFF,
  0x3F, 0xFF, 0xFF, 0xC0, 0xFF, 0x3F, 0xFF, 0xFF, 0xE1, 0xFF, 0x3F, 0xFF,
  0xFF, 0xE1, 0xFF, 0x3F, 0xFF, 0xFF, 0xC0, 0xFF, 0x3F, 0xFF, 0x7F, 0x8C,
  0xFF, 0x3F, 0xFF, 0x3F, 0x1E, 0xFF, 0x3F, 0xFF, 0x1F, 0x3F, 0xFE, 0x3F,
  0xFF, 0x8F, 0x7F, 0xFC, 0x3F, 0xFF, 0xC7, 0xFF, 0xF8, 0x3F, 0xFF, 0xE3,
  0xFF, 0xF1, 0x3F, 0xFF, 0xF1, 0xFF, 0xE3, 0x3F, 0xFF, 0xF8, 0xFF, 0xC7,
  0x3F, 0x7F, 0xFC, 0xFF, 0x8F, 0x3F, 0x3F, 0xFE, 0xFF, 0x1F, 0x3F, 0x1F,
  0xFF, 0xFF, 0x3F, 0x3E, 0x9F, 0xFF, 0xFF, 0x7F, 0x3E, 0xFF, 0xFF, 0xFF,
  0xFF, 0x3F, 0xFF, 0xFF, 0xFF, 0xFF, 0x3F, 0xFF, 0xFF, 0xFF, 0xFF, 0x3F,
  0xFF, 0xFF, 0xFF, 0xFF, 0x3F, 0xFF, 0xFF, 0xFF, 0xFF, 0x3F,
};

const unsigned char 10_2_icon[] PROGMEM = {
  0xFF, 0xFF, 0xFF, 0xFF, 0x3F, 0xFF, 0xFF, 0xFF, 0xFF, 0x3F, 0xFF, 0xFF,
  0xFF, 0xFF, 0x3F, 0xFF, 0xFF, 0xFF, 0xFF, 0x3F, 0xFF, 0xFF, 0xFF, 0xFF,
  0x3F, 0xFF, 0xFC, 0xFF, 0xCF, 0x3F, 0xFF, 0xF8, 0xFF, 0xC7, 0x3F, 0xFF,
  0xF9, 0xFF, 0xE7, 0x3F, 0xFF, 0xF1, 0xFF, 0xE3, 0x3F, 0xFF, 0xE3, 0xFF,
  0xF1, 0x3F, 0xFF, 0xC7, 0xFF, 0xF8, 0x3F, 0xFF, 0x8F, 0x7F, 0xFC, 0x3F,
  0xFF, 0x8F, 0x7F, 0xFC, 0x3F, 0xFF, 0x1F, 0x3F, 0xFE, 0x3F, 0xFF, 0x3F,
  0x1E, 0xFF, 0x3F, 0xFF, 0x7F, 0x8C, 0xFF, 0x3F, 0xFF, 0xFF, 0xCC, 0xFF,
  0x3F, 0xFF, 0xFF, 0xC0, 0xFF, 0x3F, 0xFF, 0xFF, 0xE1, 0xFF, 0x3F, 0xFF,
  0xFF, 0xF1, 0xFF, 0x3F, 0xFF, 0xFF, 0xF8, 0xFF, 0x3F, 0xFF, 0xFF, 0xFC,
  0xFF, 0x3F, 0xFF, 0x7F, 0xFC, 0xFF, 0x3F, 0xFF, 0x3F, 0xFE, 0xFF, 0x3F,
  0xFF, 0x1F, 0xFF, 0xFF, 0x3F, 0xFF, 0x8F, 0xFF, 0xFF, 0x3F, 0xFF, 0x8F,
  0xFF, 0xFF, 0x3F, 0xFF, 0xC7, 0xFF, 0xFF, 0x3F, 0xFF, 0xE3, 0xFF, 0xFF,
  0x3F, 0xFF, 0xF1, 0xFF, 0xFF, 0x3F, 0xFF, 0xF9, 0xFF, 0xFF, 0x3F, 0xFF,
  0xF8, 0xFF, 0xFF, 0x3F, 0xFF, 0xFC, 0xFF, 0xFF, 0x3F, 0xFF, 0xFF, 0xFF,
  0xFF, 0x3F, 0xFF, 0xFF, 0xFF, 0xFF, 0x3F, 0xFF, 0xFF, 0xFF, 0xFF, 0x3F,
  0xFF, 0xFF, 0xFF, 0xFF, 0x3F, 0xFF, 0xFF, 0xFF, 0xFF, 0x3F,
};

const unsigned char 11_1_icon[] PROGMEM = {
  0xFF, 0xFF, 0xFF, 0xFF, 0x3F, 0xFF, 0xFF, 0xFF, 0xFF, 0x3F, 0xFF, 0xFF,
  0xFF, 0xFF, 0x3F, 0xFF, 0xFF, 0xFF, 0xFF, 0x3F, 0xFF, 0xFF, 0xFF, 0xFF,
  0x3F, 0xFF, 0xFF, 0xFF, 0xFC, 0x3F, 0xFF, 0xFF, 0x7F, 0xFC, 0x3F, 0xFF,
  0xFF, 0x1F, 0xFE, 0x3F, 0xFF, 0xFF, 0x0F, 0xFF, 0x3F, 0xFF, 0xFF, 0x87,
  0xFF, 0x3F, 0xFF, 0xFF, 0xE3, 0xFF, 0x3F, 0xFF, 0xFF, 0xF0, 0xFF, 0x3F,
  0xFF, 0x7F, 0xF8, 0xFF, 0x3F, 0xFF, 0x3F, 0xFE, 0xFF, 0x3F, 0xFF, 0x1F,
  0xFF, 0xFF, 0x3F, 0xFF, 0x8F, 0xFF, 0xFF, 0x3F, 0xFF, 0xC7, 0xFF, 0xFF,
  0x3F, 0xFF, 0xE7, 0xFF, 0xFF, 0x3F, 0xFF, 0xE3, 0xFF, 0xFF, 0x3F, 0xFF,
  0xE3, 0xFF, 0xFF, 0x3F, 0xFF, 0xE7, 0xFF, 0xFF, 0x3F, 0xFF, 0xC7, 0xFF,
  0xFF, 0x3F, 0xFF, 0x8F, 0xFF, 0xFF, 0x3F, 0xFF, 0x1F, 0xFF, 0xFF, 0x3F,
  0xFF, 0x3F, 0xFE, 0xFF, 0x3F, 0xFF, 0x7F, 0xF8, 0xFF, 0x3F, 0xFF, 0xFF,
  0xF0, 0xFF, 0x3F, 0xFF, 0xFF, 0xE3, 0xFF, 0x3F, 0xFF, 0xFF, 0x87, 0xFF,
  0x3F, 0xFF, 0xFF, 0x0F, 0xFF, 0x3F, 0xFF, 0xFF, 0x3F, 0xFE, 0x3F, 0xFF,
  0xFF, 0x7F, 0xFC, 0x3F, 0xFF, 0xFF, 0xFF, 0xFC, 0x3F, 0xFF, 0xFF, 0xFF,
  0xFF, 0x3F, 0xFF, 0xFF, 0xFF, 0xFF, 0x3F, 0xFF, 0xFF, 0xFF, 0xFF, 0x3F,
  0xFF, 0xFF, 0xFF, 0xFF, 0x3F, 0xFF, 0xFF, 0xFF, 0xFF, 0x3F,
};

const unsigned char 12_10_icon[] PROGMEM = {
  0xFF, 0xFF, 0xFF, 0xFF, 0x3F, 0xFF, 0xFF, 0xFF, 0xFF, 0x3F, 0xFF, 0xFF,
  0xFF, 0xFF, 0x3F, 0xFF, 0xFF, 0xFF, 0xFF, 0x3F, 0xFF, 0xFF, 0xFF, 0xFF,
  0x3F, 0xFF, 0xFF, 0xFF, 0xFF, 0x3F, 0xFF, 0xFF, 0xE1, 0xFF, 0x3F, 0xFF,
  0xFF, 0xC0, 0xFF, 0x3F, 0xFF, 0xFF, 0xC0, 0xFF, 0x3F, 0xFF, 0xFF, 0xC0,
  0xFF, 0x3F, 0xFF, 0xFF, 0xC0, 0xFF, 0x3F, 0xFF, 0xFF, 0xE1, 0xFF, 0x3F,
  0xFF, 0xFF, 0xFF, 0xFF, 0x3F, 0xFF, 0x1F, 0x00, 0xFE, 0x3F, 0xFF, 0x1F,
  0x00, 0xFE, 0x3F, 0xFF, 0x9F, 0x7F, 0xFE, 0x3F, 0xFF, 0x9F, 0x7F, 0xFE,
  0x3F, 0xFF, 0x9F, 0x7F, 0xFE, 0x3F, 0xFF, 0x9F, 0x7F, 0xFE, 0x3F, 0xFF,
  0x9F, 0x7F, 0xFE, 0x3F, 0xFF, 0x9F, 0x7F, 0xFE, 0x3F, 0xFF, 0x9F, 0x7F,
  0xFE, 0x3F, 0xFF, 0x9F, 0x7F, 0xFE, 0x3F, 0xFF, 0x9F, 0x7F, 0xFE, 0x3F,
  0xFF, 0x9F, 0x7F, 0xFE, 0x3F, 0xFF, 0x9F, 0x7F, 0xFE, 0x3F, 0xFF, 0x9F,
  0x7F, 0xFE, 0x3F, 0xFF, 0x9F, 0x7F, 0xFE, 0x3F, 0xFF, 0x9F, 0x7F, 0xFE,
  0x3F, 0xFF, 0x9F, 0x7F, 0xFE, 0x3F, 0xFF, 0x9F, 0x7F, 0xFE, 0x3F, 0xFF,
  0xFF, 0xFF, 0xFF, 0x3F, 0xFF, 0xFF, 0xFF, 0xFF, 0x3F, 0xFF, 0xFF, 0xFF,
  0xFF, 0x3F, 0xFF, 0xFF, 0xFF, 0xFF, 0x3F, 0xFF, 0xFF, 0xFF, 0xFF, 0x3F,
  0xFF, 0xFF, 0xFF, 0xFF, 0x3F, 0xFF, 0xFF, 0xFF, 0xFF, 0x3F,
};

const unsigned char 12_11_icon[] PROGMEM = {
  0xFF, 0xFF, 0xFF, 0xFF, 0x3F, 0xFF, 0xFF, 0xFF, 0xFF, 0x3F, 0xFF, 0xFF,
  0xFF, 0xFF, 0x3F, 0xFF, 0xFF, 0xFF, 0xFF, 0x3F, 0xFF, 0xFF, 0xFF, 0xFF,
  0x3F, 0xFF, 0xFF, 0xFF, 0xFF, 0x3F, 0xFF, 0xFF, 0xFF, 0xFF, 0x3F, 0xFF,
  0xCF, 0xFF, 0xFF, 0x3F, 0xFF, 0xCF, 0xFF, 0xFF, 0x3F, 0xFF, 0xCF, 0xFF,
  0xFF, 0x3F, 0xFF, 0xCF, 0xFF, 0xFF, 0x3F, 0xFF, 0xCF, 0xFF, 0xFF, 0x3F,
  0xFF, 0xCF, 0xFF, 0xFF, 0x3F, 0xFF, 0xCF, 0xFF, 0xFF, 0x3F, 0xFF, 0xCF,
  0xFF, 0xFF, 0x3F, 0xFF, 0xCF, 0xFF, 0xFF, 0x3F, 0xFF, 0xCF, 0xFF, 0xFF,
  0x3F, 0xFF, 0xCF, 0xFF, 0xFF, 0x3F, 0xFF, 0xCF, 0xFF, 0xFF, 0x3F, 0xFF,
  0xCF, 0xFF, 0xFF, 0x3F, 0xFF, 0xCF, 0xFF, 0xFF, 0x3F, 0xFF, 0xCF, 0xFF,
  0xFF, 0x3F, 0xFF, 0xCF, 0xE1, 0xFF, 0x3F, 0xFF, 0xCF, 0xC0, 0xFF, 0x3F,
  0xFF, 0xCF, 0xC0, 0xFF, 0x3F, 0xFF, 0xCF, 0xC0, 0xFF, 0x3F, 0xFF, 0xCF,
  0xE1, 0xFF, 0x3F, 0xFF, 0xCF, 0xF3, 0xFF, 0x3F, 0xFF, 0xCF, 0xFF, 0xFF,
  0x3F, 0xFF, 0x0F, 0x00, 0xFE, 0x3F, 0xFF, 0x0F, 0x00, 0xFE, 0x3F, 0xFF,
  0xFF, 0xFF, 0xFF, 0x3F, 0xFF, 0xFF, 0xFF, 0xFF, 0x3F, 0xFF, 0xFF, 0xFF,
  0xFF, 0x3F, 0xFF, 0xFF, 0xFF, 0xFF, 0x3F, 0xFF, 0xFF, 0xFF, 0xFF, 0x3F,
  0xFF, 0xFF, 0xFF, 0xFF, 0x3F, 0xFF, 0xFF, 0xFF, 0xFF, 0x3F,
};

const unsigned char 12_12E_icon[] PROGMEM = {
  0xFF, 0xFF, 0xFF, 0xFF, 0x3F, 0xFF, 0xFF, 0xFF, 0xFF, 0x3F, 0xFF, 0xFF,
  0xFF, 0xFF, 0x3F, 0xFF, 0xFF, 0xFF, 0xFF, 0x3F, 0xFF, 0xFF, 0xFF, 0xFF,
  0x3F, 0xFF, 0xFF, 0xFF, 0xFF, 0x3F, 0xFF, 0xFF, 0xFF, 0xFF, 0x3F, 0xFF,
  0xFF, 0xFF, 0xFF, 0x3F, 0xFF, 0xFF, 0xFF, 0xFF, 0x3F, 0xFF, 0x03, 0xF8,
  0xFF, 0x3F, 0xFF, 0x00, 0xE0, 0xFF, 0x3F, 0x7F, 0xF8, 0xC3, 0xFF, 0x3F,
  0x3F, 0xFE, 0x87, 0xFF, 0x3F, 0x1F, 0xFF, 0x9F, 0xFF, 0x3F, 0x9F, 0xFF,
  0x1F, 0xFF, 0x3F, 0x8F, 0xFF, 0x3F, 0xEF, 0x3F, 0xCF, 0xFF, 0x3F, 0xEF,
  0x3F, 0xCF, 0xFF, 0x7F, 0xEE, 0x3F, 0xCF, 0xFF, 0x7F, 0xEE, 0x3F, 0xCF,
  0xFF, 0x7F, 0xEE, 0x3F, 0xCF, 0xFF, 0x7F, 0xEE, 0x3F, 0xCF, 0xFF, 0x3F,
  0xEF, 0x3F, 0x8F, 0xFF, 0x3F, 0x0F, 0x3C, 0x9F, 0xFF, 0x1F, 0x0F, 0x3C,
  0x1F, 0xFF, 0x8F, 0xFF, 0x3F, 0x3F, 0xFE, 0x87, 0xFF, 0x3F, 0x7F, 0xF8,
  0xC3, 0xFF, 0x3F, 0xFF, 0x00, 0xE0, 0xFF, 0x3F, 0xFF, 0x03, 0xF8, 0xFF,
  0x3F, 0xFF, 0xFF, 0xFF, 0xFF, 0x3F, 0xFF, 0xFF, 0xFF, 0xFF, 0x3F, 0xFF,
  0xFF, 0xFF, 0xFF, 0x3F, 0xFF, 0xFF, 0xFF, 0xFF, 0x3F, 0xFF, 0xFF, 0xFF,
  0xFF, 0x3F, 0xFF, 0xFF, 0xFF, 0xFF, 0x3F, 0xFF, 0xFF, 0xFF, 0xFF, 0x3F,
  0xFF, 0xFF, 0xFF, 0xFF, 0x3F, 0xFF, 0xFF, 0xFF, 0xFF, 0x3F,
};

const unsigned char 12_12N_icon[] PROGMEM = {
  0xFF, 0xFF, 0xFF, 0xFF, 0x3F, 0xFF, 0xFF, 0xFF, 0xFF, 0x3F, 0xFF, 0xFF,
  0xFF, 0xFF, 0x3F, 0xFF, 0xFF, 0xFC, 0xFF, 0x3F, 0xFF, 0xFF, 0xFC, 0xFF,
  0x3F, 0xFF, 0xFF, 0xFC, 0xFF, 0x3F, 0xFF, 0xFF, 0xFC, 0xFF, 0x3F, 0xFF,
  0xFF, 0xFC, 0xFF, 0x3F, 0xFF, 0xFF, 0xFC, 0xFF, 0x3F, 0xFF, 0xFF, 0xFC,
  0xFF, 0x3F, 0xFF, 0xFF, 0xC0, 0xFF, 0x3F, 0xFF, 0xFF, 0xC0, 0xFF, 0x3F,
  0xFF, 0xFF, 0xFF, 0xFF, 0x3F, 0xFF, 0xFF, 0xFF, 0xFF, 0x3F, 0xFF, 0xFF,
  0xC0, 0xFF, 0x3F, 0xFF, 0x3F, 0x00, 0xFF, 0x3F, 0xFF, 0x0F, 0x1E, 0xFC,
  0x3F, 0xFF, 0x87, 0x7F, 0xF8, 0x3F, 0xFF, 0xE3, 0xFF, 0xF1, 0x3F, 0xFF,
  0xF3, 0xFF, 0xF1, 0x3F, 0xFF, 0xF1, 0xFF, 0xE3, 0x3F, 0xFF, 0xF9, 0xFF,
  0xE7, 0x3F, 0xFF, 0xF9, 0xFF, 0xE7, 0x3F, 0xFF, 0xF9, 0xFF, 0xE7, 0x3F,
  0xFF, 0xF9, 0xFF, 0xE7, 0x3F, 0xFF, 0xF9, 0xFF, 0xE7, 0x3F, 0xFF, 0xF9,
  0xFF, 0xE7, 0x3F, 0xFF, 0xF9, 0xFF, 0xE7, 0x3F, 0xFF, 0xF1, 0xFF, 0xE3,
  0x3F, 0xFF, 0xF3, 0xFF, 0xF3, 0x3F, 0xFF, 0xE3, 0xFF, 0xF1, 0x3F, 0xFF,
  0xC7, 0xFF, 0xF8, 0x3F, 0xFF, 0x0F, 0x3F, 0xFC, 0x3F, 0xFF, 0x1F, 0x00,
  0xFE, 0x3F, 0xFF, 0x7F, 0x80, 0xFF, 0x3F, 0xFF, 0xFF, 0xFF, 0xFF, 0x3F,
  0xFF, 0xFF, 0xFF, 0xFF, 0x3F, 0xFF, 0xFF, 0xFF, 0xFF, 0x3F,
};

const unsigned char 12_12NE_icon[] PROGMEM = {
  0xFF, 0xFF, 0xFF, 0xFF, 0x3F, 0xFF, 0xFF, 0xFF, 0xFF, 0x3F, 0xFF, 0xFF,
  0xFF, 0xFF, 0x3F, 0xFF, 0xFF, 0xFF, 0xFF, 0x3F, 0xFF, 0xFF, 0xFF, 0xFF,
  0x3F, 0xFF, 0xFF, 0xFF, 0xF3, 0x3F, 0xFF, 0xFF, 0xFF, 0xF3, 0x3F, 0xFF,
  0xFF, 0xFF, 0xF3, 0x3F, 0xFF, 0xFF, 0xFF, 0xF3, 0x3F, 0xFF, 0xFF, 0xFF,
  0xF3, 0x3F, 0xFF, 0xFF, 0xFF, 0xF3, 0x3F, 0xFF, 0xFF, 0xFF, 0xF3, 0x3F,
  0xFF, 0x1F, 0xFE, 0x03, 0x3F, 0xFF, 0x03, 0xF0, 0x03, 0x3F, 0xFF, 0xC1,
  0xC1, 0xFF, 0x3F, 0x7F, 0xF8, 0x87, 0xFF, 0x3F, 0x7F, 0xFC, 0x1F, 0xFF,
  0x3F, 0x3F, 0xFE, 0x3F, 0xFF, 0x3F, 0x3F, 0xFF, 0x3F, 0xFE, 0x3F, 0x9F,
  0xFF, 0x7F, 0xFE, 0x3F, 0x9F, 0xFF, 0x7F, 0xFE, 0x3F, 0x9F, 0xFF, 0xFF,
  0xFC, 0x3F, 0x9F, 0xFF, 0xFF, 0xFC, 0x3F, 0x9F, 0xFF, 0xFF, 0xFC, 0x3F,
  0x9F, 0xFF, 0x7F, 0xFC, 0x3F, 0x9F, 0xFF, 0x7F, 0xFE, 0x3F, 0x1F, 0xFF,
  0x7F, 0xFE, 0x3F, 0x3F, 0xFF, 0x3F, 0xFE, 0x3F, 0x3F, 0xFE, 0x1F, 0xFF,
  0x3F, 0x7F, 0xFC, 0x8F, 0xFF, 0x3F, 0xFF, 0xF0, 0xC7, 0xFF, 0x3F, 0xFF,
  0x01, 0xE0, 0xFF, 0x3F, 0xFF, 0x07, 0xF8, 0xFF, 0x3F, 0xFF, 0xFF, 0xFF,
  0xFF, 0x3F, 0xFF, 0xFF, 0xFF, 0xFF, 0x3F, 0xFF, 0xFF, 0xFF, 0xFF, 0x3F,
  0xFF, 0xFF, 0xFF, 0xFF, 0x3F, 0xFF, 0xFF, 0xFF, 0xFF, 0x3F,
};

const unsigned char 12_12NW_icon[] PROGMEM = {
  0xFF, 0xFF, 0xFF, 0xFF, 0x3F, 0xFF, 0xFF, 0xFF, 0xFF, 0x3F, 0xFF, 0xFF,
  0xFF, 0xFF, 0x3F, 0xFF, 0xFF, 0xFF, 0xFF, 0x3F, 0xFF, 0xFF, 0xFF, 0xFF,
  0x3F, 0x3F, 0xFF, 0xFF, 0xFF, 0x3F, 0x3F, 0xFF, 0xFF, 0xFF, 0x3F, 0x3F,
  0xFF, 0xFF, 0xFF, 0x3F, 0x3F, 0xFF, 0xFF, 0xFF, 0x3F, 0x3F, 0xFF, 0xFF,
  0xFF, 0x3F, 0x3F, 0xFF, 0xFF, 0xFF, 0x3F, 0x3F, 0xFF, 0xFF, 0xFF, 0x3F,
  0x3F, 0xF0, 0x1F, 0xFE, 0x3F, 0x3F, 0xF0, 0x03, 0xF0, 0x3F, 0xFF, 0xFF,
  0xE0, 0xE0, 0x3F, 0xFF, 0x7F, 0xF8, 0x87, 0x3F, 0xFF, 0x3F, 0xFE, 0x8F,
  0x3F, 0xFF, 0x3F, 0xFF, 0x1F, 0x3F, 0xFF, 0x1F, 0xFF, 0x3F, 0x3F, 0xFF,
  0x9F, 0xFF, 0x7F, 0x3E, 0xFF, 0x9F, 0xFF, 0x7F, 0x3E, 0xFF, 0xCF, 0xFF,
  0x7F, 0x3E, 0xFF, 0xCF, 0xFF, 0x7F, 0x3E, 0xFF, 0xCF, 0xFF, 0x7F, 0x3E,
  0xFF, 0x8F, 0xFF, 0x7F, 0x3E, 0xFF, 0x9F, 0xFF, 0x7F, 0x3E, 0xFF, 0x9F,
  0xFF, 0x3F, 0x3E, 0xFF, 0x1F, 0xFF, 0x3F, 0x3F, 0xFF, 0x3F, 0xFE, 0x1F,
  0x3F, 0xFF, 0x7F, 0xFC, 0x8F, 0x3F, 0xFF, 0x7F, 0xF8, 0xC3, 0x3F, 0xFF,
  0xFF, 0x01, 0xE0, 0x3F, 0xFF, 0xFF, 0x07, 0xF8, 0x3F, 0xFF, 0xFF, 0xFF,
  0xFF, 0x3F, 0xFF, 0xFF, 0xFF, 0xFF, 0x3F, 0xFF, 0xFF, 0xFF, 0xFF, 0x3F,
  0xFF, 0xFF, 0xFF, 0xFF, 0x3F, 0xFF, 0xFF, 0xFF, 0xFF, 0x3F,
};

const unsigned char 12_12S_icon[] PROGMEM = {
  0xFF, 0xFF, 0xFF, 0xFF, 0x3F, 0xFF, 0xFF, 0xFF, 0xFF, 0x3F, 0xFF, 0xFF,
  0xFF, 0xFF, 0x3F, 0xFF, 0x7F, 0x80, 0xFF, 0x3F, 0xFF, 0x1F, 0x00, 0xFE,
  0x3F, 0xFF, 0x0F, 0x3F, 0xFC, 0x3F, 0xFF, 0xC7, 0xFF, 0xF8, 0x3F, 0xFF,
  0xE3, 0xFF, 0xF1, 0x3F, 0xFF, 0xF3, 0xFF, 0xF3, 0x3F, 0xFF, 0xF1, 0xFF,
  0xE3, 0x3F, 0xFF, 0xF9, 0xFF, 0xE7, 0x3F, 0xFF, 0xF9, 0xFF, 0xE7, 0x3F,
  0xFF, 0xF9, 0xFF, 0xE7, 0x3F, 0xFF, 0xF9, 0xFF, 0xE7, 0x3F, 0xFF, 0xF9,
  0xFF, 0xE7, 0x3F, 0xFF, 0xF9, 0xFF, 0xE7, 0x3F, 0xFF, 0xF9, 0xFF, 0xE7,
  0x3F, 0xFF, 0xF1, 0xFF, 0xE3, 0x3F, 0xFF, 0xF3, 0xFF, 0xF1, 0x3F, 0xFF,
  0xE3, 0xFF, 0xF1, 0x3F, 0xFF, 0x87, 0x7F, 0xF8, 0x3F, 0xFF, 0x0F, 0x1E,
  0xFC, 0x3F, 0xFF, 0x3F, 0x00, 0xFF, 0x3F, 0xFF, 0xFF, 0xC0, 0xFF, 0x3F,
  0xFF, 0xFF, 0xFF, 0xFF, 0x3F, 0xFF, 0xFF, 0xFF, 0xFF, 0x3F, 0xFF, 0xFF,
  0xFC, 0xFF, 0x3F, 0xFF, 0xFF, 0xFC, 0xFF, 0x3F, 0xFF, 0xFF, 0xFC, 0xFF,
  0x3F, 0xFF, 0xFF, 0xFC, 0xFF, 0x3F, 0xFF, 0xFF, 0xFC, 0xFF, 0x3F, 0xFF,
  0xFF, 0xFC, 0xFF, 0x3F, 0xFF, 0xFF, 0xFC, 0xFF, 0x3F, 0xFF, 0xFF, 0xC0,
  0xFF, 0x3F, 0xFF, 0xFF, 0xC0, 0xFF, 0x3F, 0xFF, 0xFF, 0xFF, 0xFF, 0x3F,
  0xFF, 0xFF, 0xFF, 0xFF, 0x3F, 0xFF, 0xFF, 0xFF, 0xFF, 0x3F,
};

const unsigned char 12_12SE_icon[] PROGMEM = {
  0xFF, 0xFF, 0xFF, 0xFF, 0x3F, 0xFF, 0xFF, 0xFF, 0xFF, 0x3F, 0xFF, 0xFF,
  0xFF, 0xFF, 0x3F, 0xFF, 0xFF, 0xFF, 0xFF, 0x3F, 0xFF, 0xFF, 0xFF, 0xFF,
  0x3F, 0xFF, 0x07, 0xF8, 0xFF, 0x3F, 0xFF, 0x01, 0xE0, 0xFF, 0x3F, 0xFF,
  0xF0, 0x87, 0xFF, 0x3F, 0x7F, 0xFC, 0x8F, 0xFF, 0x3F, 0x3F, 0xFE, 0x1F,
  0xFF, 0x3F, 0x3F, 0xFF, 0x3F, 0xFE, 0x3F, 0x1F, 0xFF, 0x7F, 0xFE, 0x3F,
  0x9F, 0xFF, 0x7F, 0xFE, 0x3F, 0x9F, 0xFF, 0x7F, 0xFC, 0x3F, 0x9F, 0xFF,
  0xFF, 0xFC, 0x3F, 0x9F, 0xFF, 0xFF, 0xFC, 0x3F, 0x9F, 0xFF, 0xFF, 0xFC,
  0x3F, 0x9F, 0xFF, 0x7F, 0xFE, 0x3F, 0x9F, 0xFF, 0x7F, 0xFE, 0x3F, 0x3F,
  0xFF, 0x3F, 0xFE, 0x3F, 0x3F, 0xFE, 0x3F, 0xFF, 0x3F, 0x7F, 0xFC, 0x1F,
  0xFF, 0x3F, 0x7F, 0xF8, 0x87, 0xFF, 0x3F, 0xFF, 0xC1, 0xC1, 0xFF, 0x3F,
  0xFF, 0x03, 0xF0, 0xF3, 0x3F, 0xFF, 0x1F, 0xFE, 0xF3, 0x3F, 0xFF, 0xFF,
  0xFF, 0xF3, 0x3F, 0xFF, 0xFF, 0xFF, 0xF3, 0x3F, 0xFF, 0xFF, 0xFF, 0xF3,
  0x3F, 0xFF, 0xFF, 0xFF, 0xF3, 0x3F, 0xFF, 0xFF, 0xFF, 0xF3, 0x3F, 0xFF,
  0xFF, 0xFF, 0x03, 0x3F, 0xFF, 0xFF, 0xFF, 0x03, 0x3F, 0xFF, 0xFF, 0xFF,
  0xFF, 0x3F, 0xFF, 0xFF, 0xFF, 0xFF, 0x3F, 0xFF, 0xFF, 0xFF, 0xFF, 0x3F,
  0xFF, 0xFF, 0xFF, 0xFF, 0x3F, 0xFF, 0xFF, 0xFF, 0xFF, 0x3F,
};

const unsigned char 12_12SW_icon[] PROGMEM = {
  0xFF, 0xFF, 0xFF, 0xFF, 0x3F, 0xFF, 0xFF, 0xFF, 0xFF, 0x3F, 0xFF, 0xFF,
  0xFF, 0xFF, 0x3F, 0xFF, 0xFF, 0xFF, 0xFF, 0x3F, 0xFF, 0xFF, 0xFF, 0xFF,
  0x3F, 0xFF, 0xFF, 0x07, 0xF8, 0x3F, 0xFF, 0xFF, 0x01, 0xE0, 0x3F, 0xFF,
  0x7F, 0xF8, 0xC3, 0x3F, 0xFF, 0x7F, 0xFC, 0x8F, 0x3F, 0xFF, 0x3F, 0xFE,
  0x1F, 0x3F, 0xFF, 0x1F, 0xFF, 0x3F, 0x3F, 0xFF, 0x9F, 0xFF, 0x3F, 0x3E,
  0xFF, 0x9F, 0xFF, 0x7F, 0x3E, 0xFF, 0x8F, 0xFF, 0x7F, 0x3E, 0xFF, 0xCF,
  0xFF, 0x7F, 0x3E, 0xFF, 0xCF, 0xFF, 0x7F, 0x3E, 0xFF, 0xCF, 0xFF, 0x7F,
  0x3E, 0xFF, 0x9F, 0xFF, 0x7F, 0x3E, 0xFF, 0x9F, 0xFF, 0x7F, 0x3E, 0xFF,
  0x1F, 0xFF, 0x3F, 0x3F, 0xFF, 0x3F, 0xFF, 0x1F, 0x3F, 0xFF, 0x3F, 0xFE,
  0x8F, 0x3F, 0xFF, 0x7F, 0xF8, 0x87, 0x3F, 0xFF, 0xFF, 0xE0, 0xE0, 0x3F,
  0x3F, 0xFF, 0x03, 0xF0, 0x3F, 0x3F, 0xFF, 0x1F, 0xFE, 0x3F, 0x3F, 0xFF,
  0xFF, 0xFF, 0x3F, 0x3F, 0xFF, 0xFF, 0xFF, 0x3F, 0x3F, 0xFF, 0xFF, 0xFF,
  0x3F, 0x3F, 0xFF, 0xFF, 0xFF, 0x3F, 0x3F, 0xFF, 0xFF, 0xFF, 0x3F, 0x3F,
  0xF0, 0xFF, 0xFF, 0x3F, 0x3F, 0xF0, 0xFF, 0xFF, 0x3F, 0xFF, 0xFF, 0xFF,
  0xFF, 0x3F, 0xFF, 0xFF, 0xFF, 0xFF, 0x3F, 0xFF, 0xFF, 0xFF, 0xFF, 0x3F,
  0xFF, 0xFF, 0xFF, 0xFF, 0x3F, 0xFF, 0xFF, 0xFF, 0xFF, 0x3F,
};

const unsigned char 12_12W_icon[] PROGMEM = {
  0xFF, 0xFF, 0xFF, 0xFF, 0x3F, 0xFF, 0xFF, 0xFF, 0xFF, 0x3F, 0xFF, 0xFF,
  0xFF, 0xFF, 0x3F, 0xFF, 0xFF, 0xFF, 0xFF, 0x3F, 0xFF, 0xFF, 0xFF, 0xFF,
  0x3F, 0xFF, 0xFF, 0xFF, 0xFF, 0x3F, 0xFF, 0xFF, 0xFF, 0xFF, 0x3F, 0xFF,
  0xFF, 0xFF, 0xFF, 0x3F, 0xFF, 0xFF, 0xFF, 0xFF, 0x3F, 0xFF, 0xFF, 0x07,
  0xF0, 0x3F, 0xFF, 0xFF, 0x01, 0xC0, 0x3F, 0xFF, 0xFF, 0xF0, 0x87, 0x3F,
  0xFF, 0x7F, 0xF8, 0x1F, 0x3F, 0xFF, 0x7F, 0xFE, 0x3F, 0x3E, 0xFF, 0x3F,
  0xFE, 0x7F, 0x3E, 0xCF, 0x3F, 0xFF, 0x7F, 0x3C, 0xCF, 0x3F, 0xFF, 0xFF,
  0x3C, 0xCF, 0x9F, 0xFF, 0xFF, 0x3C, 0xCF, 0x9F, 0xFF, 0xFF, 0x3C, 0xCF,
  0x9F, 0xFF, 0xFF, 0x3C, 0xCF, 0x9F, 0xFF, 0xFF, 0x3C, 0xCF, 0x3F, 0xFF,
  0xFF, 0x3C, 0x0F, 0x3C, 0xFF, 0x7F, 0x3C, 0x0F, 0x3C, 0xFE, 0x7F, 0x3E,
  0xFF, 0x7F, 0xFE, 0x3F, 0x3E, 0xFF, 0x7F, 0xF8, 0x1F, 0x3F, 0xFF, 0xFF,
  0xF0, 0x87, 0x3F, 0xFF, 0xFF, 0x01, 0xC0, 0x3F, 0xFF, 0xFF, 0x07, 0xF0,
  0x3F, 0xFF, 0xFF, 0xFF, 0xFF, 0x3F, 0xFF, 0xFF, 0xFF, 0xFF, 0x3F, 0xFF,
  0xFF, 0xFF, 0xFF, 0x3F, 0xFF, 0xFF, 0xFF, 0xFF, 0x3F, 0xFF, 0xFF, 0xFF,
  0xFF, 0x3F, 0xFF, 0xFF, 0xFF, 0xFF, 0x3F, 0xFF, 0xFF, 0xFF, 0xFF, 0x3F,
  0xFF, 0xFF, 0xFF, 0xFF, 0x3F, 0xFF, 0xFF, 0xFF, 0xFF, 0x3F,
};

const unsigned char 12_13_icon[] PROGMEM = {
  0xFF, 0xFF, 0xFF, 0xFF, 0x3F, 0xFF, 0xFF, 0xFF, 0xFF, 0x3F, 0xFF, 0xFF,
  0xFF, 0xFF, 0x3F, 0xFF, 0xFF, 0xFF, 0xFF, 0x3F, 0xFF, 0xFF, 0xFF, 0xFF,
  0x3F, 0xFF, 0xFF, 0xFF, 0xFF, 0x3F, 0xFF, 0xFF, 0xFF, 0xFF, 0x3F, 0xFF,
  0xFF, 0xFF, 0xFF, 0x3F, 0xFF, 0xFF, 0xFF, 0xFF, 0x3F, 0xFF, 0xFF, 0xFF,
  0xFF, 0x3F, 0xFF, 0xFF, 0xFF, 0xFF, 0x3F, 0xFF, 0xFF, 0xFF, 0xFF, 0x3F,
  0xFF, 0x01, 0x00, 0xE0, 0x3F, 0xFF, 0x01, 0x00, 0xE0, 0x3F, 0xFF, 0xFD,
  0xFF, 0xEF, 0x3F, 0xFF, 0xFD, 0xFF, 0xEF, 0x3F, 0xFF, 0xFD, 0xFF, 0xEF,
  0x3F, 0xFF, 0xFD, 0xFF, 0xEF, 0x3F, 0xFF, 0xFD, 0xFF, 0xEF, 0x3F, 0xFF,
  0xFD, 0xFF, 0xEF, 0x3F, 0xFF, 0xFD, 0xF3, 0xEF, 0x3F, 0xFF, 0xFD, 0xC0,
  0xEF, 0x3F, 0xFF, 0xFD, 0xC0, 0xEF, 0x3F, 0xFF, 0xFD, 0xC0, 0xEF, 0x3F,
  0xFF, 0xFD, 0xC0, 0xEF, 0x3F, 0xFF, 0xFF, 0xE1, 0xFF, 0x3F, 0xFF, 0xFF,
  0xFF, 0xFF, 0x3F, 0xFF, 0xFF, 0xFF, 0xFF, 0x3F, 0xFF, 0xFF, 0xFF, 0xFF,
  0x3F, 0xFF, 0xFF, 0xFF, 0xFF, 0x3F, 0xFF, 0xFF, 0xFF, 0xFF, 0x3F, 0xFF,
  0xFF, 0xFF, 0xFF, 0x3F, 0xFF, 0xFF, 0xFF, 0xFF, 0x3F, 0xFF, 0xFF, 0xFF,
  0xFF, 0x3F, 0xFF, 0xFF, 0xFF, 0xFF, 0x3F, 0xFF, 0xFF, 0xFF, 0xFF, 0x3F,
  0xFF, 0xFF, 0xFF, 0xFF, 0x3F, 0xFF, 0xFF, 0xFF, 0xFF, 0x3F,
};

const unsigned char 12_14_icon[] PROGMEM = {
  0xFF, 0xFF, 0xFF, 0xFF, 0x3F, 0xFF, 0xFF, 0xFF, 0xFF, 0x3F, 0xFF, 0xFF,
  0xFF, 0xFF, 0x3F, 0xFF, 0xFF, 0xFF, 0xFF, 0x3F, 0xFF, 0xFF, 0xFF, 0xFF,
  0x3F, 0xFF, 0xFF, 0xFF, 0xFF, 0x3F, 0xFF, 0xFF, 0xFF, 0xFF, 0x3F, 0xFF,
  0xFF, 0xFF, 0xFF, 0x3F, 0xFF, 0xFF, 0xFF, 0xFF, 0x3F, 0xFF, 0xFF, 0xFF,
  0xFF, 0x3F, 0x7F, 0x00, 0x00, 0x80, 0x3F, 0x7F, 0x00, 0x00, 0x80, 0x3F,
  0xFF, 0xFF, 0xFF, 0xFF, 0x3F, 0xFF, 0xFF, 0xFF, 0xFF, 0x3F, 0xFF, 0xFF,
  0xFF, 0xFF, 0x3F, 0xFF, 0xFF, 0xFF, 0xFF, 0x3F, 0xFF, 0xFF, 0xE1, 0xFF,
  0x3F, 0xFF, 0xFF, 0xC0, 0xFF, 0x3F, 0xFF, 0xFF, 0xC0, 0xFF, 0x3F, 0xFF,
  0xFF, 0xC0, 0xFF, 0x3F, 0xFF, 0xFF, 0xC0, 0xFF, 0x3F, 0xFF, 0xFF, 0xE1,
  0xFF, 0x3F, 0xFF, 0xFF, 0xFF, 0xFF, 0x3F, 0xFF, 0xFF, 0xFF, 0xFF, 0x3F,
  0xFF, 0xFF, 0xFF, 0xFF, 0x3F, 0xFF, 0xFF, 0xFF, 0xFF, 0x3F, 0x7F, 0x00,
  0x00, 0x80, 0x3F, 0x7F, 0x00, 0x00, 0x80, 0x3F, 0xFF, 0xFF, 0xFF, 0xFF,
  0x3F, 0xFF, 0xFF, 0xFF, 0xFF, 0x3F, 0xFF, 0xFF, 0xFF, 0xFF, 0x3F, 0xFF,
  0xFF, 0xFF, 0xFF, 0x3F, 0xFF, 0xFF, 0xFF, 0xFF, 0x3F, 0xFF, 0xFF, 0xFF,
  0xFF, 0x3F, 0xFF, 0xFF, 0xFF, 0xFF, 0x3F, 0xFF, 0xFF, 0xFF, 0xFF, 0x3F,
  0xFF, 0xFF, 0xFF, 0xFF, 0x3F, 0xFF, 0xFF, 0xFF, 0xFF, 0x3F,
};

const unsigned char 12_1E_icon[] PROGMEM = {
  0xFF, 0xFF, 0xFF, 0xFF, 0x3F, 0xFF, 0xFF, 0xFF, 0xFF, 0x3F, 0xFF, 0xFF,
  0xFF, 0xFF, 0x3F, 0xFF, 0xFF, 0xFF, 0xFF, 0x3F, 0xFF, 0xFF, 0xFF, 0xFF,
  0x3F, 0xFF, 0xFF, 0xFF, 0xFF, 0x3F, 0xFF, 0xFF, 0xFF, 0xFF, 0x3F, 0xFF,
  0xFF, 0xFF, 0xFF, 0x3F, 0xFF, 0x03, 0xF0, 0xFF, 0x3F, 0xFF, 0x01, 0xC0,
  0xFF, 0x3F, 0x7F, 0xF8, 0x87, 0xFF, 0x3F, 0x3F, 0xFC, 0x1F, 0xFF, 0x3F,
  0x3F, 0xFE, 0x3F, 0xFE, 0x3F, 0x1F, 0xFF, 0x7F, 0xFE, 0x3F, 0x9F, 0xFF,
  0x7F, 0xFC, 0x3F, 0x8F, 0xFF, 0xFF, 0xFC, 0x3F, 0xCF, 0xFF, 0xFF, 0x3C,
  0x3E, 0xCF, 0xFF, 0xFF, 0x18, 0x3C, 0xCF, 0xFF, 0xFF, 0x09, 0x3C, 0xCF,
  0xFF, 0xFF, 0x09, 0x3C, 0xCF, 0xFF, 0xFF, 0x1C, 0x3C, 0xCF, 0xFF, 0xFF,
  0x3C, 0x3E, 0x8F, 0xFF, 0xFF, 0xFC, 0x3F, 0x9F, 0xFF, 0x7F, 0xFC, 0x3F,
  0x1F, 0xFF, 0x7F, 0xFE, 0x3F, 0x3F, 0xFE, 0x3F, 0xFE, 0x3F, 0x3F, 0xFC,
  0x1F, 0xFF, 0x3F, 0x7F, 0xF8, 0x87, 0xFF, 0x3F, 0xFF, 0x01, 0xC0, 0xFF,
  0x3F, 0xFF, 0x03, 0xF0, 0xFF, 0x3F, 0xFF, 0xFF, 0xFF, 0xFF, 0x3F, 0xFF,
  0xFF, 0xFF, 0xFF, 0x3F, 0xFF, 0xFF, 0xFF, 0xFF, 0x3F, 0xFF, 0xFF, 0xFF,
  0xFF, 0x3F, 0xFF, 0xFF, 0xFF, 0xFF, 0x3F, 0xFF, 0xFF, 0xFF, 0xFF, 0x3F,
  0xFF, 0xFF, 0xFF, 0xFF, 0x3F, 0xFF, 0xFF, 0xFF, 0xFF, 0x3F,
};

const unsigned char 12_1N_icon[] PROGMEM = {
  0xFF, 0xFF, 0xFF, 0xFF, 0x3F, 0xFF, 0xFF, 0xFF, 0xFF, 0x3F, 0xFF, 0xFF,
  0xFF, 0xFF, 0x3F, 0xFF, 0xFF, 0xFF, 0xFF, 0x3F, 0xFF, 0xFF, 0xE1, 0xFF,
  0x3F, 0xFF, 0xFF, 0xC0, 0xFF, 0x3F, 0xFF, 0xFF, 0xC0, 0xFF, 0x3F, 0xFF,
  0xFF, 0xC0, 0xFF, 0x3F, 0xFF, 0xFF, 0xE1, 0xFF, 0x3F, 0xFF, 0xFF, 0xF3,
  0xFF, 0x3F, 0xFF, 0xFF, 0xFF, 0xFF, 0x3F, 0xFF, 0xFF, 0xF3, 0xFF, 0x3F,
  0xFF, 0x3F, 0x00, 0xFF, 0x3F, 0xFF, 0x0F, 0x1E, 0xFC, 0x3F, 0xFF, 0x87,
  0x7F, 0xF8, 0x3F, 0xFF, 0xE3, 0xFF, 0xF1, 0x3F, 0xFF, 0xF1, 0xFF, 0xE3,
  0x3F, 0xFF, 0xF9, 0xFF, 0xE7, 0x3F, 0xFF, 0xF8, 0xFF, 0xC7, 0x3F, 0xFF,
  0xFC, 0xFF, 0xCF, 0x3F, 0xFF, 0xFC, 0xFF, 0xCF, 0x3F, 0xFF, 0xFC, 0xFF,
  0xCF, 0x3F, 0xFF, 0xFC, 0xFF, 0xCF, 0x3F, 0xFF, 0xFC, 0xFF, 0xCF, 0x3F,
  0xFF, 0xFC, 0xFF, 0xCF, 0x3F, 0xFF, 0xFC, 0xFF, 0xCF, 0x3F, 0xFF, 0xFC,
  0xFF, 0xCF, 0x3F, 0xFF, 0xF8, 0xFF, 0xC7, 0x3F, 0xFF, 0xF1, 0xFF, 0xE3,
  0x3F, 0xFF, 0xE3, 0xFF, 0xF1, 0x3F, 0xFF, 0xC3, 0xFF, 0xF0, 0x3F, 0xFF,
  0x07, 0x3F, 0xF8, 0x3F, 0xFF, 0x1F, 0x00, 0xFE, 0x3F, 0xFF, 0x7F, 0x80,
  0xFF, 0x3F, 0xFF, 0xFF, 0xFF, 0xFF, 0x3F, 0xFF, 0xFF, 0xFF, 0xFF, 0x3F,
  0xFF, 0xFF, 0xFF, 0xFF, 0x3F, 0xFF, 0xFF, 0xFF, 0xFF, 0x3F,
};

const unsigned char 12_1NE_icon[] PROGMEM = {
  0xFF, 0xFF, 0xFF, 0xFF, 0x3F, 0xFF, 0xFF, 0xFF, 0xFF, 0x3F, 0xFF, 0xFF,
  0xFF, 0xFF, 0x3F, 0xFF, 0xFF, 0xFF, 0xFF, 0x3F, 0xFF, 0xFF, 0xFF, 0xFF,
  0x3F, 0xFF, 0xFF, 0xFF, 0xFF, 0x3F, 0xFF, 0xFF, 0xFF, 0xFF, 0x3F, 0xFF,
  0xFF, 0xFF, 0xE3, 0x3F, 0xFF, 0xFF, 0xFF, 0xC1, 0x3F, 0xFF, 0xFF, 0xFF,
  0x81, 0x3F, 0xFF, 0x3F, 0xF8, 0x81, 0x3F, 0xFF, 0x07, 0xC0, 0x81, 0x3F,
  0xFF, 0xC1, 0x83, 0xC3, 0x3F, 0xFF, 0xF0, 0x1F, 0xFE, 0x3F, 0x7F, 0xFC,
  0x3F, 0xFE, 0x3F, 0x7F, 0xFE, 0x7F, 0xFC, 0x3F, 0x3F, 0xFE, 0xFF, 0xF8,
  0x3F, 0x3F, 0xFF, 0xFF, 0xF9, 0x3F, 0x1F, 0xFF, 0xFF, 0xF9, 0x3F, 0x9F,
  0xFF, 0xFF, 0xF1, 0x3F, 0x9F, 0xFF, 0xFF, 0xF3, 0x3F, 0x9F, 0xFF, 0xFF,
  0xF3, 0x3F, 0x9F, 0xFF, 0xFF, 0xF3, 0x3F, 0x9F, 0xFF, 0xFF, 0xF3, 0x3F,
  0x9F, 0xFF, 0xFF, 0xF9, 0x3F, 0x1F, 0xFF, 0xFF, 0xF9, 0x3F, 0x3F, 0xFF,
  0xFF, 0xF8, 0x3F, 0x3F, 0xFE, 0xFF, 0xFC, 0x3F, 0x7F, 0xFC, 0x7F, 0xFC,
  0x3F, 0xFF, 0xF8, 0x1F, 0xFE, 0x3F, 0xFF, 0xE1, 0x07, 0xFF, 0x3F, 0xFF,
  0x03, 0xC0, 0xFF, 0x3F, 0xFF, 0x0F, 0xF0, 0xFF, 0x3F, 0xFF, 0xFF, 0xFF,
  0xFF, 0x3F, 0xFF, 0xFF, 0xFF, 0xFF, 0x3F, 0xFF, 0xFF, 0xFF, 0xFF, 0x3F,
  0xFF, 0xFF, 0xFF, 0xFF, 0x3F, 0xFF, 0xFF, 0xFF, 0xFF, 0x3F,
};

const unsigned char 12_1NW_icon[] PROGMEM = {
  0xFF, 0xFF, 0xFF, 0xFF, 0x3F, 0xFF, 0xFF, 0xFF, 0xFF, 0x3F, 0xFF, 0xFF,
  0xFF, 0xFF, 0x3F, 0xFF, 0xFF, 0xFF, 0xFF, 0x3F, 0xFF, 0xFF, 0xFF, 0xFF,
  0x3F, 0xFF, 0xFF, 0xFF, 0xFF, 0x3F, 0xFF, 0xFF, 0xFF, 0xFF, 0x3F, 0xFF,
  0xF1, 0xFF, 0xFF, 0x3F, 0xFF, 0xE0, 0xFF, 0xFF, 0x3F, 0x7F, 0xE0, 0xFF,
  0xFF, 0x3F, 0x7F, 0xE0, 0x07, 0xFF, 0x3F, 0x7F, 0xE0, 0x00, 0xF8, 0x3F,
  0xFF, 0x70, 0xF0, 0xE0, 0x3F, 0xFF, 0x1F, 0xFE, 0xC3, 0x3F, 0xFF, 0x1F,
  0xFF, 0x8F, 0x3F, 0xFF, 0x8F, 0xFF, 0x9F, 0x3F, 0xFF, 0xC7, 0xFF, 0x1F,
  0x3F, 0xFF, 0xE7, 0xFF, 0x3F, 0x3F, 0xFF, 0xE7, 0xFF, 0x3F, 0x3E, 0xFF,
  0xE3, 0xFF, 0x7F, 0x3E, 0xFF, 0xF3, 0xFF, 0x7F, 0x3E, 0xFF, 0xF3, 0xFF,
  0x7F, 0x3E, 0xFF, 0xF3, 0xFF, 0x7F, 0x3E, 0xFF, 0xF3, 0xFF, 0x7F, 0x3E,
  0xFF, 0xE7, 0xFF, 0x7F, 0x3E, 0xFF, 0xE7, 0xFF, 0x3F, 0x3E, 0xFF, 0xC7,
  0xFF, 0x3F, 0x3F, 0xFF, 0xCF, 0xFF, 0x1F, 0x3F, 0xFF, 0x8F, 0xFF, 0x8F,
  0x3F, 0xFF, 0x1F, 0xFE, 0xC7, 0x3F, 0xFF, 0x3F, 0xF8, 0xE1, 0x3F, 0xFF,
  0xFF, 0x00, 0xF0, 0x3F, 0xFF, 0xFF, 0x03, 0xFE, 0x3F, 0xFF, 0xFF, 0xFF,
  0xFF, 0x3F, 0xFF, 0xFF, 0xFF, 0xFF, 0x3F, 0xFF, 0xFF, 0xFF, 0xFF, 0x3F,
  0xFF, 0xFF, 0xFF, 0xFF, 0x3F, 0xFF, 0xFF, 0xFF, 0xFF, 0x3F,
};

const unsigned char 12_1S_icon[] PROGMEM = {
  0xFF, 0xFF, 0xFF, 0xFF, 0x3F, 0xFF, 0xFF, 0xFF, 0xFF, 0x3F, 0xFF, 0xFF,
  0xFF, 0xFF, 0x3F, 0xFF, 0xFF, 0xFF, 0xFF, 0x3F, 0xFF, 0x7F, 0x80, 0xFF,
  0x3F, 0xFF, 0x1F, 0x00, 0xFE, 0x3F, 0xFF, 0x07, 0x3F, 0xF8, 0x3F, 0xFF,
  0xC3, 0xFF, 0xF0, 0x3F, 0xFF, 0xE3, 0xFF, 0xF1, 0x3F, 0xFF, 0xF1, 0xFF,
  0xE3, 0x3F, 0xFF, 0xF8, 0xFF, 0xC7, 0x3F, 0xFF, 0xFC, 0xFF, 0xCF, 0x3F,
  0xFF, 0xFC, 0xFF, 0xCF, 0x3F, 0xFF, 0xFC, 0xFF, 0xCF, 0x3F, 0xFF, 0xFC,
  0xFF, 0xCF, 0x3F, 0xFF, 0xFC, 0xFF, 0xCF, 0x3F, 0xFF, 0xFC, 0xFF, 0xCF,
  0x3F, 0xFF, 0xFC, 0xFF, 0xCF, 0x3F, 0xFF, 0xFC, 0xFF, 0xCF, 0x3F, 0xFF,
  0xF8, 0xFF, 0xC7, 0x3F, 0xFF, 0xF9, 0xFF, 0xE7, 0x3F, 0xFF, 0xF1, 0xFF,
  0xE3, 0x3F, 0xFF, 0xE3, 0xFF, 0xF1, 0x3F, 0xFF, 0x87, 0x7F, 0xF8, 0x3F,
  0xFF, 0x0F, 0x1E, 0xFC, 0x3F, 0xFF, 0x3F, 0x00, 0xFF, 0x3F, 0xFF, 0xFF,
  0xF3, 0xFF, 0x3F, 0xFF, 0xFF, 0xFF, 0xFF, 0x3F, 0xFF, 0xFF, 0xF3, 0xFF,
  0x3F, 0xFF, 0xFF, 0xE1, 0xFF, 0x3F, 0xFF, 0xFF, 0xC0, 0xFF, 0x3F, 0xFF,
  0xFF, 0xC0, 0xFF, 0x3F, 0xFF, 0xFF, 0xC0, 0xFF, 0x3F, 0xFF, 0xFF, 0xE1,
  0xFF, 0x3F, 0xFF, 0xFF, 0xFF, 0xFF, 0x3F, 0xFF, 0xFF, 0xFF, 0xFF, 0x3F,
  0xFF, 0xFF, 0xFF, 0xFF, 0x3F, 0xFF, 0xFF, 0xFF, 0xFF, 0x3F,
};

const unsigned char 12_1SE_icon[] PROGMEM = {
  0xFF, 0xFF, 0xFF, 0xFF, 0x3F, 0xFF, 0xFF, 0xFF, 0xFF, 0x3F, 0xFF, 0xFF,
  0xFF, 0xFF, 0x3F, 0xFF, 0xFF, 0xFF, 0xFF, 0x3F, 0xFF, 0xFF, 0xFF, 0xFF,
  0x3F, 0xFF, 0x0F, 0xF0, 0xFF, 0x3F, 0xFF, 0x03, 0xC0, 0xFF, 0x3F, 0xFF,
  0xE1, 0x07, 0xFF, 0x3F, 0xFF, 0xF8, 0x1F, 0xFE, 0x3F, 0x7F, 0xFC, 0x7F,
  0xFC, 0x3F, 0x3F, 0xFE, 0xFF, 0xFC, 0x3F, 0x3F, 0xFF, 0xFF, 0xF8, 0x3F,
  0x1F, 0xFF, 0xFF, 0xF9, 0x3F, 0x9F, 0xFF, 0xFF, 0xF9, 0x3F, 0x9F, 0xFF,
  0xFF, 0xF3, 0x3F, 0x9F, 0xFF, 0xFF, 0xF3, 0x3F, 0x9F, 0xFF, 0xFF, 0xF3,
  0x3F, 0x9F, 0xFF, 0xFF, 0xF3, 0x3F, 0x9F, 0xFF, 0xFF, 0xF1, 0x3F, 0x1F,
  0xFF, 0xFF, 0xF9, 0x3F, 0x3F, 0xFF, 0xFF, 0xF9, 0x3F, 0x3F, 0xFE, 0xFF,
  0xF8, 0x3F, 0x7F, 0xFE, 0x7F, 0xFC, 0x3F, 0x7F, 0xFC, 0x3F, 0xFE, 0x3F,
  0xFF, 0xF0, 0x1F, 0xFE, 0x3F, 0xFF, 0xC1, 0x83, 0xC3, 0x3F, 0xFF, 0x07,
  0xC0, 0x81, 0x3F, 0xFF, 0x3F, 0xF8, 0x81, 0x3F, 0xFF, 0xFF, 0xFF, 0x81,
  0x3F, 0xFF, 0xFF, 0xFF, 0xC1, 0x3F, 0xFF, 0xFF, 0xFF, 0xE3, 0x3F, 0xFF,
  0xFF, 0xFF, 0xFF, 0x3F, 0xFF, 0xFF, 0xFF, 0xFF, 0x3F, 0xFF, 0xFF, 0xFF,
  0xFF, 0x3F, 0xFF, 0xFF, 0xFF, 0xFF, 0x3F, 0xFF, 0xFF, 0xFF, 0xFF, 0x3F,
  0xFF, 0xFF, 0xFF, 0xFF, 0x3F, 0xFF, 0xFF, 0xFF, 0xFF, 0x3F,
};

const unsigned char 12_1SW_icon[] PROGMEM = {
  0xFF, 0xFF, 0xFF, 0xFF, 0x3F, 0xFF, 0xFF, 0xFF, 0xFF, 0x3F, 0xFF, 0xFF,
  0xFF, 0xFF, 0x3F, 0xFF, 0xFF, 0xFF, 0xFF, 0x3F, 0xFF, 0xFF, 0xFF, 0xFF,
  0x3F, 0xFF, 0xFF, 0x03, 0xFC, 0x3F, 0xFF, 0xFF, 0x00, 0xF0, 0x3F, 0xFF,
  0x3F, 0xF8, 0xE1, 0x3F, 0xFF, 0x1F, 0xFE, 0xC7, 0x3F, 0xFF, 0x8F, 0xFF,
  0x8F, 0x3F, 0xFF, 0xCF, 0xFF, 0x1F, 0x3F, 0xFF, 0xC7, 0xFF, 0x3F, 0x3F,
  0xFF, 0xE7, 0xFF, 0x3F, 0x3E, 0xFF, 0xE7, 0xFF, 0x7F, 0x3E, 0xFF, 0xF3,
  0xFF, 0x7F, 0x3E, 0xFF, 0xF3, 0xFF, 0x7F, 0x3E, 0xFF, 0xF3, 0xFF, 0x7F,
  0x3E, 0xFF, 0xF3, 0xFF, 0x7F, 0x3E, 0xFF, 0xE3, 0xFF, 0x7F, 0x3E, 0xFF,
  0xE7, 0xFF, 0x3F, 0x3E, 0xFF, 0xE7, 0xFF, 0x3F, 0x3F, 0xFF, 0xC7, 0xFF,
  0x1F, 0x3F, 0xFF, 0x8F, 0xFF, 0x9F, 0x3F, 0xFF, 0x1F, 0xFF, 0x8F, 0x3F,
  0xFF, 0x1F, 0xFE, 0xC3, 0x3F, 0xFF, 0x70, 0xF0, 0xE0, 0x3F, 0x7F, 0xE0,
  0x00, 0xF8, 0x3F, 0x7F, 0xE0, 0x07, 0xFF, 0x3F, 0x7F, 0xE0, 0xFF, 0xFF,
  0x3F, 0xFF, 0xE0, 0xFF, 0xFF, 0x3F, 0xFF, 0xF1, 0xFF, 0xFF, 0x3F, 0xFF,
  0xFF, 0xFF, 0xFF, 0x3F, 0xFF, 0xFF, 0xFF, 0xFF, 0x3F, 0xFF, 0xFF, 0xFF,
  0xFF, 0x3F, 0xFF, 0xFF, 0xFF, 0xFF, 0x3F, 0xFF, 0xFF, 0xFF, 0xFF, 0x3F,
  0xFF, 0xFF, 0xFF, 0xFF, 0x3F, 0xFF, 0xFF, 0xFF, 0xFF, 0x3F,
};

const unsigned char 12_1W_icon[] PROGMEM = {
  0xFF, 0xFF, 0xFF, 0xFF, 0x3F, 0xFF, 0xFF, 0xFF, 0xFF, 0x3F, 0xFF, 0xFF,
  0xFF, 0xFF, 0x3F, 0xFF, 0xFF, 0xFF, 0xFF, 0x3F, 0xFF, 0xFF, 0xFF, 0xFF,
  0x3F, 0xFF, 0xFF, 0xFF, 0xFF, 0x3F, 0xFF, 0xFF, 0xFF, 0xFF, 0x3F, 0xFF,
  0xFF, 0xFF, 0xFF, 0x3F, 0xFF, 0xFF, 0x03, 0xF0, 0x3F, 0xFF, 0xFF, 0x00,
  0xE0, 0x3F, 0xFF, 0x7F, 0xF8, 0x87, 0x3F, 0xFF, 0x3F, 0xFE, 0x0F, 0x3F,
  0xFF, 0x1F, 0xFF, 0x1F, 0x3F, 0xFF, 0x9F, 0xFF, 0x3F, 0x3E, 0xFF, 0x8F,
  0xFF, 0x7F, 0x3E, 0xFF, 0xCF, 0xFF, 0x7F, 0x3C, 0x1F, 0xCF, 0xFF, 0xFF,
  0x3C, 0x0F, 0xC6, 0xFF, 0xFF, 0x3C, 0x0F, 0xE4, 0xFF, 0xFF, 0x3C, 0x0F,
  0xE4, 0xFF, 0xFF, 0x3C, 0x0F, 0xC6, 0xFF, 0xFF, 0x3C, 0x1F, 0xCF, 0xFF,
  0xFF, 0x3C, 0xFF, 0xCF, 0xFF, 0x7F, 0x3C, 0xFF, 0x8F, 0xFF, 0x7F, 0x3E,
  0xFF, 0x9F, 0xFF, 0x3F, 0x3E, 0xFF, 0x1F, 0xFF, 0x1F, 0x3F, 0xFF, 0x3F,
  0xFE, 0x0F, 0x3F, 0xFF, 0x7F, 0xF8, 0x87, 0x3F, 0xFF, 0xFF, 0x00, 0xE0,
  0x3F, 0xFF, 0xFF, 0x03, 0xF0, 0x3F, 0xFF, 0xFF, 0xFF, 0xFF, 0x3F, 0xFF,
  0xFF, 0xFF, 0xFF, 0x3F, 0xFF, 0xFF, 0xFF, 0xFF, 0x3F, 0xFF, 0xFF, 0xFF,
  0xFF, 0x3F, 0xFF, 0xFF, 0xFF, 0xFF, 0x3F, 0xFF, 0xFF, 0xFF, 0xFF, 0x3F,
  0xFF, 0xFF, 0xFF, 0xFF, 0x3F, 0xFF, 0xFF, 0xFF, 0xFF, 0x3F,
};

const unsigned char 12_2E_icon[] PROGMEM = {
  0xFF, 0xFF, 0xFF, 0xFF, 0x3F, 0xFF, 0xFF, 0xFF, 0xFF, 0x3F, 0xFF, 0xFF,
  0xFF, 0xFF, 0x3F, 0xFF, 0xFF, 0xFF, 0xFF, 0x3F, 0xFF, 0xFF, 0xFF, 0xFF,
  0x3F, 0xFF, 0xFF, 0xFF, 0xFF, 0x3F, 0xFF, 0xFF, 0xFF, 0xFF, 0x3F, 0xFF,
  0xFF, 0xFF, 0xFF, 0x3F, 0xFF, 0x3F, 0x00, 0xFF, 0x3F, 0xFF, 0x0F, 0x00,
  0xFC, 0x3F, 0xFF, 0x87, 0x7F, 0xF8, 0x3F, 0xFF, 0xC3, 0xFF, 0xF0, 0x3F,
  0xFF, 0xF1, 0xFF, 0xE3, 0x3F, 0xFF, 0xF1, 0xFF, 0xE3, 0x3F, 0xFF, 0xF8,
  0xFF, 0xC7, 0x3F, 0xFF, 0xFC, 0xFF, 0xCF, 0x3F, 0xFF, 0xFC, 0xFF, 0xCF,
  0x3F, 0xFF, 0xFC, 0xFF, 0xCF, 0x3F, 0xFF, 0xFC, 0xFF, 0x01, 0x3C, 0xFF,
  0xFC, 0xFF, 0x01, 0x3C, 0xFF, 0xFC, 0xFF, 0xCF, 0x3F, 0xFF, 0xFC, 0xFF,
  0xCF, 0x3F, 0xFF, 0xFC, 0xFF, 0xCF, 0x3F, 0xFF, 0xF8, 0xFF, 0xC7, 0x3F,
  0xFF, 0xF1, 0xFF, 0xE3, 0x3F, 0xFF, 0xF1, 0xFF, 0xE3, 0x3F, 0xFF, 0xC3,
  0xFF, 0xF0, 0x3F, 0xFF, 0x87, 0x7F, 0xF8, 0x3F, 0xFF, 0x0F, 0x00, 0xFC,
  0x3F, 0xFF, 0x3F, 0x00, 0xFF, 0x3F, 0xFF, 0xFF, 0xFF, 0xFF, 0x3F, 0xFF,
  0xFF, 0xFF, 0xFF, 0x3F, 0xFF, 0xFF, 0xFF, 0xFF, 0x3F, 0xFF, 0xFF, 0xFF,
  0xFF, 0x3F, 0xFF, 0xFF, 0xFF, 0xFF, 0x3F, 0xFF, 0xFF, 0xFF, 0xFF, 0x3F,
  0xFF, 0xFF, 0xFF, 0xFF, 0x3F, 0xFF, 0xFF, 0xFF, 0xFF, 0x3F,
};

const unsigned char 12_2N_icon[] PROGMEM = {
  0xFF, 0xFF, 0xFF, 0xFF, 0x3F, 0xFF, 0xFF, 0xFF, 0xFF, 0x3F, 0xFF, 0xFF,
  0xFF, 0xFF, 0x3F, 0xFF, 0xFF, 0xFF, 0xFF, 0x3F, 0xFF, 0xFF, 0xF3, 0xFF,
  0x3F, 0xFF, 0xFF, 0xF3, 0xFF, 0x3F, 0xFF, 0xFF, 0xF3, 0xFF, 0x3F, 0xFF,
  0xFF, 0xF3, 0xFF, 0x3F, 0xFF, 0x3F, 0x00, 0xFF, 0x3F, 0xFF, 0x0F, 0x00,
  0xFC, 0x3F, 0xFF, 0x87, 0x73, 0xF8, 0x3F, 0xFF, 0xC3, 0xF3, 0xF0, 0x3F,
  0xFF, 0xF1, 0xF3, 0xE3, 0x3F, 0xFF, 0xF1, 0xFF, 0xE3, 0x3F, 0xFF, 0xF8,
  0xFF, 0xC7, 0x3F, 0xFF, 0xFC, 0xFF, 0xCF, 0x3F, 0xFF, 0xFC, 0xFF, 0xCF,
  0x3F, 0xFF, 0xFC, 0xFF, 0xCF, 0x3F, 0xFF, 0xFC, 0xFF, 0xCF, 0x3F, 0xFF,
  0xFC, 0xFF, 0xCF, 0x3F, 0xFF, 0xFC, 0xFF, 0xCF, 0x3F, 0xFF, 0xFC, 0xFF,
  0xCF, 0x3F, 0xFF, 0xFC, 0xFF, 0xCF, 0x3F, 0xFF, 0xF8, 0xFF, 0xC7, 0x3F,
  0xFF, 0xF1, 0xFF, 0xE3, 0x3F, 0xFF, 0xF1, 0xFF, 0xE3, 0x3F, 0xFF, 0xC3,
  0xFF, 0xF0, 0x3F, 0xFF, 0x87, 0x7F, 0xF8, 0x3F, 0xFF, 0x0F, 0x00, 0xFC,
  0x3F, 0xFF, 0x3F, 0x00, 0xFF, 0x3F, 0xFF, 0xFF, 0xFF, 0xFF, 0x3F, 0xFF,
  0xFF, 0xFF, 0xFF, 0x3F, 0xFF, 0xFF, 0xFF, 0xFF, 0x3F, 0xFF, 0xFF, 0xFF,
  0xFF, 0x3F, 0xFF, 0xFF, 0xFF, 0xFF, 0x3F, 0xFF, 0xFF, 0xFF, 0xFF, 0x3F,
  0xFF, 0xFF, 0xFF, 0xFF, 0x3F, 0xFF, 0xFF, 0xFF, 0xFF, 0x3F,
};

const unsigned char 12_2NE_icon[] PROGMEM = {
  0xFF, 0xFF, 0xFF, 0xFF, 0x3F, 0xFF, 0xFF, 0xFF, 0xFF, 0x3F, 0xFF, 0xFF,
  0xFF, 0xFF, 0x3F, 0xFF, 0xFF, 0xFF, 0xFF, 0x3F, 0xFF, 0xFF, 0xFF, 0xFF,
  0x3F, 0xFF, 0xFF, 0xFF, 0xFF, 0x3F, 0xFF, 0xFF, 0xFF, 0xFF, 0x3F, 0xFF,
  0xFF, 0xFF, 0xFF, 0x3F, 0xFF, 0x3F, 0x00, 0xCF, 0x3F, 0xFF, 0x0F, 0x00,
  0xC4, 0x3F, 0xFF, 0x87, 0x7F, 0xE0, 0x3F, 0xFF, 0xC3, 0xFF, 0xF0, 0x3F,
  0xFF, 0xF1, 0xFF, 0xE0, 0x3F, 0xFF, 0xF1, 0x7F, 0xE0, 0x3F, 0xFF, 0xF8,
  0x7F, 0xC6, 0x3F, 0xFF, 0xFC, 0xFF, 0xCF, 0x3F, 0xFF, 0xFC, 0xFF, 0xCF,
  0x3F, 0xFF, 0xFC, 0xFF, 0xCF, 0x3F, 0xFF, 0xFC, 0xFF, 0xCF, 0x3F, 0xFF,
  0xFC, 0xFF, 0xCF, 0x3F, 0xFF, 0xFC, 0xFF, 0xCF, 0x3F, 0xFF, 0xFC, 0xFF,
  0xCF, 0x3F, 0xFF, 0xFC, 0xFF, 0xCF, 0x3F, 0xFF, 0xF8, 0xFF, 0xC7, 0x3F,
  0xFF, 0xF1, 0xFF, 0xE3, 0x3F, 0xFF, 0xF1, 0xFF, 0xE3, 0x3F, 0xFF, 0xC3,
  0xFF, 0xF0, 0x3F, 0xFF, 0x87, 0x7F, 0xF8, 0x3F, 0xFF, 0x0F, 0x00, 0xFC,
  0x3F, 0xFF, 0x3F, 0x00, 0xFF, 0x3F, 0xFF, 0xFF, 0xFF, 0xFF, 0x3F, 0xFF,
  0xFF, 0xFF, 0xFF, 0x3F, 0xFF, 0xFF, 0xFF, 0xFF, 0x3F, 0xFF, 0xFF, 0xFF,
  0xFF, 0x3F, 0xFF, 0xFF, 0xFF, 0xFF, 0x3F, 0xFF, 0xFF, 0xFF, 0xFF, 0x3F,
  0xFF, 0xFF, 0xFF, 0xFF, 0x3F, 0xFF, 0xFF, 0xFF, 0xFF, 0x3F,
};

const unsigned char 12_2NW_icon[] PROGMEM = {
  0xFF, 0xFF, 0xFF, 0xFF, 0x3F, 0xFF, 0xFF, 0xFF, 0xFF, 0x3F, 0xFF, 0xFF,
  0xFF, 0xFF, 0x3F, 0xFF, 0xFF, 0xFF, 0xFF, 0x3F, 0xFF, 0xFF, 0xFF, 0xFF,
  0x3F, 0xFF, 0xFF, 0xFF, 0xFF, 0x3F, 0xFF, 0xFF, 0xFF, 0xFF, 0x3F, 0xFF,
  0xFF, 0xFF, 0xFF, 0x3F, 0xFF, 0x3C, 0x00, 0xFF, 0x3F, 0xFF, 0x08, 0x00,
  0xFC, 0x3F, 0xFF, 0x81, 0x7F, 0xF8, 0x3F, 0xFF, 0xC3, 0xFF, 0xF0, 0x3F,
  0xFF, 0xC1, 0xFF, 0xE3, 0x3F, 0xFF, 0x81, 0xFF, 0xE3, 0x3F, 0xFF, 0x98,
  0xFF, 0xC7, 0x3F, 0xFF, 0xFC, 0xFF, 0xCF, 0x3F, 0xFF, 0xFC, 0xFF, 0xCF,
  0x3F, 0xFF, 0xFC, 0xFF, 0xCF, 0x3F, 0xFF, 0xFC, 0xFF, 0xCF, 0x3F, 0xFF,
  0xFC, 0xFF, 0xCF, 0x3F, 0xFF, 0xFC, 0xFF, 0xCF, 0x3F, 0xFF, 0xFC, 0xFF,
  0xCF, 0x3F, 0xFF, 0xFC, 0xFF, 0xCF, 0x3F, 0xFF, 0xF8, 0xFF, 0xC7, 0x3F,
  0xFF, 0xF1, 0xFF, 0xE3, 0x3F, 0xFF, 0xF1, 0xFF, 0xE3, 0x3F, 0xFF, 0xC3,
  0xFF, 0xF0, 0x3F, 0xFF, 0x87, 0x7F, 0xF8, 0x3F, 0xFF, 0x0F, 0x00, 0xFC,
  0x3F, 0xFF, 0x3F, 0x00, 0xFF, 0x3F, 0xFF, 0xFF, 0xFF, 0xFF, 0x3F, 0xFF,
  0xFF, 0xFF, 0xFF, 0x3F, 0xFF, 0xFF, 0xFF, 0xFF, 0x3F, 0xFF, 0xFF, 0xFF,
  0xFF, 0x3F, 0xFF, 0xFF, 0xFF, 0xFF, 0x3F, 0xFF, 0xFF, 0xFF, 0xFF, 0x3F,
  0xFF, 0xFF, 0xFF, 0xFF, 0x3F, 0xFF, 0xFF, 0xFF, 0xFF, 0x3F,
};

const unsigned char 12_2S_icon[] PROGMEM = {
  0xFF, 0xFF, 0xFF, 0xFF, 0x3F, 0xFF, 0xFF, 0xFF, 0xFF, 0x3F, 0xFF, 0xFF,
  0xFF, 0xFF, 0x3F, 0xFF, 0xFF, 0xFF, 0xFF, 0x3F, 0xFF, 0xFF, 0xFF, 0xFF,
  0x3F, 0xFF, 0xFF, 0xFF, 0xFF, 0x3F, 0xFF, 0xFF, 0xFF, 0xFF, 0x3F, 0xFF,
  0xFF, 0xFF, 0xFF, 0x3F, 0xFF, 0x3F, 0x00, 0xFF, 0x3F, 0xFF, 0x0F, 0x00,
  0xFC, 0x3F, 0xFF, 0x87, 0x7F, 0xF8, 0x3F, 0xFF, 0xC3, 0xFF, 0xF0, 0x3F,
  0xFF, 0xF1, 0xFF, 0xE3, 0x3F, 0xFF, 0xF1, 0xFF, 0xE3, 0x3F, 0xFF, 0xF8,
  0xFF, 0xC7, 0x3F, 0xFF, 0xFC, 0xFF, 0xCF, 0x3F, 0xFF, 0xFC, 0xFF, 0xCF,
  0x3F, 0xFF, 0xFC, 0xFF, 0xCF, 0x3F, 0xFF, 0xFC, 0xFF, 0xCF, 0x3F, 0xFF,
  0xFC, 0xFF, 0xCF, 0x3F, 0xFF, 0xFC, 0xFF, 0xCF, 0x3F, 0xFF, 0xFC, 0xFF,
  0xCF, 0x3F, 0xFF, 0xFC, 0xFF, 0xCF, 0x3F, 0xFF, 0xF8, 0xFF, 0xC7, 0x3F,
  0xFF, 0xF1, 0xFF, 0xE3, 0x3F, 0xFF, 0xF1, 0xF3, 0xE3, 0x3F, 0xFF, 0xC3,
  0xF3, 0xF0, 0x3F, 0xFF, 0x87, 0x73, 0xF8, 0x3F, 0xFF, 0x0F, 0x00, 0xFC,
  0x3F, 0xFF, 0x3F, 0x00, 0xFF, 0x3F, 0xFF, 0xFF, 0xF3, 0xFF, 0x3F, 0xFF,
  0xFF, 0xF3, 0xFF, 0x3F, 0xFF, 0xFF, 0xF3, 0xFF, 0x3F, 0xFF, 0xFF, 0xF3,
  0xFF, 0x3F, 0xFF, 0xFF, 0xFF, 0xFF, 0x3F, 0xFF, 0xFF, 0xFF, 0xFF, 0x3F,
  0xFF, 0xFF, 0xFF, 0xFF, 0x3F, 0xFF, 0xFF, 0xFF, 0xFF, 0x3F,
};

const unsigned char 12_2SE_icon[] PROGMEM = {
  0xFF, 0xFF, 0xFF, 0xFF, 0x3F, 0xFF, 0xFF, 0xFF, 0xFF, 0x3F, 0xFF, 0xFF,
  0xFF, 0xFF, 0x3F, 0xFF, 0xFF, 0xFF, 0xFF, 0x3F, 0xFF, 0xFF, 0xFF, 0xFF,
  0x3F, 0xFF, 0xFF, 0xFF, 0xFF, 0x3F, 0xFF, 0xFF, 0xFF, 0xFF, 0x3F, 0xFF,
  0xFF, 0xFF, 0xFF, 0x3F, 0xFF, 0x3F, 0x00, 0xFF, 0x3F, 0xFF, 0x0F, 0x00,
  0xFC, 0x3F, 0xFF, 0x87, 0x7F, 0xF8, 0x3F, 0xFF, 0xC3, 0xFF, 0xF0, 0x3F,
  0xFF, 0xF1, 0xFF, 0xE3, 0x3F, 0xFF, 0xF1, 0xFF, 0xE3, 0x3F, 0xFF, 0xF8,
  0xFF, 0xC7, 0x3F, 0xFF, 0xFC, 0xFF, 0xCF, 0x3F, 0xFF, 0xFC, 0xFF, 0xCF,
  0x3F, 0xFF, 0xFC, 0xFF, 0xCF, 0x3F, 0xFF, 0xFC, 0xFF, 0xCF, 0x3F, 0xFF,
  0xFC, 0xFF, 0xCF, 0x3F, 0xFF, 0xFC, 0xFF, 0xCF, 0x3F, 0xFF, 0xFC, 0xFF,
  0xCF, 0x3F, 0xFF, 0xFC, 0xFF, 0xCF, 0x3F, 0xFF, 0xF8, 0x7F, 0xC6, 0x3F,
  0xFF, 0xF1, 0x7F, 0xE0, 0x3F, 0xFF, 0xF1, 0xFF, 0xE0, 0x3F, 0xFF, 0xC3,
  0xFF, 0xF0, 0x3F, 0xFF, 0x87, 0x7F, 0xE0, 0x3F, 0xFF, 0x0F, 0x00, 0xC4,
  0x3F, 0xFF, 0x3F, 0x00, 0xCF, 0x3F, 0xFF, 0xFF, 0xFF, 0xFF, 0x3F, 0xFF,
  0xFF, 0xFF, 0xFF, 0x3F, 0xFF, 0xFF, 0xFF, 0xFF, 0x3F, 0xFF, 0xFF, 0xFF,
  0xFF, 0x3F, 0xFF, 0xFF, 0xFF, 0xFF, 0x3F, 0xFF, 0xFF, 0xFF, 0xFF, 0x3F,
  0xFF, 0xFF, 0xFF, 0xFF, 0x3F, 0xFF, 0xFF, 0xFF, 0xFF, 0x3F,
};

const unsigned char 12_2SW_icon[] PROGMEM = {
  0xFF, 0xFF, 0xFF, 0xFF, 0x3F, 0xFF, 0xFF, 0xFF, 0xFF, 0x3F, 0xFF, 0xFF,
  0xFF, 0xFF, 0x3F, 0xFF, 0xFF, 0xFF, 0xFF, 0x3F, 0xFF, 0xFF, 0xFF, 0xFF,
  0x3F, 0xFF, 0xFF, 0xFF, 0xFF, 0x3F, 0xFF, 0xFF, 0xFF, 0xFF, 0x3F, 0xFF,
  0xFF, 0xFF, 0xFF, 0x3F, 0xFF, 0x3F, 0x00, 0xFF, 0x3F, 0xFF, 0x0F, 0x00,
  0xFC, 0x3F, 0xFF, 0x87, 0x7F, 0xF8, 0x3F, 0xFF, 0xC3, 0xFF, 0xF0, 0x3F,
  0xFF, 0xF1, 0xFF, 0xE3, 0x3F, 0xFF, 0xF1, 0xFF, 0xE3, 0x3F, 0xFF, 0xF8,
  0xFF, 0xC7, 0x3F, 0xFF, 0xFC, 0xFF, 0xCF, 0x3F, 0xFF, 0xFC, 0xFF, 0xCF,
  0x3F, 0xFF, 0xFC, 0xFF, 0xCF, 0x3F, 0xFF, 0xFC, 0xFF, 0xCF, 0x3F, 0xFF,
  0xFC, 0xFF, 0xCF, 0x3F, 0xFF, 0xFC, 0xFF, 0xCF, 0x3F, 0xFF, 0xFC, 0xFF,
  0xCF, 0x3F, 0xFF, 0xFC, 0xFF, 0xCF, 0x3F, 0xFF, 0x98, 0xFF, 0xC7, 0x3F,
  0xFF, 0x81, 0xFF, 0xE3, 0x3F, 0xFF, 0xC1, 0xFF, 0xE3, 0x3F, 0xFF, 0xC3,
  0xFF, 0xF0, 0x3F, 0xFF, 0x81, 0x7F, 0xF8, 0x3F, 0xFF, 0x08, 0x00, 0xFC,
  0x3F, 0xFF, 0x3C, 0x00, 0xFF, 0x3F, 0xFF, 0xFF, 0xFF, 0xFF, 0x3F, 0xFF,
  0xFF, 0xFF, 0xFF, 0x3F, 0xFF, 0xFF, 0xFF, 0xFF, 0x3F, 0xFF, 0xFF, 0xFF,
  0xFF, 0x3F, 0xFF, 0xFF, 0xFF, 0xFF, 0x3F, 0xFF, 0xFF, 0xFF, 0xFF, 0x3F,
  0xFF, 0xFF, 0xFF, 0xFF, 0x3F, 0xFF, 0xFF, 0xFF, 0xFF, 0x3F,
};

const unsigned char 12_2W_icon[] PROGMEM = {
  0xFF, 0xFF, 0xFF, 0xFF, 0x3F, 0xFF, 0xFF, 0xFF, 0xFF, 0x3F, 0xFF, 0xFF,
  0xFF, 0xFF, 0x3F, 0xFF, 0xFF, 0xFF, 0xFF, 0x3F, 0xFF, 0xFF, 0xFF, 0xFF,
  0x3F, 0xFF, 0xFF, 0xFF, 0xFF, 0x3F, 0xFF, 0xFF, 0xFF, 0xFF, 0x3F, 0xFF,
  0xFF, 0xFF, 0xFF, 0x3F, 0xFF, 0x3F, 0x00, 0xFF, 0x3F, 0xFF, 0x0F, 0x00,
  0xFC, 0x3F, 0xFF, 0x87, 0x7F, 0xF8, 0x3F, 0xFF, 0xC3, 0xFF, 0xF0, 0x3F,
  0xFF, 0xF1, 0xFF, 0xE3, 0x3F, 0xFF, 0xF1, 0xFF, 0xE3, 0x3F, 0xFF, 0xF8,
  0xFF, 0xC7, 0x3F, 0xFF, 0xFC, 0xFF, 0xCF, 0x3F, 0xFF, 0xFC, 0xFF, 0xCF,
  0x3F, 0xFF, 0xFC, 0xFF, 0xCF, 0x3F, 0x0F, 0xE0, 0xFF, 0xCF, 0x3F, 0x0F,
  0xE0, 0xFF, 0xCF, 0x3F, 0xFF, 0xFC, 0xFF, 0xCF, 0x3F, 0xFF, 0xFC, 0xFF,
  0xCF, 0x3F, 0xFF, 0xFC, 0xFF, 0xCF, 0x3F, 0xFF, 0xF8, 0xFF, 0xC7, 0x3F,
  0xFF, 0xF1, 0xFF, 0xE3, 0x3F, 0xFF, 0xF1, 0xFF, 0xE3, 0x3F, 0xFF, 0xC3,
  0xFF, 0xF0, 0x3F, 0xFF, 0x87, 0x7F, 0xF8, 0x3F, 0xFF, 0x0F, 0x00, 0xFC,
  0x3F, 0xFF, 0x3F, 0x00, 0xFF, 0x3F, 0xFF, 0xFF, 0xFF, 0xFF, 0x3F, 0xFF,
  0xFF, 0xFF, 0xFF, 0x3F, 0xFF, 0xFF, 0xFF, 0xFF, 0x3F, 0xFF, 0xFF, 0xFF,
  0xFF, 0x3F, 0xFF, 0xFF, 0xFF, 0xFF, 0x3F, 0xFF, 0xFF, 0xFF, 0xFF, 0x3F,
  0xFF, 0xFF, 0xFF, 0xFF, 0x3F, 0xFF, 0xFF, 0xFF, 0xFF, 0x3F,
};

const unsigned char 12_3E_icon[] PROGMEM = {
  0xFF, 0xFF, 0xFF, 0xFF, 0x3F, 0xFF, 0xFF, 0xFF, 0xFF, 0x3F, 0xFF, 0xFF,
  0xFF, 0xFF, 0x3F, 0xFF, 0xFF, 0xFF, 0xFF, 0x3F, 0xFF, 0xFF, 0xFF, 0xFF,
  0x3F, 0xFF, 0xFF, 0xFF, 0xFF, 0x3F, 0xFF, 0x3F, 0x00, 0xFF, 0x3F, 0xFF,
  0x0F, 0x00, 0xFC, 0x3F, 0xFF, 0x87, 0x7F, 0xF8, 0x3F, 0xFF, 0xE1, 0xFF,
  0xE1, 0x3F, 0xFF, 0xF1, 0xFF, 0xE3, 0x3F, 0xFF, 0xF8, 0xFF, 0xC7, 0x3F,
  0x7F, 0xFC, 0xFF, 0x8F, 0x3F, 0x7F, 0xFE, 0xFF, 0x9F, 0x3F, 0x3F, 0xFE,
  0xFF, 0x1F, 0x3F, 0x3F, 0xFF, 0xFF, 0x3F, 0x3F, 0x3F, 0xFF, 0xFF, 0x38,
  0x3F, 0x3F, 0xFF, 0x7F, 0x30, 0x3F, 0x3F, 0xFF, 0x7F, 0x20, 0x3F, 0x3F,
  0xFF, 0x7F, 0x20, 0x3F, 0x3F, 0xFF, 0x7F, 0x30, 0x3F, 0x3F, 0xFF, 0xFF,
  0x38, 0x3F, 0x3F, 0xFF, 0xFF, 0x3F, 0x3F, 0x3F, 0xFE, 0xFF, 0x1F, 0x3F,
  0x7F, 0xFE, 0xFF, 0x9F, 0x3F, 0x7F, 0xFC, 0xFF, 0x8F, 0x3F, 0xFF, 0xF8,
  0xFF, 0xC7, 0x3F, 0xFF, 0xF1, 0xFF, 0xE3, 0x3F, 0xFF, 0xE1, 0xFF, 0xE1,
  0x3F, 0xFF, 0x87, 0x7F, 0xF8, 0x3F, 0xFF, 0x0F, 0x00, 0xFC, 0x3F, 0xFF,
  0x3F, 0x00, 0xFF, 0x3F, 0xFF, 0xFF, 0xFF, 0xFF, 0x3F, 0xFF, 0xFF, 0xFF,
  0xFF, 0x3F, 0xFF, 0xFF, 0xFF, 0xFF, 0x3F, 0xFF, 0xFF, 0xFF, 0xFF, 0x3F,
  0xFF, 0xFF, 0xFF, 0xFF, 0x3F, 0xFF, 0xFF, 0xFF, 0xFF, 0x3F,
};

const unsigned char 12_3N_icon[] PROGMEM = {
  0xFF, 0xFF, 0xFF, 0xFF, 0x3F, 0xFF, 0xFF, 0xFF, 0xFF, 0x3F, 0xFF, 0xFF,
  0xFF, 0xFF, 0x3F, 0xFF, 0xFF, 0xFF, 0xFF, 0x3F, 0xFF, 0xFF, 0xFF, 0xFF,
  0x3F, 0xFF, 0xFF, 0xFF, 0xFF, 0x3F, 0xFF, 0x3F, 0x00, 0xFF, 0x3F, 0xFF,
  0x0F, 0x00, 0xFC, 0x3F, 0xFF, 0x87, 0x7F, 0xF8, 0x3F, 0xFF, 0xE1, 0xF3,
  0xE1, 0x3F, 0xFF, 0xF1, 0xE1, 0xE3, 0x3F, 0xFF, 0xF8, 0xC0, 0xC7, 0x3F,
  0x7F, 0xFC, 0xC0, 0x8F, 0x3F, 0x7F, 0xFE, 0xC0, 0x9F, 0x3F, 0x3F, 0xFE,
  0xE1, 0x1F, 0x3F, 0x3F, 0xFF, 0xFF, 0x3F, 0x3F, 0x3F, 0xFF, 0xFF, 0x3F,
  0x3F, 0x3F, 0xFF, 0xFF, 0x3F, 0x3F, 0x3F, 0xFF, 0xFF, 0x3F, 0x3F, 0x3F,
  0xFF, 0xFF, 0x3F, 0x3F, 0x3F, 0xFF, 0xFF, 0x3F, 0x3F, 0x3F, 0xFF, 0xFF,
  0x3F, 0x3F, 0x3F, 0xFF, 0xFF, 0x3F, 0x3F, 0x3F, 0xFE, 0xFF, 0x1F, 0x3F,
  0x7F, 0xFE, 0xFF, 0x9F, 0x3F, 0x7F, 0xFC, 0xFF, 0x8F, 0x3F, 0xFF, 0xF8,
  0xFF, 0xC7, 0x3F, 0xFF, 0xF1, 0xFF, 0xE3, 0x3F, 0xFF, 0xE1, 0xFF, 0xE1,
  0x3F, 0xFF, 0x87, 0x7F, 0xF8, 0x3F, 0xFF, 0x0F, 0x00, 0xFC, 0x3F, 0xFF,
  0x3F, 0x00, 0xFF, 0x3F, 0xFF, 0xFF, 0xFF, 0xFF, 0x3F, 0xFF, 0xFF, 0xFF,
  0xFF, 0x3F, 0xFF, 0xFF, 0xFF, 0xFF, 0x3F, 0xFF, 0xFF, 0xFF, 0xFF, 0x3F,
  0xFF, 0xFF, 0xFF, 0xFF, 0x3F, 0xFF, 0xFF, 0xFF, 0xFF, 0x3F,
};

const unsigned char 12_3NE_icon[] PROGMEM = {
  0xFF, 0xFF, 0xFF, 0xFF, 0x3F, 0xFF, 0xFF, 0xFF, 0xFF, 0x3F, 0xFF, 0xFF,
  0xFF, 0xFF, 0x3F, 0xFF, 0xFF, 0xFF, 0xFF, 0x3F, 0xFF, 0xFF, 0xFF, 0xFF,
  0x3F, 0xFF, 0xFF, 0xFF, 0xFF, 0x3F, 0xFF, 0x3F, 0x00, 0xFF, 0x3F, 0xFF,
  0x0F, 0x00, 0xFC, 0x3F, 0xFF, 0x87, 0x7F, 0xF8, 0x3F, 0xFF, 0xE1, 0xFF,
  0xE1, 0x3F, 0xFF, 0xF1, 0xFF, 0xE3, 0x3F, 0xFF, 0xF8, 0x7F, 0xC6, 0x3F,
  0x7F, 0xFC, 0x1F, 0x8C, 0x3F, 0x7F, 0xFE, 0x1F, 0x98, 0x3F, 0x3F, 0xFE,
  0x1F, 0x18, 0x3F, 0x3F, 0xFF, 0x1F, 0x38, 0x3F, 0x3F, 0xFF, 0x1F, 0x3C,
  0x3F, 0x3F, 0xFF, 0xFF, 0x3F, 0x3F, 0x3F, 0xFF, 0xFF, 0x3F, 0x3F, 0x3F,
  0xFF, 0xFF, 0x3F, 0x3F, 0x3F, 0xFF, 0xFF, 0x3F, 0x3F, 0x3F, 0xFF, 0xFF,
  0x3F, 0x3F, 0x3F, 0xFF, 0xFF, 0x3F, 0x3F, 0x3F, 0xFE, 0xFF, 0x1F, 0x3F,
  0x7F, 0xFE, 0xFF, 0x9F, 0x3F, 0x7F, 0xFC, 0xFF, 0x8F, 0x3F, 0xFF, 0xF8,
  0xFF, 0xC7, 0x3F, 0xFF, 0xF1, 0xFF, 0xE3, 0x3F, 0xFF, 0xE1, 0xFF, 0xE1,
  0x3F, 0xFF, 0x87, 0x7F, 0xF8, 0x3F, 0xFF, 0x0F, 0x00, 0xFC, 0x3F, 0xFF,
  0x3F, 0x00, 0xFF, 0x3F, 0xFF, 0xFF, 0xFF, 0xFF, 0x3F, 0xFF, 0xFF, 0xFF,
  0xFF, 0x3F, 0xFF, 0xFF, 0xFF, 0xFF, 0x3F, 0xFF, 0xFF, 0xFF, 0xFF, 0x3F,
  0xFF, 0xFF, 0xFF, 0xFF, 0x3F, 0xFF, 0xFF, 0xFF, 0xFF, 0x3F,
};

const unsigned char 12_3NW_icon[] PROGMEM = {
  0xFF, 0xFF, 0xFF, 0xFF, 0x3F, 0xFF, 0xFF, 0xFF, 0xFF, 0x3F, 0xFF, 0xFF,
  0xFF, 0xFF, 0x3F, 0xFF, 0xFF, 0xFF, 0xFF, 0x3F, 0xFF, 0xFF, 0xFF, 0xFF,
  0x3F, 0xFF, 0xFF, 0xFF, 0xFF, 0x3F, 0xFF, 0x3F, 0x00, 0xFF, 0x3F, 0xFF,
  0x0F, 0x00, 0xFC, 0x3F, 0xFF, 0x87, 0x7F, 0xF8, 0x3F, 0xFF, 0xE1, 0xFF,
  0xE1, 0x3F, 0xFF, 0xF1, 0xFF, 0xE3, 0x3F, 0xFF, 0x98, 0xFF, 0xC7, 0x3F,
  0x7F, 0x0C, 0xFE, 0x8F, 0x3F, 0x7F, 0x06, 0xFE, 0x9F, 0x3F, 0x3F, 0x06,
  0xFE, 0x1F, 0x3F, 0x3F, 0x07, 0xFE, 0x3F, 0x3F, 0x3F, 0x0F, 0xFE, 0x3F,
  0x3F, 0x3F, 0xFF, 0xFF, 0x3F, 0x3F, 0x3F, 0xFF, 0xFF, 0x3F, 0x3F, 0x3F,
  0xFF, 0xFF, 0x3F, 0x3F, 0x3F, 0xFF, 0xFF, 0x3F, 0x3F, 0x3F, 0xFF, 0xFF,
  0x3F, 0x3F, 0x3F, 0xFF, 0xFF, 0x3F, 0x3F, 0x3F, 0xFE, 0xFF, 0x1F, 0x3F,
  0x7F, 0xFE, 0xFF, 0x9F, 0x3F, 0x7F, 0xFC, 0xFF, 0x8F, 0x3F, 0xFF, 0xF8,
  0xFF, 0xC7, 0x3F, 0xFF, 0xF1, 0xFF, 0xE3, 0x3F, 0xFF, 0xE1, 0xFF, 0xE1,
  0x3F, 0xFF, 0x87, 0x7F, 0xF8, 0x3F, 0xFF, 0x0F, 0x00, 0xFC, 0x3F, 0xFF,
  0x3F, 0x00, 0xFF, 0x3F, 0xFF, 0xFF, 0xFF, 0xFF, 0x3F, 0xFF, 0xFF, 0xFF,
  0xFF, 0x3F, 0xFF, 0xFF, 0xFF, 0xFF, 0x3F, 0xFF, 0xFF, 0xFF, 0xFF, 0x3F,
  0xFF, 0xFF, 0xFF, 0xFF, 0x3F, 0xFF, 0xFF, 0xFF, 0xFF, 0x3F,
};

const unsigned char 12_3S_icon[] PROGMEM = {
  0xFF, 0xFF, 0xFF, 0xFF, 0x3F, 0xFF, 0xFF, 0xFF, 0xFF, 0x3F, 0xFF, 0xFF,
  0xFF, 0xFF, 0x3F, 0xFF, 0xFF, 0xFF, 0xFF, 0x3F, 0xFF, 0xFF, 0xFF, 0xFF,
  0x3F, 0xFF, 0xFF, 0xFF, 0xFF, 0x3F, 0xFF, 0x3F, 0x00, 0xFF, 0x3F, 0xFF,
  0x0F, 0x00, 0xFC, 0x3F, 0xFF, 0x87, 0x7F, 0xF8, 0x3F, 0xFF, 0xE1, 0xFF,
  0xE1, 0x3F, 0xFF, 0xF1, 0xFF, 0xE3, 0x3F, 0xFF, 0xF8, 0xFF, 0xC7, 0x3F,
  0x7F, 0xFC, 0xFF, 0x8F, 0x3F, 0x7F, 0xFE, 0xFF, 0x9F, 0x3F, 0x3F, 0xFE,
  0xFF, 0x1F, 0x3F, 0x3F, 0xFF, 0xFF, 0x3F, 0x3F, 0x3F, 0xFF, 0xFF, 0x3F,
  0x3F, 0x3F, 0xFF, 0xFF, 0x3F, 0x3F, 0x3F, 0xFF, 0xFF, 0x3F, 0x3F, 0x3F,
  0xFF, 0xFF, 0x3F, 0x3F, 0x3F, 0xFF, 0xFF, 0x3F, 0x3F, 0x3F, 0xFF, 0xFF,
  0x3F, 0x3F, 0x3F, 0xFF, 0xFF, 0x3F, 0x3F, 0x3F, 0xFE, 0xE1, 0x1F, 0x3F,
  0x7F, 0xFE, 0xC0, 0x9F, 0x3F, 0x7F, 0xFC, 0xC0, 0x8F, 0x3F, 0xFF, 0xF8,
  0xC0, 0xC7, 0x3F, 0xFF, 0xF1, 0xE1, 0xE3, 0x3F, 0xFF, 0xE1, 0xF3, 0xE1,
  0x3F, 0xFF, 0x87, 0x7F, 0xF8, 0x3F, 0xFF, 0x0F, 0x00, 0xFC, 0x3F, 0xFF,
  0x3F, 0x00, 0xFF, 0x3F, 0xFF, 0xFF, 0xFF, 0xFF, 0x3F, 0xFF, 0xFF, 0xFF,
  0xFF, 0x3F, 0xFF, 0xFF, 0xFF, 0xFF, 0x3F, 0xFF, 0xFF, 0xFF, 0xFF, 0x3F,
  0xFF, 0xFF, 0xFF, 0xFF, 0x3F, 0xFF, 0xFF, 0xFF, 0xFF, 0x3F,
};

const unsigned char 12_3SE_icon[] PROGMEM = {
  0xFF, 0xFF, 0xFF, 0xFF, 0x3F, 0xFF, 0xFF, 0xFF, 0xFF, 0x3F, 0xFF, 0xFF,
  0xFF, 0xFF, 0x3F, 0xFF, 0xFF, 0xFF, 0xFF, 0x3F, 0xFF, 0xFF, 0xFF, 0xFF,
  0x3F, 0xFF, 0xFF, 0xFF, 0xFF, 0x3F, 0xFF, 0x3F, 0x00, 0xFF, 0x3F, 0xFF,
  0x0F, 0x00, 0xFC, 0x3F, 0xFF, 0x87, 0x7F, 0xF8, 0x3F, 0xFF, 0xE1, 0xFF,
  0xE1, 0x3F, 0xFF, 0xF1, 0xFF, 0xE3, 0x3F, 0xFF, 0xF8, 0xFF, 0xC7, 0x3F,
  0x7F, 0xFC, 0xFF, 0x8F, 0x3F, 0x7F, 0xFE, 0xFF, 0x9F, 0x3F, 0x3F, 0xFE,
  0xFF, 0x1F, 0x3F, 0x3F, 0xFF, 0xFF, 0x3F, 0x3F, 0x3F, 0xFF, 0xFF, 0x3F,
  0x3F, 0x3F, 0xFF, 0xFF, 0x3F, 0x3F, 0x3F, 0xFF, 0xFF, 0x3F, 0x3F, 0x3F,
  0xFF, 0xFF, 0x3F, 0x3F, 0x3F, 0xFF, 0xFF, 0x3F, 0x3F, 0x3F, 0xFF, 0x1F,
  0x3C, 0x3F, 0x3F, 0xFF, 0x1F, 0x38, 0x3F, 0x3F, 0xFE, 0x1F, 0x18, 0x3F,
  0x7F, 0xFE, 0x1F, 0x98, 0x3F, 0x7F, 0xFC, 0x1F, 0x8C, 0x3F, 0xFF, 0xF8,
  0x7F, 0xC6, 0x3F, 0xFF, 0xF1, 0xFF, 0xE3, 0x3F, 0xFF, 0xE1, 0xFF, 0xE1,
  0x3F, 0xFF, 0x87, 0x7F, 0xF8, 0x3F, 0xFF, 0x0F, 0x00, 0xFC, 0x3F, 0xFF,
  0x3F, 0x00, 0xFF, 0x3F, 0xFF, 0xFF, 0xFF, 0xFF, 0x3F, 0xFF, 0xFF, 0xFF,
  0xFF, 0x3F, 0xFF, 0xFF, 0xFF, 0xFF, 0x3F, 0xFF, 0xFF, 0xFF, 0xFF, 0x3F,
  0xFF, 0xFF, 0xFF, 0xFF, 0x3F, 0xFF, 0xFF, 0xFF, 0xFF, 0x3F,
};

const unsigned char 12_3SW_icon[] PROGMEM = {
  0xFF, 0xFF, 0xFF, 0xFF, 0x3F, 0xFF, 0xFF, 0xFF, 0xFF, 0x3F, 0xFF, 0xFF,
  0xFF, 0xFF, 0x3F, 0xFF, 0xFF, 0xFF, 0xFF, 0x3F, 0xFF, 0xFF, 0xFF, 0xFF,
  0x3F, 0xFF, 0xFF, 0xFF, 0xFF, 0x3F, 0xFF, 0x3F, 0x00, 0xFF, 0x3F, 0xFF,
  0x0F, 0x00, 0xFC, 0x3F, 0xFF, 0x87, 0x7F, 0xF8, 0x3F, 0xFF, 0xE1, 0xFF,
  0xE1, 0x3F, 0xFF, 0xF1, 0xFF, 0xE3, 0x3F, 0xFF, 0xF8, 0xFF, 0xC7, 0x3F,
  0x7F, 0xFC, 0xFF, 0x8F, 0x3F, 0x7F, 0xFE, 0xFF, 0x9F, 0x3F, 0x3F, 0xFE,
  0xFF, 0x1F, 0x3F, 0x3F, 0xFF, 0xFF, 0x3F, 0x3F, 0x3F, 0xFF, 0xFF, 0x3F,
  0x3F, 0x3F, 0xFF, 0xFF, 0x3F, 0x3F, 0x3F, 0xFF, 0xFF, 0x3F, 0x3F, 0x3F,
  0xFF, 0xFF, 0x3F, 0x3F, 0x3F, 0xFF, 0xFF, 0x3F, 0x3F, 0x3F, 0x0F, 0xFE,
  0x3F, 0x3F, 0x3F, 0x07, 0xFE, 0x3F, 0x3F, 0x3F, 0x06, 0xFE, 0x1F, 0x3F,
  0x7F, 0x06, 0xFE, 0x9F, 0x3F, 0x7F, 0x0C, 0xFE, 0x8F, 0x3F, 0xFF, 0x98,
  0xFF, 0xC7, 0x3F, 0xFF, 0xF1, 0xFF, 0xE3, 0x3F, 0xFF, 0xE1, 0xFF, 0xE1,
  0x3F, 0xFF, 0x87, 0x7F, 0xF8, 0x3F, 0xFF, 0x0F, 0x00, 0xFC, 0x3F, 0xFF,
  0x3F, 0x00, 0xFF, 0x3F, 0xFF, 0xFF, 0xFF, 0xFF, 0x3F, 0xFF, 0xFF, 0xFF,
  0xFF, 0x3F, 0xFF, 0xFF, 0xFF, 0xFF, 0x3F, 0xFF, 0xFF, 0xFF, 0xFF, 0x3F,
  0xFF, 0xFF, 0xFF, 0xFF, 0x3F, 0xFF, 0xFF, 0xFF, 0xFF, 0x3F,
};

const unsigned char 12_3W_icon[] PROGMEM = {
  0xFF, 0xFF, 0xFF, 0xFF, 0x3F, 0xFF, 0xFF, 0xFF, 0xFF, 0x3F, 0xFF, 0xFF,
  0xFF, 0xFF, 0x3F, 0xFF, 0xFF, 0xFF, 0xFF, 0x3F, 0xFF, 0xFF, 0xFF, 0xFF,
  0x3F, 0xFF, 0xFF, 0xFF, 0xFF, 0x3F, 0xFF, 0x3F, 0x00, 0xFF, 0x3F, 0xFF,
  0x0F, 0x00, 0xFC, 0x3F, 0xFF, 0x87, 0x7F, 0xF8, 0x3F, 0xFF, 0xE1, 0xFF,
  0xE1, 0x3F, 0xFF, 0xF1, 0xFF, 0xE3, 0x3F, 0xFF, 0xF8, 0xFF, 0xC7, 0x3F,
  0x7F, 0xFC, 0xFF, 0x8F, 0x3F, 0x7F, 0xFE, 0xFF, 0x9F, 0x3F, 0x3F, 0xFE,
  0xFF, 0x1F, 0x3F, 0x3F, 0xFF, 0xFF, 0x3F, 0x3F, 0x3F, 0xC7, 0xFF, 0x3F,
  0x3F, 0x3F, 0x83, 0xFF, 0x3F, 0x3F, 0x3F, 0x81, 0xFF, 0x3F, 0x3F, 0x3F,
  0x81, 0xFF, 0x3F, 0x3F, 0x3F, 0x83, 0xFF, 0x3F, 0x3F, 0x3F, 0xC7, 0xFF,
  0x3F, 0x3F, 0x3F, 0xFF, 0xFF, 0x3F, 0x3F, 0x3F, 0xFE, 0xFF, 0x1F, 0x3F,
  0x7F, 0xFE, 0xFF, 0x9F, 0x3F, 0x7F, 0xFC, 0xFF, 0x8F, 0x3F, 0xFF, 0xF8,
  0xFF, 0xC7, 0x3F, 0xFF, 0xF1, 0xFF, 0xE3, 0x3F, 0xFF, 0xE1, 0xFF, 0xE1,
  0x3F, 0xFF, 0x87, 0x7F, 0xF8, 0x3F, 0xFF, 0x0F, 0x00, 0xFC, 0x3F, 0xFF,
  0x3F, 0x00, 0xFF, 0x3F, 0xFF, 0xFF, 0xFF, 0xFF, 0x3F, 0xFF, 0xFF, 0xFF,
  0xFF, 0x3F, 0xFF, 0xFF, 0xFF, 0xFF, 0x3F, 0xFF, 0xFF, 0xFF, 0xFF, 0x3F,
  0xFF, 0xFF, 0xFF, 0xFF, 0x3F, 0xFF, 0xFF, 0xFF, 0xFF, 0x3F,
};

const unsigned char 12_4E_icon[] PROGMEM = {
  0xFF, 0xFF, 0xFF, 0xFF, 0x3F, 0xFF, 0xFF, 0xFF, 0xFF, 0x3F, 0xFF, 0xFF,
  0xFF, 0xFF, 0x3F, 0xFF, 0xFF, 0xFF, 0xFF, 0x3F, 0xFF, 0xFF, 0xFF, 0xFF,
  0x3F, 0xFF, 0xFF, 0xFF, 0xFF, 0x3F, 0xFF, 0x7F, 0xFC, 0xFF, 0x3F, 0xFF,
  0x7F, 0xF8, 0xFF, 0x3F, 0xFF, 0xFF, 0xF0, 0xFF, 0x3F, 0xFF, 0xFF, 0xE1,
  0xFF, 0x3F, 0xFF, 0xFF, 0xC3, 0xFF, 0x3F, 0xFF, 0xFF, 0x87, 0xFF, 0x3F,
  0xFF, 0xFF, 0x0F, 0xFF, 0x3F, 0xFF, 0xFF, 0x1F, 0xFE, 0x3F, 0xFF, 0xFF,
  0x3F, 0xFC, 0x3F, 0xFF, 0xFF, 0x7F, 0xF8, 0x3F, 0xFF, 0xFF, 0x8F, 0xF0,
  0x3F, 0xFF, 0xFF, 0x07, 0xE1, 0x3F, 0xFF, 0xFF, 0x03, 0xC3, 0x3F, 0xFF,
  0xFF, 0x03, 0xC3, 0x3F, 0xFF, 0xFF, 0x07, 0xE1, 0x3F, 0xFF, 0xFF, 0x8F,
  0xF0, 0x3F, 0xFF, 0xFF, 0x7F, 0xF8, 0x3F, 0xFF, 0xFF, 0x3F, 0xFC, 0x3F,
  0xFF, 0xFF, 0x1F, 0xFE, 0x3F, 0xFF, 0xFF, 0x0F, 0xFF, 0x3F, 0xFF, 0xFF,
  0x87, 0xFF, 0x3F, 0xFF, 0xFF, 0xC3, 0xFF, 0x3F, 0xFF, 0xFF, 0xE1, 0xFF,
  0x3F, 0xFF, 0xFF, 0xF0, 0xFF, 0x3F, 0xFF, 0x7F, 0xF8, 0xFF, 0x3F, 0xFF,
  0x7F, 0xFC, 0xFF, 0x3F, 0xFF, 0xFF, 0xFF, 0xFF, 0x3F, 0xFF, 0xFF, 0xFF,
  0xFF, 0x3F, 0xFF, 0xFF, 0xFF, 0xFF, 0x3F, 0xFF, 0xFF, 0xFF, 0xFF, 0x3F,
  0xFF, 0xFF, 0xFF, 0xFF, 0x3F, 0xFF, 0xFF, 0xFF, 0xFF, 0x3F,
};

const unsigned char 12_4N_icon[] PROGMEM = {
  0xFF, 0xFF, 0xFF, 0xFF, 0x3F, 0xFF, 0xFF, 0xFF, 0xFF, 0x3F, 0xFF, 0xFF,
  0xFF, 0xFF, 0x3F, 0xFF, 0xFF, 0xFF, 0xFF, 0x3F, 0xFF, 0xFF, 0xFF, 0xFF,
  0x3F, 0xFF, 0xFF, 0xFF, 0xFF, 0x3F, 0xFF, 0xFF, 0xFF, 0xFF, 0x3F, 0xFF,
  0xFF, 0xFF, 0xFF, 0x3F, 0xFF, 0xFF, 0xF3, 0xFF, 0x3F, 0xFF, 0xFF, 0xE1,
  0xFF, 0x3F, 0xFF, 0xFF, 0xC0, 0xFF, 0x3F, 0xFF, 0x7F, 0x80, 0xFF, 0x3F,
  0xFF, 0x3F, 0x0C, 0xFF, 0x3F, 0xFF, 0x1F, 0x1E, 0xFE, 0x3F, 0xFF, 0x0F,
  0x21, 0xFC, 0x3F, 0xFF, 0x87, 0x40, 0xF8, 0x3F, 0xFF, 0xC3, 0xC0, 0xF0,
  0x3F, 0xFF, 0xE1, 0xC0, 0xE1, 0x3F, 0xFF, 0xF0, 0xE1, 0xC3, 0x3F, 0x7F,
  0xF8, 0xF3, 0x87, 0x3F, 0x3F, 0xFC, 0xFF, 0x0F, 0x3F, 0x3F, 0xFE, 0xFF,
  0x1F, 0x3F, 0x3F, 0xFF, 0xFF, 0x3F, 0x3F, 0xFF, 0xFF, 0xFF, 0xFF, 0x3F,
  0xFF, 0xFF, 0xFF, 0xFF, 0x3F, 0xFF, 0xFF, 0xFF, 0xFF, 0x3F, 0xFF, 0xFF,
  0xFF, 0xFF, 0x3F, 0xFF, 0xFF, 0xFF, 0xFF, 0x3F, 0xFF, 0xFF, 0xFF, 0xFF,
  0x3F, 0xFF, 0xFF, 0xFF, 0xFF, 0x3F, 0xFF, 0xFF, 0xFF, 0xFF, 0x3F, 0xFF,
  0xFF, 0xFF, 0xFF, 0x3F, 0xFF, 0xFF, 0xFF, 0xFF, 0x3F, 0xFF, 0xFF, 0xFF,
  0xFF, 0x3F, 0xFF, 0xFF, 0xFF, 0xFF, 0x3F, 0xFF, 0xFF, 0xFF, 0xFF, 0x3F,
  0xFF, 0xFF, 0xFF, 0xFF, 0x3F, 0xFF, 0xFF, 0xFF, 0xFF, 0x3F,
};

const unsigned char 12_4NE_icon[] PROGMEM = {
  0xFF, 0xFF, 0xFF, 0xFF, 0x3F, 0xFF, 0xFF, 0xFF, 0xFF, 0x3F, 0xFF, 0xFF,
  0xFF, 0xFF, 0x3F, 0xFF, 0xFF, 0xFF, 0xFF, 0x3F, 0xFF, 0xFF, 0xFF, 0xFF,
  0x3F, 0xFF, 0xFF, 0xFF, 0xFF, 0x3F, 0xFF, 0xFF, 0xFF, 0xFF, 0x3F, 0xFF,
  0xFF, 0xFF, 0xFF, 0x3F, 0xFF, 0xFF, 0xFF, 0xFF, 0x3F, 0xFF, 0xFF, 0xFF,
  0xFF, 0x3F, 0xFF, 0xFF, 0xFF, 0xFF, 0x3F, 0xFF, 0x00, 0x00, 0xF8, 0x3F,
  0xFF, 0x00, 0x00, 0xF8, 0x3F, 0xFF, 0xFF, 0xFF, 0xF9, 0x3F, 0xFF, 0xFF,
  0xCF, 0xF9, 0x3F, 0xFF, 0xFF, 0x83, 0xF9, 0x3F, 0xFF, 0xFF, 0x03, 0xF9,
  0x3F, 0xFF, 0xFF, 0x03, 0xF9, 0x3F, 0xFF, 0xFF, 0x83, 0xF9, 0x3F, 0xFF,
  0xFF, 0x83, 0xF9, 0x3F, 0xFF, 0xFF, 0xFF, 0xF9, 0x3F, 0xFF, 0xFF, 0xFF,
  0xF9, 0x3F, 0xFF, 0xFF, 0xFF, 0xF9, 0x3F, 0xFF, 0xFF, 0xFF, 0xF9, 0x3F,
  0xFF, 0xFF, 0xFF, 0xF9, 0x3F, 0xFF, 0xFF, 0xFF, 0xF9, 0x3F, 0xFF, 0xFF,
  0xFF, 0xF9, 0x3F, 0xFF, 0xFF, 0xFF, 0xF9, 0x3F, 0xFF, 0xFF, 0xFF, 0xF9,
  0x3F, 0xFF, 0xFF, 0xFF, 0xF9, 0x3F, 0xFF, 0xFF, 0xFF, 0xFF, 0x3F, 0xFF,
  0xFF, 0xFF, 0xFF, 0x3F, 0xFF, 0xFF, 0xFF, 0xFF, 0x3F, 0xFF, 0xFF, 0xFF,
  0xFF, 0x3F, 0xFF, 0xFF, 0xFF, 0xFF, 0x3F, 0xFF, 0xFF, 0xFF, 0xFF, 0x3F,
  0xFF, 0xFF, 0xFF, 0xFF, 0x3F, 0xFF, 0xFF, 0xFF, 0xFF, 0x3F,
};

const unsigned char 12_4NW_icon[] PROGMEM = {
  0xFF, 0xFF, 0xFF, 0xFF, 0x3F, 0xFF, 0xFF, 0xFF, 0xFF, 0x3F, 0xFF, 0xFF,
  0xFF, 0xFF, 0x3F, 0xFF, 0xFF, 0xFF, 0xFF, 0x3F, 0xFF, 0xFF, 0xFF, 0xFF,
  0x3F, 0xFF, 0xFF, 0xFF, 0xFF, 0x3F, 0xFF, 0xFF, 0xFF, 0xFF, 0x3F, 0xFF,
  0xFF, 0xFF, 0xFF, 0x3F, 0xFF, 0xFF, 0xFF, 0xFF, 0x3F, 0xFF, 0xFF, 0xFF,
  0xFF, 0x3F, 0xFF, 0xFF, 0xFF, 0xFF, 0x3F, 0xFF, 0x07, 0x00, 0xC0, 0x3F,
  0xFF, 0x07, 0x00, 0xC0, 0x3F, 0xFF, 0xE7, 0xFF, 0xFF, 0x3F, 0xFF, 0xE7,
  0xFC, 0xFF, 0x3F, 0xFF, 0x67, 0xF0, 0xFF, 0x3F, 0xFF, 0x27, 0xF0, 0xFF,
  0x3F, 0xFF, 0x27, 0xF0, 0xFF, 0x3F, 0xFF, 0x67, 0xF0, 0xFF, 0x3F, 0xFF,
  0x67, 0xF0, 0xFF, 0x3F, 0xFF, 0xE7, 0xFF, 0xFF, 0x3F, 0xFF, 0xE7, 0xFF,
  0xFF, 0x3F, 0xFF, 0xE7, 0xFF, 0xFF, 0x3F, 0xFF, 0xE7, 0xFF, 0xFF, 0x3F,
  0xFF, 0xE7, 0xFF, 0xFF, 0x3F, 0xFF, 0xE7, 0xFF, 0xFF, 0x3F, 0xFF, 0xE7,
  0xFF, 0xFF, 0x3F, 0xFF, 0xE7, 0xFF, 0xFF, 0x3F, 0xFF, 0xE7, 0xFF, 0xFF,
  0x3F, 0xFF, 0xE7, 0xFF, 0xFF, 0x3F, 0xFF, 0xFF, 0xFF, 0xFF, 0x3F, 0xFF,
  0xFF, 0xFF, 0xFF, 0x3F, 0xFF, 0xFF, 0xFF, 0xFF, 0x3F, 0xFF, 0xFF, 0xFF,
  0xFF, 0x3F, 0xFF, 0xFF, 0xFF, 0xFF, 0x3F, 0xFF, 0xFF, 0xFF, 0xFF, 0x3F,
  0xFF, 0xFF, 0xFF, 0xFF, 0x3F, 0xFF, 0xFF, 0xFF, 0xFF, 0x3F,
};

const unsigned char 12_4S_icon[] PROGMEM = {
  0xFF, 0xFF, 0xFF, 0xFF, 0x3F, 0xFF, 0xFF, 0xFF, 0xFF, 0x3F, 0xFF, 0xFF,
  0xFF, 0xFF, 0x3F, 0xFF, 0xFF, 0xFF, 0xFF, 0x3F, 0xFF, 0xFF, 0xFF, 0xFF,
  0x3F, 0xFF, 0xFF, 0xFF, 0xFF, 0x3F, 0xFF, 0xFF, 0xFF, 0xFF, 0x3F, 0xFF,
  0xFF, 0xFF, 0xFF, 0x3F, 0xFF, 0xFF, 0xFF, 0xFF, 0x3F, 0xFF, 0xFF, 0xFF,
  0xFF, 0x3F, 0xFF, 0xFF, 0xFF, 0xFF, 0x3F, 0xFF, 0xFF, 0xFF, 0xFF, 0x3F,
  0xFF, 0xFF, 0xFF, 0xFF, 0x3F, 0xFF, 0xFF, 0xFF, 0xFF, 0x3F, 0xFF, 0xFF,
  0xFF, 0xFF, 0x3F, 0x3F, 0xFF, 0xFF, 0x3F, 0x3F, 0x3F, 0xFE, 0xFF, 0x1F,
  0x3F, 0x3F, 0xFC, 0xFF, 0x0F, 0x3F, 0x7F, 0xF8, 0xF3, 0x87, 0x3F, 0xFF,
  0xF0, 0xE1, 0xC3, 0x3F, 0xFF, 0xE1, 0xC0, 0xE1, 0x3F, 0xFF, 0xC3, 0xC0,
  0xF0, 0x3F, 0xFF, 0x87, 0x40, 0xF8, 0x3F, 0xFF, 0x0F, 0x21, 0xFC, 0x3F,
  0xFF, 0x1F, 0x1E, 0xFE, 0x3F, 0xFF, 0x3F, 0x0C, 0xFF, 0x3F, 0xFF, 0x7F,
  0x80, 0xFF, 0x3F, 0xFF, 0xFF, 0xC0, 0xFF, 0x3F, 0xFF, 0xFF, 0xE1, 0xFF,
  0x3F, 0xFF, 0xFF, 0xF3, 0xFF, 0x3F, 0xFF, 0xFF, 0xFF, 0xFF, 0x3F, 0xFF,
  0xFF, 0xFF, 0xFF, 0x3F, 0xFF, 0xFF, 0xFF, 0xFF, 0x3F, 0xFF, 0xFF, 0xFF,
  0xFF, 0x3F, 0xFF, 0xFF, 0xFF, 0xFF, 0x3F, 0xFF, 0xFF, 0xFF, 0xFF, 0x3F,
  0xFF, 0xFF, 0xFF, 0xFF, 0x3F, 0xFF, 0xFF, 0xFF, 0xFF, 0x3F,
};

const unsigned char 12_4SE_icon[] PROGMEM = {
  0xFF, 0xFF, 0xFF, 0xFF, 0x3F, 0xFF, 0xFF, 0xFF, 0xFF, 0x3F, 0xFF, 0xFF,
  0xFF, 0xFF, 0x3F, 0xFF, 0xFF, 0xFF, 0xFF, 0x3F, 0xFF, 0xFF, 0xFF, 0xFF,
  0x3F, 0xFF, 0xFF, 0xFF, 0xFF, 0x3F, 0xFF, 0xFF, 0xFF, 0xFF, 0x3F, 0xFF,
  0xFF, 0xFF, 0xFF, 0x3F, 0xFF, 0xFF, 0xFF, 0xF9, 0x3F, 0xFF, 0xFF, 0xFF,
  0xF9, 0x3F, 0xFF, 0xFF, 0xFF, 0xF9, 0x3F, 0xFF, 0xFF, 0xFF, 0xF9, 0x3F,
  0xFF, 0xFF, 0xFF, 0xF9, 0x3F, 0xFF, 0xFF, 0xFF, 0xF9, 0x3F, 0xFF, 0xFF,
  0xFF, 0xF9, 0x3F, 0xFF, 0xFF, 0xFF, 0xF9, 0x3F, 0xFF, 0xFF, 0xFF, 0xF9,
  0x3F, 0xFF, 0xFF, 0xFF, 0xF9, 0x3F, 0xFF, 0xFF, 0x83, 0xF9, 0x3F, 0xFF,
  0xFF, 0x83, 0xF9, 0x3F, 0xFF, 0xFF, 0x03, 0xF9, 0x3F, 0xFF, 0xFF, 0x03,
  0xF9, 0x3F, 0xFF, 0xFF, 0x83, 0xF9, 0x3F, 0xFF, 0xFF, 0xCF, 0xF9, 0x3F,
  0xFF, 0xFF, 0xFF, 0xF9, 0x3F, 0xFF, 0x00, 0x00, 0xF8, 0x3F, 0xFF, 0x00,
  0x00, 0xF8, 0x3F, 0xFF, 0xFF, 0xFF, 0xFF, 0x3F, 0xFF, 0xFF, 0xFF, 0xFF,
  0x3F, 0xFF, 0xFF, 0xFF, 0xFF, 0x3F, 0xFF, 0xFF, 0xFF, 0xFF, 0x3F, 0xFF,
  0xFF, 0xFF, 0xFF, 0x3F, 0xFF, 0xFF, 0xFF, 0xFF, 0x3F, 0xFF, 0xFF, 0xFF,
  0xFF, 0x3F, 0xFF, 0xFF, 0xFF, 0xFF, 0x3F, 0xFF, 0xFF, 0xFF, 0xFF, 0x3F,
  0xFF, 0xFF, 0xFF, 0xFF, 0x3F, 0xFF, 0xFF, 0xFF, 0xFF, 0x3F,
};

const unsigned char 12_4SW_icon[] PROGMEM = {
  0xFF, 0xFF, 0xFF, 0xFF, 0x3F, 0xFF, 0xFF, 0xFF, 0xFF, 0x3F, 0xFF, 0xFF,
  0xFF, 0xFF, 0x3F, 0xFF, 0xFF, 0xFF, 0xFF, 0x3F, 0xFF, 0xFF, 0xFF, 0xFF,
  0x3F, 0xFF, 0xFF, 0xFF, 0xFF, 0x3F, 0xFF, 0xFF, 0xFF, 0xFF, 0x3F, 0xFF,
  0xFF, 0xFF, 0xFF, 0x3F, 0xFF, 0xE7, 0xFF, 0xFF, 0x3F, 0xFF, 0xE7, 0xFF,
  0xFF, 0x3F, 0xFF, 0xE7, 0xFF, 0xFF, 0x3F, 0xFF, 0xE7, 0xFF, 0xFF, 0x3F,
  0xFF, 0xE7, 0xFF, 0xFF, 0x3F, 0xFF, 0xE7, 0xFF, 0xFF, 0x3F, 0xFF, 0xE7,
  0xFF, 0xFF, 0x3F, 0xFF, 0xE7, 0xFF, 0xFF, 0x3F, 0xFF, 0xE7, 0xFF, 0xFF,
  0x3F, 0xFF, 0xE7, 0xFF, 0xFF, 0x3F, 0xFF, 0x67, 0xF0, 0xFF, 0x3F, 0xFF,
  0x67, 0xF0, 0xFF, 0x3F, 0xFF, 0x27, 0xF0, 0xFF, 0x3F, 0xFF, 0x27, 0xF0,
  0xFF, 0x3F, 0xFF, 0x67, 0xF0, 0xFF, 0x3F, 0xFF, 0xE7, 0xFC, 0xFF, 0x3F,
  0xFF, 0xE7, 0xFF, 0xFF, 0x3F, 0xFF, 0x07, 0x00, 0xC0, 0x3F, 0xFF, 0x07,
  0x00, 0xC0, 0x3F, 0xFF, 0xFF, 0xFF, 0xFF, 0x3F, 0xFF, 0xFF, 0xFF, 0xFF,
  0x3F, 0xFF, 0xFF, 0xFF, 0xFF, 0x3F, 0xFF, 0xFF, 0xFF, 0xFF, 0x3F, 0xFF,
  0xFF, 0xFF, 0xFF, 0x3F, 0xFF, 0xFF, 0xFF, 0xFF, 0x3F, 0xFF, 0xFF, 0xFF,
  0xFF, 0x3F, 0xFF, 0xFF, 0xFF, 0xFF, 0x3F, 0xFF, 0xFF, 0xFF, 0xFF, 0x3F,
  0xFF, 0xFF, 0xFF, 0xFF, 0x3F, 0xFF, 0xFF, 0xFF, 0xFF, 0x3F,
};

const unsigned char 12_4W_icon[] PROGMEM = {
  0xFF, 0xFF, 0xFF, 0xFF, 0x3F, 0xFF, 0xFF, 0xFF, 0xFF, 0x3F, 0xFF, 0xFF,
  0xFF, 0xFF, 0x3F, 0xFF, 0xFF, 0xFF, 0xFF, 0x3F, 0xFF, 0xFF, 0xFF, 0xFF,
  0x3F, 0xFF, 0xFF, 0xFF, 0xFF, 0x3F, 0xFF, 0xFF, 0x8F, 0xFF, 0x3F, 0xFF,
  0xFF, 0x87, 0xFF, 0x3F, 0xFF, 0xFF, 0xC3, 0xFF, 0x3F, 0xFF, 0xFF, 0xE1,
  0xFF, 0x3F, 0xFF, 0xFF, 0xF0, 0xFF, 0x3F, 0xFF, 0x7F, 0xF8, 0xFF, 0x3F,
  0xFF, 0x3F, 0xFC, 0xFF, 0x3F, 0xFF, 0x1F, 0xFE, 0xFF, 0x3F, 0xFF, 0x0F,
  0xFF, 0xFF, 0x3F, 0xFF, 0x87, 0xFF, 0xFF, 0x3F, 0xFF, 0x43, 0xFC, 0xFF,
  0x3F, 0xFF, 0x21, 0xF8, 0xFF, 0x3F, 0xFF, 0x30, 0xF0, 0xFF, 0x3F, 0xFF,
  0x30, 0xF0, 0xFF, 0x3F, 0xFF, 0x21, 0xF8, 0xFF, 0x3F, 0xFF, 0x43, 0xFC,
  0xFF, 0x3F, 0xFF, 0x87, 0xFF, 0xFF, 0x3F, 0xFF, 0x0F, 0xFF, 0xFF, 0x3F,
  0xFF, 0x1F, 0xFE, 0xFF, 0x3F, 0xFF, 0x3F, 0xFC, 0xFF, 0x3F, 0xFF, 0x7F,
  0xF8, 0xFF, 0x3F, 0xFF, 0xFF, 0xF0, 0xFF, 0x3F, 0xFF, 0xFF, 0xE1, 0xFF,
  0x3F, 0xFF, 0xFF, 0xC3, 0xFF, 0x3F, 0xFF, 0xFF, 0x87, 0xFF, 0x3F, 0xFF,
  0xFF, 0x8F, 0xFF, 0x3F, 0xFF, 0xFF, 0xFF, 0xFF, 0x3F, 0xFF, 0xFF, 0xFF,
  0xFF, 0x3F, 0xFF, 0xFF, 0xFF, 0xFF, 0x3F, 0xFF, 0xFF, 0xFF, 0xFF, 0x3F,
  0xFF, 0xFF, 0xFF, 0xFF, 0x3F, 0xFF, 0xFF, 0xFF, 0xFF, 0x3F,
};

const unsigned char 12_5E_icon[] PROGMEM = {
  0xFF, 0xFF, 0xFF, 0xFF, 0x3F, 0xFF, 0xFF, 0xFF, 0xFF, 0x3F, 0xFF, 0xFF,
  0xFF, 0xFF, 0x3F, 0xFF, 0xFF, 0xFF, 0xFF, 0x3F, 0xFF, 0xFF, 0xFF, 0xFF,
  0x3F, 0xFF, 0xFF, 0xFF, 0xFF, 0x3F, 0xFF, 0xE7, 0xFF, 0xFF, 0x3F, 0xFF,
  0xC7, 0xFF, 0xFF, 0x3F, 0xFF, 0x8F, 0xFF, 0xFF, 0x3F, 0xFF, 0x1F, 0xFF,
  0xFF, 0x3F, 0xFF, 0x3F, 0xFE, 0xFF, 0x3F, 0xFF, 0x7F, 0xFC, 0xFF, 0x3F,
  0xFF, 0xFF, 0xF8, 0xFF, 0x3F, 0xFF, 0xFF, 0xF1, 0xFF, 0x3F, 0xFF, 0xFF,
  0xE3, 0xFF, 0x3F, 0xFF, 0xFF, 0xC7, 0xFF, 0x3F, 0xFF, 0xFF, 0x8F, 0x8F,
  0x3F, 0xFF, 0xFF, 0x1F, 0x07, 0x3F, 0xFF, 0xFF, 0x3F, 0x06, 0x3F, 0xFF,
  0xFF, 0x3F, 0x06, 0x3F, 0xFF, 0xFF, 0x1F, 0x07, 0x3F, 0xFF, 0xFF, 0x8F,
  0x8F, 0x3F, 0xFF, 0xFF, 0xC7, 0xFF, 0x3F, 0xFF, 0xFF, 0xE3, 0xFF, 0x3F,
  0xFF, 0xFF, 0xF1, 0xFF, 0x3F, 0xFF, 0xFF, 0xF8, 0xFF, 0x3F, 0xFF, 0x7F,
  0xFC, 0xFF, 0x3F, 0xFF, 0x3F, 0xFE, 0xFF, 0x3F, 0xFF, 0x1F, 0xFF, 0xFF,
  0x3F, 0xFF, 0x8F, 0xFF, 0xFF, 0x3F, 0xFF, 0xC7, 0xFF, 0xFF, 0x3F, 0xFF,
  0xE7, 0xFF, 0xFF, 0x3F, 0xFF, 0xFF, 0xFF, 0xFF, 0x3F, 0xFF, 0xFF, 0xFF,
  0xFF, 0x3F, 0xFF, 0xFF, 0xFF, 0xFF, 0x3F, 0xFF, 0xFF, 0xFF, 0xFF, 0x3F,
  0xFF, 0xFF, 0xFF, 0xFF, 0x3F, 0xFF, 0xFF, 0xFF, 0xFF, 0x3F,
};

const unsigned char 12_5N_icon[] PROGMEM = {
  0xFF, 0xFF, 0xFF, 0xFF, 0x3F, 0xFF, 0xFF, 0xFF, 0xFF, 0x3F, 0xFF, 0xFF,
  0xFF, 0xFF, 0x3F, 0xFF, 0xFF, 0xFF, 0xFF, 0x3F, 0xFF, 0xFF, 0xFF, 0xFF,
  0x3F, 0xFF, 0xFF, 0xFF, 0xFF, 0x3F, 0xFF, 0xFF, 0xE1, 0xFF, 0x3F, 0xFF,
  0xFF, 0xC0, 0xFF, 0x3F, 0xFF, 0xFF, 0xC0, 0xFF, 0x3F, 0xFF, 0xFF, 0xC0,
  0xFF, 0x3F, 0xFF, 0xFF, 0xE1, 0xFF, 0x3F, 0xFF, 0xFF, 0xFF, 0xFF, 0x3F,
  0xFF, 0xFF, 0xFF, 0xFF, 0x3F, 0xFF, 0xFF, 0xF3, 0xFF, 0x3F, 0xFF, 0xFF,
  0xE1, 0xFF, 0x3F, 0xFF, 0xFF, 0xC0, 0xFF, 0x3F, 0xFF, 0x7F, 0x8C, 0xFF,
  0x3F, 0xFF, 0x3F, 0x1E, 0xFF, 0x3F, 0xFF, 0x1F, 0x3F, 0xFE, 0x3F, 0xFF,
  0x8F, 0x7F, 0xFC, 0x3F, 0xFF, 0xC7, 0xFF, 0xF8, 0x3F, 0xFF, 0xE3, 0xFF,
  0xF1, 0x3F, 0xFF, 0xF1, 0xFF, 0xE3, 0x3F, 0xFF, 0xF8, 0xFF, 0xC7, 0x3F,
  0x7F, 0xFC, 0xFF, 0x8F, 0x3F, 0x3F, 0xFE, 0xFF, 0x1F, 0x3F, 0x3F, 0xFF,
  0xFF, 0x3F, 0x3F, 0xFF, 0xFF, 0xFF, 0xFF, 0x3F, 0xFF, 0xFF, 0xFF, 0xFF,
  0x3F, 0xFF, 0xFF, 0xFF, 0xFF, 0x3F, 0xFF, 0xFF, 0xFF, 0xFF, 0x3F, 0xFF,
  0xFF, 0xFF, 0xFF, 0x3F, 0xFF, 0xFF, 0xFF, 0xFF, 0x3F, 0xFF, 0xFF, 0xFF,
  0xFF, 0x3F, 0xFF, 0xFF, 0xFF, 0xFF, 0x3F, 0xFF, 0xFF, 0xFF, 0xFF, 0x3F,
  0xFF, 0xFF, 0xFF, 0xFF, 0x3F, 0xFF, 0xFF, 0xFF, 0xFF, 0x3F,
};

const unsigned char 12_5NE_icon[] PROGMEM = {
  0xFF, 0xFF, 0xFF, 0xFF, 0x3F, 0xFF, 0xFF, 0xFF, 0xFF, 0x3F, 0xFF, 0xFF,
  0xFF, 0xFF, 0x3F, 0xFF, 0xFF, 0xFF, 0xFF, 0x3F, 0xFF, 0xFF, 0xFF, 0xFF,
  0x3F, 0xFF, 0xFF, 0xFF, 0xFF, 0x3F, 0xFF, 0xFF, 0xFF, 0xFF, 0x3F, 0xFF,
  0xFF, 0xFF, 0xFF, 0x3F, 0xFF, 0xFF, 0xFF, 0xC1, 0x3F, 0xFF, 0xFF, 0xFF,
  0xC1, 0x3F, 0xFF, 0xFF, 0xFF, 0xC0, 0x3F, 0xFF, 0xFF, 0xFF, 0xC0, 0x3F,
  0xFF, 0xFF, 0xFF, 0xC1, 0x3F, 0xFF, 0xFF, 0xFF, 0xF3, 0x3F, 0x1F, 0x00,
  0x00, 0xFF, 0x3F, 0x1F, 0x00, 0x00, 0xFF, 0x3F, 0xFF, 0xFF, 0x3F, 0xFF,
  0x3F, 0xFF, 0xFF, 0x3F, 0xFF, 0x3F, 0xFF, 0xFF, 0x3F, 0xFF, 0x3F, 0xFF,
  0xFF, 0x3F, 0xFF, 0x3F, 0xFF, 0xFF, 0x3F, 0xFF, 0x3F, 0xFF, 0xFF, 0x3F,
  0xFF, 0x3F, 0xFF, 0xFF, 0x3F, 0xFF, 0x3F, 0xFF, 0xFF, 0x3F, 0xFF, 0x3F,
  0xFF, 0xFF, 0x3F, 0xFF, 0x3F, 0xFF, 0xFF, 0x3F, 0xFF, 0x3F, 0xFF, 0xFF,
  0x3F, 0xFF, 0x3F, 0xFF, 0xFF, 0x3F, 0xFF, 0x3F, 0xFF, 0xFF, 0x3F, 0xFF,
  0x3F, 0xFF, 0xFF, 0x3F, 0xFF, 0x3F, 0xFF, 0xFF, 0x3F, 0xFF, 0x3F, 0xFF,
  0xFF, 0x3F, 0xFF, 0x3F, 0xFF, 0xFF, 0x3F, 0xFF, 0x3F, 0xFF, 0xFF, 0xFF,
  0xFF, 0x3F, 0xFF, 0xFF, 0xFF, 0xFF, 0x3F, 0xFF, 0xFF, 0xFF, 0xFF, 0x3F,
  0xFF, 0xFF, 0xFF, 0xFF, 0x3F, 0xFF, 0xFF, 0xFF, 0xFF, 0x3F,
};

const unsigned char 12_5NW_icon[] PROGMEM = {
  0xFF, 0xFF, 0xFF, 0xFF, 0x3F, 0xFF, 0xFF, 0xFF, 0xFF, 0x3F, 0xFF, 0xFF,
  0xFF, 0xFF, 0x3F, 0xFF, 0xFF, 0xFF, 0xFF, 0x3F, 0xFF, 0xFF, 0xFF, 0xFF,
  0x3F, 0xFF, 0xFF, 0xFF, 0xFF, 0x3F, 0xFF, 0xFF, 0xFF, 0xFF, 0x3F, 0xFF,
  0xFF, 0xFF, 0xFF, 0x3F, 0xFF, 0xE0, 0xFF, 0xFF, 0x3F, 0xFF, 0xE0, 0xFF,
  0xFF, 0x3F, 0xFF, 0xC0, 0xFF, 0xFF, 0x3F, 0xFF, 0xC0, 0xFF, 0xFF, 0x3F,
  0xFF, 0xE0, 0xFF, 0xFF, 0x3F, 0xFF, 0xF3, 0xFF, 0xFF, 0x3F, 0xFF, 0x3F,
  0x00, 0x00, 0x3E, 0xFF, 0x3F, 0x00, 0x00, 0x3E, 0xFF, 0x3F, 0xFF, 0xFF,
  0x3F, 0xFF, 0x3F, 0xFF, 0xFF, 0x3F, 0xFF, 0x3F, 0xFF, 0xFF, 0x3F, 0xFF,
  0x3F, 0xFF, 0xFF, 0x3F, 0xFF, 0x3F, 0xFF, 0xFF, 0x3F, 0xFF, 0x3F, 0xFF,
  0xFF, 0x3F, 0xFF, 0x3F, 0xFF, 0xFF, 0x3F, 0xFF, 0x3F, 0xFF, 0xFF, 0x3F,
  0xFF, 0x3F, 0xFF, 0xFF, 0x3F, 0xFF, 0x3F, 0xFF, 0xFF, 0x3F, 0xFF, 0x3F,
  0xFF, 0xFF, 0x3F, 0xFF, 0x3F, 0xFF, 0xFF, 0x3F, 0xFF, 0x3F, 0xFF, 0xFF,
  0x3F, 0xFF, 0x3F, 0xFF, 0xFF, 0x3F, 0xFF, 0x3F, 0xFF, 0xFF, 0x3F, 0xFF,
  0x3F, 0xFF, 0xFF, 0x3F, 0xFF, 0x3F, 0xFF, 0xFF, 0x3F, 0xFF, 0xFF, 0xFF,
  0xFF, 0x3F, 0xFF, 0xFF, 0xFF, 0xFF, 0x3F, 0xFF, 0xFF, 0xFF, 0xFF, 0x3F,
  0xFF, 0xFF, 0xFF, 0xFF, 0x3F, 0xFF, 0xFF, 0xFF, 0xFF, 0x3F,
};

const unsigned char 12_5S_icon[] PROGMEM = {
  0xFF, 0xFF, 0xFF, 0xFF, 0x3F, 0xFF, 0xFF, 0xFF, 0xFF, 0x3F, 0xFF, 0xFF,
  0xFF, 0xFF, 0x3F, 0xFF, 0xFF, 0xFF, 0xFF, 0x3F, 0xFF, 0xFF, 0xFF, 0xFF,
  0x3F, 0xFF, 0xFF, 0xFF, 0xFF, 0x3F, 0xFF, 0xFF, 0xFF, 0xFF, 0x3F, 0xFF,
  0xFF, 0xFF, 0xFF, 0x3F, 0xFF, 0xFF, 0xFF, 0xFF, 0x3F, 0xFF, 0xFF, 0xFF,
  0xFF, 0x3F, 0xFF, 0xFF, 0xFF, 0xFF, 0x3F, 0x3F, 0xFF, 0xFF, 0x3F, 0x3F,
  0x3F, 0xFE, 0xFF, 0x1F, 0x3F, 0x7F, 0xFC, 0xFF, 0x8F, 0x3F, 0xFF, 0xF8,
  0xFF, 0xC7, 0x3F, 0xFF, 0xF1, 0xFF, 0xE3, 0x3F, 0xFF, 0xE3, 0xFF, 0xF1,
  0x3F, 0xFF, 0xC7, 0xFF, 0xF8, 0x3F, 0xFF, 0x8F, 0x7F, 0xFC, 0x3F, 0xFF,
  0x1F, 0x3F, 0xFE, 0x3F, 0xFF, 0x3F, 0x1E, 0xFF, 0x3F, 0xFF, 0x7F, 0x8C,
  0xFF, 0x3F, 0xFF, 0xFF, 0xC0, 0xFF, 0x3F, 0xFF, 0xFF, 0xE1, 0xFF, 0x3F,
  0xFF, 0xFF, 0xF3, 0xFF, 0x3F, 0xFF, 0xFF, 0xFF, 0xFF, 0x3F, 0xFF, 0xFF,
  0xFF, 0xFF, 0x3F, 0xFF, 0xFF, 0xE1, 0xFF, 0x3F, 0xFF, 0xFF, 0xC0, 0xFF,
  0x3F, 0xFF, 0xFF, 0xC0, 0xFF, 0x3F, 0xFF, 0xFF, 0xC0, 0xFF, 0x3F, 0xFF,
  0xFF, 0xE1, 0xFF, 0x3F, 0xFF, 0xFF, 0xFF, 0xFF, 0x3F, 0xFF, 0xFF, 0xFF,
  0xFF, 0x3F, 0xFF, 0xFF, 0xFF, 0xFF, 0x3F, 0xFF, 0xFF, 0xFF, 0xFF, 0x3F,
  0xFF, 0xFF, 0xFF, 0xFF, 0x3F, 0xFF, 0xFF, 0xFF, 0xFF, 0x3F,
};

const unsigned char 12_5SE_icon[] PROGMEM = {
  0xFF, 0xFF, 0xFF, 0xFF, 0x3F, 0xFF, 0xFF, 0xFF, 0xFF, 0x3F, 0xFF, 0xFF,
  0xFF, 0xFF, 0x3F, 0xFF, 0xFF, 0xFF, 0xFF, 0x3F, 0xFF, 0xFF, 0xFF, 0xFF,
  0x3F, 0xFF, 0xFF, 0x3F, 0xFF, 0x3F, 0xFF, 0xFF, 0x3F, 0xFF, 0x3F, 0xFF,
  0xFF, 0x3F, 0xFF, 0x3F, 0xFF, 0xFF, 0x3F, 0xFF, 0x3F, 0xFF, 0xFF, 0x3F,
  0xFF, 0x3F, 0xFF, 0xFF, 0x3F, 0xFF, 0x3F, 0xFF, 0xFF, 0x3F, 0xFF, 0x3F,
  0xFF, 0xFF, 0x3F, 0xFF, 0x3F, 0xFF, 0xFF, 0x3F, 0xFF, 0x3F, 0xFF, 0xFF,
  0x3F, 0xFF, 0x3F, 0xFF, 0xFF, 0x3F, 0xFF, 0x3F, 0xFF, 0xFF, 0x3F, 0xFF,
  0x3F, 0xFF, 0xFF, 0x3F, 0xFF, 0x3F, 0xFF, 0xFF, 0x3F, 0xFF, 0x3F, 0xFF,
  0xFF, 0x3F, 0xFF, 0x3F, 0xFF, 0xFF, 0x3F, 0xFF, 0x3F, 0xFF, 0xFF, 0x3F,
  0xFF, 0x3F, 0x1F, 0x00, 0x00, 0xFF, 0x3F, 0x1F, 0x00, 0x00, 0xFF, 0x3F,
  0xFF, 0xFF, 0xFF, 0xF3, 0x3F, 0xFF, 0xFF, 0xFF, 0xC1, 0x3F, 0xFF, 0xFF,
  0xFF, 0xC0, 0x3F, 0xFF, 0xFF, 0xFF, 0xC0, 0x3F, 0xFF, 0xFF, 0xFF, 0xC1,
  0x3F, 0xFF, 0xFF, 0xFF, 0xC1, 0x3F, 0xFF, 0xFF, 0xFF, 0xFF, 0x3F, 0xFF,
  0xFF, 0xFF, 0xFF, 0x3F, 0xFF, 0xFF, 0xFF, 0xFF, 0x3F, 0xFF, 0xFF, 0xFF,
  0xFF, 0x3F, 0xFF, 0xFF, 0xFF, 0xFF, 0x3F, 0xFF, 0xFF, 0xFF, 0xFF, 0x3F,
  0xFF, 0xFF, 0xFF, 0xFF, 0x3F, 0xFF, 0xFF, 0xFF, 0xFF, 0x3F,
};

const unsigned char 12_5SW_icon[] PROGMEM = {
  0xFF, 0xFF, 0xFF, 0xFF, 0x3F, 0xFF, 0xFF, 0xFF, 0xFF, 0x3F, 0xFF, 0xFF,
  0xFF, 0xFF, 0x3F, 0xFF, 0xFF, 0xFF, 0xFF, 0x3F, 0xFF, 0xFF, 0xFF, 0xFF,
  0x3F, 0xFF, 0x3F, 0xFF, 0xFF, 0x3F, 0xFF, 0x3F, 0xFF, 0xFF, 0x3F, 0xFF,
  0x3F, 0xFF, 0xFF, 0x3F, 0xFF, 0x3F, 0xFF, 0xFF, 0x3F, 0xFF, 0x3F, 0xFF,
  0xFF, 0x3F, 0xFF, 0x3F, 0xFF, 0xFF, 0x3F, 0xFF, 0x3F, 0xFF, 0xFF, 0x3F,
  0xFF, 0x3F, 0xFF, 0xFF, 0x3F, 0xFF, 0x3F, 0xFF, 0xFF, 0x3F, 0xFF, 0x3F,
  0xFF, 0xFF, 0x3F, 0xFF, 0x3F, 0xFF, 0xFF, 0x3F, 0xFF, 0x3F, 0xFF, 0xFF,
  0x3F, 0xFF, 0x3F, 0xFF, 0xFF, 0x3F, 0xFF, 0x3F, 0xFF, 0xFF, 0x3F, 0xFF,
  0x3F, 0xFF, 0xFF, 0x3F, 0xFF, 0x3F, 0xFF, 0xFF, 0x3F, 0xFF, 0x3F, 0xFF,
  0xFF, 0x3F, 0xFF, 0x3F, 0x00, 0x00, 0x3E, 0xFF, 0x3F, 0x00, 0x00, 0x3E,
  0xFF, 0xF3, 0xFF, 0xFF, 0x3F, 0xFF, 0xE0, 0xFF, 0xFF, 0x3F, 0xFF, 0xC0,
  0xFF, 0xFF, 0x3F, 0xFF, 0xC0, 0xFF, 0xFF, 0x3F, 0xFF, 0xE0, 0xFF, 0xFF,
  0x3F, 0xFF, 0xE0, 0xFF, 0xFF, 0x3F, 0xFF, 0xFF, 0xFF, 0xFF, 0x3F, 0xFF,
  0xFF, 0xFF, 0xFF, 0x3F, 0xFF, 0xFF, 0xFF, 0xFF, 0x3F, 0xFF, 0xFF, 0xFF,
  0xFF, 0x3F, 0xFF, 0xFF, 0xFF, 0xFF, 0x3F, 0xFF, 0xFF, 0xFF, 0xFF, 0x3F,
  0xFF, 0xFF, 0xFF, 0xFF, 0x3F, 0xFF, 0xFF, 0xFF, 0xFF, 0x3F,
};

const unsigned char 12_5W_icon[] PROGMEM = {
  0xFF, 0xFF, 0xFF, 0xFF, 0x3F, 0xFF, 0xFF, 0xFF, 0xFF, 0x3F, 0xFF, 0xFF,
  0xFF, 0xFF, 0x3F, 0xFF, 0xFF, 0xFF, 0xFF, 0x3F, 0xFF, 0xFF, 0xFF, 0xFF,
  0x3F, 0xFF, 0xFF, 0xFF, 0xFF, 0x3F, 0xFF, 0xFF, 0xFF, 0xF9, 0x3F, 0xFF,
  0xFF, 0xFF, 0xF8, 0x3F, 0xFF, 0xFF, 0x7F, 0xFC, 0x3F, 0xFF, 0xFF, 0x3F,
  0xFE, 0x3F, 0xFF, 0xFF, 0x1F, 0xFF, 0x3F, 0xFF, 0xFF, 0x8F, 0xFF, 0x3F,
  0xFF, 0xFF, 0xC7, 0xFF, 0x3F, 0xFF, 0xFF, 0xE3, 0xFF, 0x3F, 0xFF, 0xFF,
  0xF1, 0xFF, 0x3F, 0xFF, 0xFF, 0xF8, 0xFF, 0x3F, 0x7F, 0x7C, 0xFC, 0xFF,
  0x3F, 0x3F, 0x38, 0xFE, 0xFF, 0x3F, 0x3F, 0x18, 0xFF, 0xFF, 0x3F, 0x3F,
  0x18, 0xFF, 0xFF, 0x3F, 0x3F, 0x38, 0xFE, 0xFF, 0x3F, 0x7F, 0x7C, 0xFC,
  0xFF, 0x3F, 0xFF, 0xFF, 0xF8, 0xFF, 0x3F, 0xFF, 0xFF, 0xF1, 0xFF, 0x3F,
  0xFF, 0xFF, 0xE3, 0xFF, 0x3F, 0xFF, 0xFF, 0xC7, 0xFF, 0x3F, 0xFF, 0xFF,
  0x8F, 0xFF, 0x3F, 0xFF, 0xFF, 0x1F, 0xFF, 0x3F, 0xFF, 0xFF, 0x3F, 0xFE,
  0x3F, 0xFF, 0xFF, 0x7F, 0xFC, 0x3F, 0xFF, 0xFF, 0xFF, 0xF8, 0x3F, 0xFF,
  0xFF, 0xFF, 0xF9, 0x3F, 0xFF, 0xFF, 0xFF, 0xFF, 0x3F, 0xFF, 0xFF, 0xFF,
  0xFF, 0x3F, 0xFF, 0xFF, 0xFF, 0xFF, 0x3F, 0xFF, 0xFF, 0xFF, 0xFF, 0x3F,
  0xFF, 0xFF, 0xFF, 0xFF, 0x3F, 0xFF, 0xFF, 0xFF, 0xFF, 0x3F,
};

const unsigned char 12_6E_icon[] PROGMEM = {
  0xFF, 0xFF, 0xFF, 0xFF, 0x3F, 0xFF, 0xFF, 0xFF, 0xFF, 0x3F, 0xFF, 0xFF,
  0xFF, 0xFF, 0x3F, 0xFF, 0xFF, 0xFF, 0xFF, 0x3F, 0xFF, 0xFF, 0xFF, 0xFF,
  0x3F, 0xFF, 0xFF, 0xFF, 0xFF, 0x3F, 0xFF, 0xFF, 0xFF, 0xFF, 0x3F, 0xFF,
  0xFF, 0xFF, 0xFF, 0x3F, 0xFF, 0xFF, 0xFF, 0xFF, 0x3F, 0xFF, 0xFF, 0xFF,
  0xFF, 0x3F, 0xFF, 0xFF, 0xFF, 0xFF, 0x3F, 0xFF, 0xFF, 0xFF, 0xFF, 0x3F,
  0x3F, 0xFF, 0xFF, 0xFF, 0x3F, 0x3F, 0xF8, 0xFF, 0xFF, 0x3F, 0x7F, 0xC0,
  0xFF, 0xFF, 0x3F, 0xFF, 0x03, 0xFE, 0xFF, 0x3F, 0xFF, 0x1F, 0xF0, 0x1F,
  0x3F, 0xFF, 0xFF, 0x00, 0x0F, 0x3E, 0xFF, 0xFF, 0x0F, 0x00, 0x3E, 0xFF,
  0xFF, 0x0F, 0x00, 0x3E, 0xFF, 0xFF, 0x00, 0x0F, 0x3E, 0xFF, 0x1F, 0xF0,
  0x1F, 0x3F, 0xFF, 0x03, 0xFE, 0xFF, 0x3F, 0x7F, 0xC0, 0xFF, 0xFF, 0x3F,
  0x3F, 0xF8, 0xFF, 0xFF, 0x3F, 0x3F, 0xFF, 0xFF, 0xFF, 0x3F, 0xFF, 0xFF,
  0xFF, 0xFF, 0x3F, 0xFF, 0xFF, 0xFF, 0xFF, 0x3F, 0xFF, 0xFF, 0xFF, 0xFF,
  0x3F, 0xFF, 0xFF, 0xFF, 0xFF, 0x3F, 0xFF, 0xFF, 0xFF, 0xFF, 0x3F, 0xFF,
  0xFF, 0xFF, 0xFF, 0x3F, 0xFF, 0xFF, 0xFF, 0xFF, 0x3F, 0xFF, 0xFF, 0xFF,
  0xFF, 0x3F, 0xFF, 0xFF, 0xFF, 0xFF, 0x3F, 0xFF, 0xFF, 0xFF, 0xFF, 0x3F,
  0xFF, 0xFF, 0xFF, 0xFF, 0x3F, 0xFF, 0xFF, 0xFF, 0xFF, 0x3F,
};

const unsigned char 12_6N_icon[] PROGMEM = {
  0xFF, 0xFF, 0xFF, 0xFF, 0x3F, 0xFF, 0xFF, 0xFF, 0xFF, 0x3F, 0xFF, 0xFF,
  0xFF, 0xFF, 0x3F, 0xFF, 0xFF, 0xFF, 0xFF, 0x3F, 0xFF, 0xFF, 0xFF, 0xFF,
  0x3F, 0xFF, 0xFF, 0xE1, 0xFF, 0x3F, 0xFF, 0xFF, 0xC0, 0xFF, 0x3F, 0xFF,
  0xFF, 0xC0, 0xFF, 0x3F, 0xFF, 0xFF, 0xC0, 0xFF, 0x3F, 0xFF, 0xFF, 0xE1,
  0xFF, 0x3F, 0xFF, 0xFF, 0xF3, 0xFF, 0x3F, 0xFF, 0xFF, 0xF3, 0xFF, 0x3F,
  0xFF, 0xFF, 0xF3, 0xFF, 0x3F, 0xFF, 0xFF, 0xF3, 0xFF, 0x3F, 0xFF, 0xFF,
  0xF3, 0xFF, 0x3F, 0xFF, 0xFF, 0xE1, 0xFF, 0x3F, 0xFF, 0xFF, 0xE1, 0xFF,
  0x3F, 0xFF, 0xFF, 0xE1, 0xFF, 0x3F, 0xFF, 0xFF, 0xCC, 0xFF, 0x3F, 0xFF,
  0xFF, 0xCC, 0xFF, 0x3F, 0xFF, 0xFF, 0xCC, 0xFF, 0x3F, 0xFF, 0x7F, 0x8C,
  0xFF, 0x3F, 0xFF, 0x7F, 0x9E, 0xFF, 0x3F, 0xFF, 0x7F, 0x9E, 0xFF, 0x3F,
  0xFF, 0x3F, 0x1E, 0xFF, 0x3F, 0xFF, 0x3F, 0x3F, 0xFF, 0x3F, 0xFF, 0x3F,
  0x3F, 0xFF, 0x3F, 0xFF, 0x1F, 0x3F, 0xFE, 0x3F, 0xFF, 0x9F, 0x7F, 0xFE,
  0x3F, 0xFF, 0x9F, 0x7F, 0xFE, 0x3F, 0xFF, 0x8F, 0x7F, 0xFC, 0x3F, 0xFF,
  0xCF, 0xFF, 0xFC, 0x3F, 0xFF, 0xFF, 0xFF, 0xFF, 0x3F, 0xFF, 0xFF, 0xFF,
  0xFF, 0x3F, 0xFF, 0xFF, 0xFF, 0xFF, 0x3F, 0xFF, 0xFF, 0xFF, 0xFF, 0x3F,
  0xFF, 0xFF, 0xFF, 0xFF, 0x3F, 0xFF, 0xFF, 0xFF, 0xFF, 0x3F,
};

const unsigned char 12_6NE_icon[] PROGMEM = {
  0xFF, 0xFF, 0xFF, 0xFF, 0x3F, 0xFF, 0xFF, 0xFF, 0xFF, 0x3F, 0xFF, 0xFF,
  0xFF, 0xFF, 0x3F, 0xFF, 0xFF, 0xFF, 0xFF, 0x3F, 0xFF, 0xFF, 0xFF, 0xFF,
  0x3F, 0xFF, 0xFF, 0xFF, 0xFF, 0x3F, 0xFF, 0xFF, 0xFF, 0xFF, 0x3F, 0xFF,
  0xFF, 0xFF, 0xFF, 0x3F, 0xFF, 0xFF, 0xFF, 0xE1, 0x3F, 0xFF, 0xFF, 0xFF,
  0xC0, 0x3F, 0xFF, 0xFF, 0xFF, 0xC0, 0x3F, 0xFF, 0xFF, 0xFF, 0xC0, 0x3F,
  0xFF, 0xFF, 0xFF, 0xC0, 0x3F, 0xFF, 0xFF, 0x7F, 0xE0, 0x3F, 0xFF, 0xFF,
  0x3F, 0xFE, 0x3F, 0xFF, 0xFF, 0x0F, 0xFF, 0x3F, 0xFF, 0xFF, 0x83, 0xFF,
  0x3F, 0xFF, 0xFF, 0x80, 0xFF, 0x3F, 0xFF, 0x3F, 0xC8, 0xFF, 0x3F, 0xFF,
  0x0F, 0xC6, 0xFF, 0x3F, 0xFF, 0x83, 0xE7, 0xFF, 0x3F, 0xFF, 0xE0, 0xE3,
  0xFF, 0x3F, 0x3F, 0xF8, 0xF3, 0xFF, 0x3F, 0x3F, 0xFE, 0xF1, 0xFF, 0x3F,
  0xBF, 0xFF, 0xF9, 0xFF, 0x3F, 0xFF, 0xFF, 0xF8, 0xFF, 0x3F, 0xFF, 0xFF,
  0xFC, 0xFF, 0x3F, 0xFF, 0x7F, 0xFC, 0xFF, 0x3F, 0xFF, 0x7F, 0xFE, 0xFF,
  0x3F, 0xFF, 0x3F, 0xFE, 0xFF, 0x3F, 0xFF, 0x3F, 0xFF, 0xFF, 0x3F, 0xFF,
  0x1F, 0xFF, 0xFF, 0x3F, 0xFF, 0xFF, 0xFF, 0xFF, 0x3F, 0xFF, 0xFF, 0xFF,
  0xFF, 0x3F, 0xFF, 0xFF, 0xFF, 0xFF, 0x3F, 0xFF, 0xFF, 0xFF, 0xFF, 0x3F,
  0xFF, 0xFF, 0xFF, 0xFF, 0x3F, 0xFF, 0xFF, 0xFF, 0xFF, 0x3F,
};

const unsigned char 12_6NW_icon[] PROGMEM = {
  0xFF, 0xFF, 0xFF, 0xFF, 0x3F, 0xFF, 0xFF, 0xFF, 0xFF, 0x3F, 0xFF, 0xFF,
  0xFF, 0xFF, 0x3F, 0xFF, 0xFF, 0xFF, 0xFF, 0x3F, 0xFF, 0xFF, 0xFF, 0xFF,
  0x3F, 0xFF, 0xFF, 0xFF, 0xFF, 0x3F, 0xFF, 0xFF, 0xFF, 0xFF, 0x3F, 0xFF,
  0xFF, 0xFF, 0xFF, 0x3F, 0xFF, 0xE1, 0xFF, 0xFF, 0x3F, 0xFF, 0xC0, 0xFF,
  0xFF, 0x3F, 0xFF, 0xC0, 0xFF, 0xFF, 0x3F, 0xFF, 0xC0, 0xFF, 0xFF, 0x3F,
  0xFF, 0xC0, 0xFF, 0xFF, 0x3F, 0xFF, 0x81, 0xFF, 0xFF, 0x3F, 0xFF, 0x1F,
  0xFF, 0xFF, 0x3F, 0xFF, 0x3F, 0xFC, 0xFF, 0x3F, 0xFF, 0x7F, 0xF0, 0xFF,
  0x3F, 0xFF, 0x7F, 0xC0, 0xFF, 0x3F, 0xFF, 0xFF, 0x04, 0xFF, 0x3F, 0xFF,
  0xFF, 0x18, 0xFC, 0x3F, 0xFF, 0xFF, 0x79, 0xF0, 0x3F, 0xFF, 0xFF, 0xF1,
  0xC1, 0x3F, 0xFF, 0xFF, 0xF3, 0x07, 0x3F, 0xFF, 0xFF, 0xE3, 0x1F, 0x3F,
  0xFF, 0xFF, 0xE7, 0x7F, 0x3F, 0xFF, 0xFF, 0xC7, 0xFF, 0x3F, 0xFF, 0xFF,
  0xCF, 0xFF, 0x3F, 0xFF, 0xFF, 0x8F, 0xFF, 0x3F, 0xFF, 0xFF, 0x9F, 0xFF,
  0x3F, 0xFF, 0xFF, 0x1F, 0xFF, 0x3F, 0xFF, 0xFF, 0x3F, 0xFF, 0x3F, 0xFF,
  0xFF, 0x3F, 0xFE, 0x3F, 0xFF, 0xFF, 0xFF, 0xFF, 0x3F, 0xFF, 0xFF, 0xFF,
  0xFF, 0x3F, 0xFF, 0xFF, 0xFF, 0xFF, 0x3F, 0xFF, 0xFF, 0xFF, 0xFF, 0x3F,
  0xFF, 0xFF, 0xFF, 0xFF, 0x3F, 0xFF, 0xFF, 0xFF, 0xFF, 0x3F,
};

const unsigned char 12_6S_icon[] PROGMEM = {
  0xFF, 0xFF, 0xFF, 0xFF, 0x3F, 0xFF, 0xFF, 0xFF, 0xFF, 0x3F, 0xFF, 0xFF,
  0xFF, 0xFF, 0x3F, 0xFF, 0xFF, 0xFF, 0xFF, 0x3F, 0xFF, 0xFF, 0xFF, 0xFF,
  0x3F, 0xFF, 0xFF, 0xFF, 0xFF, 0x3F, 0xFF, 0xCF, 0xFF, 0xFC, 0x3F, 0xFF,
  0x8F, 0x7F, 0xFC, 0x3F, 0xFF, 0x9F, 0x7F, 0xFE, 0x3F, 0xFF, 0x9F, 0x7F,
  0xFE, 0x3F, 0xFF, 0x1F, 0x3F, 0xFE, 0x3F, 0xFF, 0x3F, 0x3F, 0xFF, 0x3F,
  0xFF, 0x3F, 0x3F, 0xFF, 0x3F, 0xFF, 0x3F, 0x1E, 0xFF, 0x3F, 0xFF, 0x7F,
  0x9E, 0xFF, 0x3F, 0xFF, 0x7F, 0x9E, 0xFF, 0x3F, 0xFF, 0x7F, 0x8C, 0xFF,
  0x3F, 0xFF, 0xFF, 0xCC, 0xFF, 0x3F, 0xFF, 0xFF, 0xCC, 0xFF, 0x3F, 0xFF,
  0xFF, 0xCC, 0xFF, 0x3F, 0xFF, 0xFF, 0xE1, 0xFF, 0x3F, 0xFF, 0xFF, 0xE1,
  0xFF, 0x3F, 0xFF, 0xFF, 0xE1, 0xFF, 0x3F, 0xFF, 0xFF, 0xF3, 0xFF, 0x3F,
  0xFF, 0xFF, 0xF3, 0xFF, 0x3F, 0xFF, 0xFF, 0xF3, 0xFF, 0x3F, 0xFF, 0xFF,
  0xF3, 0xFF, 0x3F, 0xFF, 0xFF, 0xF3, 0xFF, 0x3F, 0xFF, 0xFF, 0xE1, 0xFF,
  0x3F, 0xFF, 0xFF, 0xC0, 0xFF, 0x3F, 0xFF, 0xFF, 0xC0, 0xFF, 0x3F, 0xFF,
  0xFF, 0xC0, 0xFF, 0x3F, 0xFF, 0xFF, 0xE1, 0xFF, 0x3F, 0xFF, 0xFF, 0xFF,
  0xFF, 0x3F, 0xFF, 0xFF, 0xFF, 0xFF, 0x3F, 0xFF, 0xFF, 0xFF, 0xFF, 0x3F,
  0xFF, 0xFF, 0xFF, 0xFF, 0x3F, 0xFF, 0xFF, 0xFF, 0xFF, 0x3F,
};

const unsigned char 12_6SE_icon[] PROGMEM = {
  0xFF, 0xFF, 0xFF, 0xFF, 0x3F, 0xFF, 0xFF, 0xFF, 0xFF, 0x3F, 0xFF, 0xFF,
  0xFF, 0xFF, 0x3F, 0xFF, 0xFF, 0xFF, 0xFF, 0x3F, 0xFF, 0xFF, 0xFF, 0xFF,
  0x3F, 0xFF, 0xFF, 0xFF, 0xFF, 0x3F, 0xFF, 0x1F, 0xFF, 0xFF, 0x3F, 0xFF,
  0x3F, 0xFF, 0xFF, 0x3F, 0xFF, 0x3F, 0xFE, 0xFF, 0x3F, 0xFF, 0x7F, 0xFE,
  0xFF, 0x3F, 0xFF, 0x7F, 0xFC, 0xFF, 0x3F, 0xFF, 0xFF, 0xFC, 0xFF, 0x3F,
  0xFF, 0xFF, 0xF8, 0xFF, 0x3F, 0xBF, 0xFF, 0xF9, 0xFF, 0x3F, 0x3F, 0xFE,
  0xF1, 0xFF, 0x3F, 0x3F, 0xF8, 0xF3, 0xFF, 0x3F, 0xFF, 0xE0, 0xE3, 0xFF,
  0x3F, 0xFF, 0x83, 0xE7, 0xFF, 0x3F, 0xFF, 0x0F, 0xC6, 0xFF, 0x3F, 0xFF,
  0x3F, 0xC8, 0xFF, 0x3F, 0xFF, 0xFF, 0x80, 0xFF, 0x3F, 0xFF, 0xFF, 0x83,
  0xFF, 0x3F, 0xFF, 0xFF, 0x0F, 0xFF, 0x3F, 0xFF, 0xFF, 0x3F, 0xFE, 0x3F,
  0xFF, 0xFF, 0x7F, 0xE0, 0x3F, 0xFF, 0xFF, 0xFF, 0xC0, 0x3F, 0xFF, 0xFF,
  0xFF, 0xC0, 0x3F, 0xFF, 0xFF, 0xFF, 0xC0, 0x3F, 0xFF, 0xFF, 0xFF, 0xC0,
  0x3F, 0xFF, 0xFF, 0xFF, 0xE1, 0x3F, 0xFF, 0xFF, 0xFF, 0xFF, 0x3F, 0xFF,
  0xFF, 0xFF, 0xFF, 0x3F, 0xFF, 0xFF, 0xFF, 0xFF, 0x3F, 0xFF, 0xFF, 0xFF,
  0xFF, 0x3F, 0xFF, 0xFF, 0xFF, 0xFF, 0x3F, 0xFF, 0xFF, 0xFF, 0xFF, 0x3F,
  0xFF, 0xFF, 0xFF, 0xFF, 0x3F, 0xFF, 0xFF, 0xFF, 0xFF, 0x3F,
};

const unsigned char 12_6SW_icon[] PROGMEM = {
  0xFF, 0xFF, 0xFF, 0xFF, 0x3F, 0xFF, 0xFF, 0xFF, 0xFF, 0x3F, 0xFF, 0xFF,
  0xFF, 0xFF, 0x3F, 0xFF, 0xFF, 0xFF, 0xFF, 0x3F, 0xFF, 0xFF, 0xFF, 0xFF,
  0x3F, 0xFF, 0xFF, 0xFF, 0xFF, 0x3F, 0xFF, 0xFF, 0x3F, 0xFE, 0x3F, 0xFF,
  0xFF, 0x3F, 0xFF, 0x3F, 0xFF, 0xFF, 0x1F, 0xFF, 0x3F, 0xFF, 0xFF, 0x9F,
  0xFF, 0x3F, 0xFF, 0xFF, 0x8F, 0xFF, 0x3F, 0xFF, 0xFF, 0xCF, 0xFF, 0x3F,
  0xFF, 0xFF, 0xC7, 0xFF, 0x3F, 0xFF, 0xFF, 0xE7, 0x7F, 0x3F, 0xFF, 0xFF,
  0xE3, 0x1F, 0x3F, 0xFF, 0xFF, 0xF3, 0x07, 0x3F, 0xFF, 0xFF, 0xF1, 0xC1,
  0x3F, 0xFF, 0xFF, 0x79, 0xF0, 0x3F, 0xFF, 0xFF, 0x18, 0xFC, 0x3F, 0xFF,
  0xFF, 0x04, 0xFF, 0x3F, 0xFF, 0x7F, 0xC0, 0xFF, 0x3F, 0xFF, 0x7F, 0xF0,
  0xFF, 0x3F, 0xFF, 0x3F, 0xFC, 0xFF, 0x3F, 0xFF, 0x1F, 0xFF, 0xFF, 0x3F,
  0xFF, 0x81, 0xFF, 0xFF, 0x3F, 0xFF, 0xC0, 0xFF, 0xFF, 0x3F, 0xFF, 0xC0,
  0xFF, 0xFF, 0x3F, 0xFF, 0xC0, 0xFF, 0xFF, 0x3F, 0xFF, 0xC0, 0xFF, 0xFF,
  0x3F, 0xFF, 0xE1, 0xFF, 0xFF, 0x3F, 0xFF, 0xFF, 0xFF, 0xFF, 0x3F, 0xFF,
  0xFF, 0xFF, 0xFF, 0x3F, 0xFF, 0xFF, 0xFF, 0xFF, 0x3F, 0xFF, 0xFF, 0xFF,
  0xFF, 0x3F, 0xFF, 0xFF, 0xFF, 0xFF, 0x3F, 0xFF, 0xFF, 0xFF, 0xFF, 0x3F,
  0xFF, 0xFF, 0xFF, 0xFF, 0x3F, 0xFF, 0xFF, 0xFF, 0xFF, 0x3F,
};

const unsigned char 12_6W_icon[] PROGMEM = {
  0xFF, 0xFF, 0xFF, 0xFF, 0x3F, 0xFF, 0xFF, 0xFF, 0xFF, 0x3F, 0xFF, 0xFF,
  0xFF, 0xFF, 0x3F, 0xFF, 0xFF, 0xFF, 0xFF, 0x3F, 0xFF, 0xFF, 0xFF, 0xFF,
  0x3F, 0xFF, 0xFF, 0xFF, 0xFF, 0x3F, 0xFF, 0xFF, 0xFF, 0xFF, 0x3F, 0xFF,
  0xFF, 0xFF, 0xFF, 0x3F, 0xFF, 0xFF, 0xFF, 0xFF, 0x3F, 0xFF, 0xFF, 0xFF,
  0xFF, 0x3F, 0xFF, 0xFF, 0xFF, 0xFF, 0x3F, 0xFF, 0xFF, 0xFF, 0xFF, 0x3F,
  0xFF, 0xFF, 0xFF, 0x3F, 0x3F, 0xFF, 0xFF, 0xFF, 0x07, 0x3F, 0xFF, 0xFF,
  0xFF, 0x80, 0x3F, 0xFF, 0xFF, 0x1F, 0xF0, 0x3F, 0x3F, 0xFE, 0x03, 0xFE,
  0x3F, 0x1F, 0x7C, 0xC0, 0xFF, 0x3F, 0x1F, 0x00, 0xFC, 0xFF, 0x3F, 0x1F,
  0x00, 0xFC, 0xFF, 0x3F, 0x1F, 0x7C, 0xC0, 0xFF, 0x3F, 0x3F, 0xFE, 0x03,
  0xFE, 0x3F, 0xFF, 0xFF, 0x1F, 0xF0, 0x3F, 0xFF, 0xFF, 0xFF, 0x80, 0x3F,
  0xFF, 0xFF, 0xFF, 0x07, 0x3F, 0xFF, 0xFF, 0xFF, 0x3F, 0x3F, 0xFF, 0xFF,
  0xFF, 0xFF, 0x3F, 0xFF, 0xFF, 0xFF, 0xFF, 0x3F, 0xFF, 0xFF, 0xFF, 0xFF,
  0x3F, 0xFF, 0xFF, 0xFF, 0xFF, 0x3F, 0xFF, 0xFF, 0xFF, 0xFF, 0x3F, 0xFF,
  0xFF, 0xFF, 0xFF, 0x3F, 0xFF, 0xFF, 0xFF, 0xFF, 0x3F, 0xFF, 0xFF, 0xFF,
  0xFF, 0x3F, 0xFF, 0xFF, 0xFF, 0xFF, 0x3F, 0xFF, 0xFF, 0xFF, 0xFF, 0x3F,
  0xFF, 0xFF, 0xFF, 0xFF, 0x3F, 0xFF, 0xFF, 0xFF, 0xFF, 0x3F,
};

const unsigned char 12_7E_icon[] PROGMEM = {
  0xFF, 0xFF, 0xFF, 0xFF, 0x3F, 0xFF, 0xFF, 0xFF, 0xFF, 0x3F, 0xFF, 0xFF,
  0xFF, 0xFF, 0x3F, 0xFF, 0xFF, 0xFF, 0xFF, 0x3F, 0xFF, 0xFF, 0xFF, 0xFF,
  0x3F, 0xFF, 0xFF, 0xFF, 0xFF, 0x3F, 0xFF, 0xFF, 0xFF, 0xFF, 0x3F, 0xFF,
  0xFF, 0xFF, 0xFF, 0x3F, 0xFF, 0xFF, 0xFF, 0xFF, 0x3F, 0xFF, 0xFF, 0xFF,
  0xFF, 0x3F, 0xFF, 0xFF, 0xFF, 0xFF, 0x3F, 0xFF, 0xFF, 0xFF, 0xFF, 0x3F,
  0xFF, 0xFF, 0xFF, 0xFF, 0x3F, 0xFF, 0xFF, 0xFF, 0xFF, 0x3F, 0xFF, 0xFF,
  0xFF, 0x3F, 0x3F, 0xFF, 0xFF, 0xFF, 0x3F, 0x3F, 0xFF, 0xFF, 0xFF, 0x3F,
  0x3F, 0xFF, 0xFF, 0xFF, 0x3F, 0x3F, 0x3F, 0x00, 0x00, 0x00, 0x3F, 0x3F,
  0x00, 0x00, 0x00, 0x3F, 0xFF, 0xFF, 0xFF, 0x3F, 0x3F, 0xFF, 0xFF, 0xFF,
  0x3F, 0x3F, 0xFF, 0xFF, 0xFF, 0x3F, 0x3F, 0xFF, 0xFF, 0xFF, 0x3F, 0x3F,
  0xFF, 0xFF, 0xFF, 0xFF, 0x3F, 0xFF, 0xFF, 0xFF, 0xFF, 0x3F, 0xFF, 0xFF,
  0xFF, 0xFF, 0x3F, 0xFF, 0xFF, 0xFF, 0xFF, 0x3F, 0xFF, 0xFF, 0xFF, 0xFF,
  0x3F, 0xFF, 0xFF, 0xFF, 0xFF, 0x3F, 0xFF, 0xFF, 0xFF, 0xFF, 0x3F, 0xFF,
  0xFF, 0xFF, 0xFF, 0x3F, 0xFF, 0xFF, 0xFF, 0xFF, 0x3F, 0xFF, 0xFF, 0xFF,
  0xFF, 0x3F, 0xFF, 0xFF, 0xFF, 0xFF, 0x3F, 0xFF, 0xFF, 0xFF, 0xFF, 0x3F,
  0xFF, 0xFF, 0xFF, 0xFF, 0x3F, 0xFF, 0xFF, 0xFF, 0xFF, 0x3F,
};

const unsigned char 12_7N_icon[] PROGMEM = {
  0xFF, 0xFF, 0xFF, 0xFF, 0x3F, 0xFF, 0xFF, 0xFF, 0xFF, 0x3F, 0xFF, 0xFF,
  0xFF, 0xFF, 0x3F, 0xFF, 0xFF, 0xFF, 0xFF, 0x3F, 0xFF, 0xFF, 0xFF, 0xFF,
  0x3F, 0xFF, 0xFF, 0xFF, 0xFF, 0x3F, 0xFF, 0x3F, 0x00, 0xFF, 0x3F, 0xFF,
  0x3F, 0x00, 0xFF, 0x3F, 0xFF, 0xFF, 0xF3, 0xFF, 0x3F, 0xFF, 0xFF, 0xF3,
  0xFF, 0x3F, 0xFF, 0xFF, 0xF3, 0xFF, 0x3F, 0xFF, 0xFF, 0xF3, 0xFF, 0x3F,
  0xFF, 0xFF, 0xF3, 0xFF, 0x3F, 0xFF, 0xFF, 0xF3, 0xFF, 0x3F, 0xFF, 0xFF,
  0xF3, 0xFF, 0x3F, 0xFF, 0xFF, 0xF3, 0xFF, 0x3F, 0xFF, 0xFF, 0xF3, 0xFF,
  0x3F, 0xFF, 0xFF, 0xF3, 0xFF, 0x3F, 0xFF, 0xFF, 0xF3, 0xFF, 0x3F, 0xFF,
  0xFF, 0xF3, 0xFF, 0x3F, 0xFF, 0xFF, 0xF3, 0xFF, 0x3F, 0xFF, 0xFF, 0xF3,
  0xFF, 0x3F, 0xFF, 0xFF, 0xF3, 0xFF, 0x3F, 0xFF, 0xFF, 0xF3, 0xFF, 0x3F,
  0xFF, 0xFF, 0xF3, 0xFF, 0x3F, 0xFF, 0xFF, 0xF3, 0xFF, 0x3F, 0xFF, 0xFF,
  0xF3, 0xFF, 0x3F, 0xFF, 0xFF, 0xF3, 0xFF, 0x3F, 0xFF, 0xFF, 0xF3, 0xFF,
  0x3F, 0xFF, 0xFF, 0xF3, 0xFF, 0x3F, 0xFF, 0xFF, 0xF3, 0xFF, 0x3F, 0xFF,
  0xFF, 0xF3, 0xFF, 0x3F, 0xFF, 0xFF, 0xFF, 0xFF, 0x3F, 0xFF, 0xFF, 0xFF,
  0xFF, 0x3F, 0xFF, 0xFF, 0xFF, 0xFF, 0x3F, 0xFF, 0xFF, 0xFF, 0xFF, 0x3F,
  0xFF, 0xFF, 0xFF, 0xFF, 0x3F, 0xFF, 0xFF, 0xFF, 0xFF, 0x3F,
};

const unsigned char 12_7NE_icon[] PROGMEM = {
  0xFF, 0xFF, 0xFF, 0xFF, 0x3F, 0xFF, 0xFF, 0xFF, 0xFF, 0x3F, 0xFF, 0xFF,
  0xFF, 0xFF, 0x3F, 0xFF, 0xFF, 0xFF, 0xFF, 0x3F, 0xFF, 0xFF, 0xFF, 0xFF,
  0x3F, 0xFF, 0xFF, 0xFF, 0xFF, 0x3F, 0xFF, 0xFF, 0xFF, 0xFC, 0x3F, 0xFF,
  0xFF, 0xFF, 0xF8, 0x3F, 0xFF, 0xFF, 0xFF, 0xF0, 0x3F, 0xFF, 0xFF, 0xFF,
  0xE1, 0x3F, 0xFF, 0xFF, 0xFF, 0xC3, 0x3F, 0xFF, 0xFF, 0xFF, 0x81, 0x3F,
  0xFF, 0xFF, 0xFF, 0x08, 0x3F, 0xFF, 0xFF, 0x7F, 0x1C, 0x3F, 0xFF, 0xFF,
  0x3F, 0xFE, 0x3F, 0xFF, 0xFF, 0x1F, 0xFF, 0x3F, 0xFF, 0xFF, 0x8F, 0xFF,
  0x3F, 0xFF, 0xFF, 0xC7, 0xFF, 0x3F, 0xFF, 0xFF, 0xE3, 0xFF, 0x3F, 0xFF,
  0xFF, 0xF1, 0xFF, 0x3F, 0xFF, 0xFF, 0xF8, 0xFF, 0x3F, 0xFF, 0x7F, 0xFC,
  0xFF, 0x3F, 0xFF, 0x3F, 0xFE, 0xFF, 0x3F, 0xFF, 0x1F, 0xFF, 0xFF, 0x3F,
  0xFF, 0x8F, 0xFF, 0xFF, 0x3F, 0xFF, 0xC7, 0xFF, 0xFF, 0x3F, 0xFF, 0xE3,
  0xFF, 0xFF, 0x3F, 0xFF, 0xF1, 0xFF, 0xFF, 0x3F, 0xFF, 0xFB, 0xFF, 0xFF,
  0x3F, 0xFF, 0xFF, 0xFF, 0xFF, 0x3F, 0xFF, 0xFF, 0xFF, 0xFF, 0x3F, 0xFF,
  0xFF, 0xFF, 0xFF, 0x3F, 0xFF, 0xFF, 0xFF, 0xFF, 0x3F, 0xFF, 0xFF, 0xFF,
  0xFF, 0x3F, 0xFF, 0xFF, 0xFF, 0xFF, 0x3F, 0xFF, 0xFF, 0xFF, 0xFF, 0x3F,
  0xFF, 0xFF, 0xFF, 0xFF, 0x3F, 0xFF, 0xFF, 0xFF, 0xFF, 0x3F,
};

const unsigned char 12_7NW_icon[] PROGMEM = {
  0xFF, 0xFF, 0xFF, 0xFF, 0x3F, 0xFF, 0xFF, 0xFF, 0xFF, 0x3F, 0xFF, 0xFF,
  0xFF, 0xFF, 0x3F, 0xFF, 0xFF, 0xFF, 0xFF, 0x3F, 0xFF, 0xFF, 0xFF, 0xFF,
  0x3F, 0xFF, 0xFF, 0xFF, 0xFF, 0x3F, 0xFF, 0xCF, 0xFF, 0xFF, 0x3F, 0xFF,
  0xC7, 0xFF, 0xFF, 0x3F, 0xFF, 0xC3, 0xFF, 0xFF, 0x3F, 0xFF, 0xE1, 0xFF,
  0xFF, 0x3F, 0xFF, 0xF0, 0xFF, 0xFF, 0x3F, 0x7F, 0xE0, 0xFF, 0xFF, 0x3F,
  0x3F, 0xC4, 0xFF, 0xFF, 0x3F, 0x3F, 0x8E, 0xFF, 0xFF, 0x3F, 0xFF, 0x1F,
  0xFF, 0xFF, 0x3F, 0xFF, 0x3F, 0xFE, 0xFF, 0x3F, 0xFF, 0x7F, 0xFC, 0xFF,
  0x3F, 0xFF, 0xFF, 0xF8, 0xFF, 0x3F, 0xFF, 0xFF, 0xF1, 0xFF, 0x3F, 0xFF,
  0xFF, 0xE3, 0xFF, 0x3F, 0xFF, 0xFF, 0xC7, 0xFF, 0x3F, 0xFF, 0xFF, 0x8F,
  0xFF, 0x3F, 0xFF, 0xFF, 0x1F, 0xFF, 0x3F, 0xFF, 0xFF, 0x3F, 0xFE, 0x3F,
  0xFF, 0xFF, 0x7F, 0xFC, 0x3F, 0xFF, 0xFF, 0xFF, 0xF8, 0x3F, 0xFF, 0xFF,
  0xFF, 0xF1, 0x3F, 0xFF, 0xFF, 0xFF, 0xE3, 0x3F, 0xFF, 0xFF, 0xFF, 0xF7,
  0x3F, 0xFF, 0xFF, 0xFF, 0xFF, 0x3F, 0xFF, 0xFF, 0xFF, 0xFF, 0x3F, 0xFF,
  0xFF, 0xFF, 0xFF, 0x3F, 0xFF, 0xFF, 0xFF, 0xFF, 0x3F, 0xFF, 0xFF, 0xFF,
  0xFF, 0x3F, 0xFF, 0xFF, 0xFF, 0xFF, 0x3F, 0xFF, 0xFF, 0xFF, 0xFF, 0x3F,
  0xFF, 0xFF, 0xFF, 0xFF, 0x3F, 0xFF, 0xFF, 0xFF, 0xFF, 0x3F,
};

const unsigned char 12_7S_icon[] PROGMEM = {
  0xFF, 0xFF, 0xFF, 0xFF, 0x3F, 0xFF, 0xFF, 0xFF, 0xFF, 0x3F, 0xFF, 0xFF,
  0xFF, 0xFF, 0x3F, 0xFF, 0xFF, 0xFF, 0xFF, 0x3F, 0xFF, 0xFF, 0xFF, 0xFF,
  0x3F, 0xFF, 0xFF, 0xFF, 0xFF, 0x3F, 0xFF, 0xFF, 0xF3, 0xFF, 0x3F, 0xFF,
  0xFF, 0xF3, 0xFF, 0x3F, 0xFF, 0xFF, 0xF3, 0xFF, 0x3F, 0xFF, 0xFF, 0xF3,
  0xFF, 0x3F, 0xFF, 0xFF, 0xF3, 0xFF, 0x3F, 0xFF, 0xFF, 0xF3, 0xFF, 0x3F,
  0xFF, 0xFF, 0xF3, 0xFF, 0x3F, 0xFF, 0xFF, 0xF3, 0xFF, 0x3F, 0xFF, 0xFF,
  0xF3, 0xFF, 0x3F, 0xFF, 0xFF, 0xF3, 0xFF, 0x3F, 0xFF, 0xFF, 0xF3, 0xFF,
  0x3F, 0xFF, 0xFF, 0xF3, 0xFF, 0x3F, 0xFF, 0xFF, 0xF3, 0xFF, 0x3F, 0xFF,
  0xFF, 0xF3, 0xFF, 0x3F, 0xFF, 0xFF, 0xF3, 0xFF, 0x3F, 0xFF, 0xFF, 0xF3,
  0xFF, 0x3F, 0xFF, 0xFF, 0xF3, 0xFF, 0x3F, 0xFF, 0xFF, 0xF3, 0xFF, 0x3F,
  0xFF, 0xFF, 0xF3, 0xFF, 0x3F, 0xFF, 0xFF, 0xF3, 0xFF, 0x3F, 0xFF, 0xFF,
  0xF3, 0xFF, 0x3F, 0xFF, 0xFF, 0xF3, 0xFF, 0x3F, 0xFF, 0xFF, 0xF3, 0xFF,
  0x3F, 0xFF, 0xFF, 0xF3, 0xFF, 0x3F, 0xFF, 0x3F, 0x00, 0xFF, 0x3F, 0xFF,
  0x3F, 0x00, 0xFF, 0x3F, 0xFF, 0xFF, 0xFF, 0xFF, 0x3F, 0xFF, 0xFF, 0xFF,
  0xFF, 0x3F, 0xFF, 0xFF, 0xFF, 0xFF, 0x3F, 0xFF, 0xFF, 0xFF, 0xFF, 0x3F,
  0xFF, 0xFF, 0xFF, 0xFF, 0x3F, 0xFF, 0xFF, 0xFF, 0xFF, 0x3F,
};

const unsigned char 12_7SE_icon[] PROGMEM = {
  0xFF, 0xFF, 0xFF, 0xFF, 0x3F, 0xFF, 0xFF, 0xFF, 0xFF, 0x3F, 0xFF, 0xFF,
  0xFF, 0xFF, 0x3F, 0xFF, 0xFF, 0xFF, 0xFF, 0x3F, 0xFF, 0xFF, 0xFF, 0xFF,
  0x3F, 0xFF, 0xFF, 0xFF, 0xFF, 0x3F, 0xFF, 0xFF, 0xFF, 0xFF, 0x3F, 0xFF,
  0xFF, 0xFF, 0xFF, 0x3F, 0xFF, 0xFF, 0xFF, 0xFF, 0x3F, 0xFF, 0xFB, 0xFF,
  0xFF, 0x3F, 0xFF, 0xF1, 0xFF, 0xFF, 0x3F, 0xFF, 0xE3, 0xFF, 0xFF, 0x3F,
  0xFF, 0xC7, 0xFF, 0xFF, 0x3F, 0xFF, 0x8F, 0xFF, 0xFF, 0x3F, 0xFF, 0x1F,
  0xFF, 0xFF, 0x3F, 0xFF, 0x3F, 0xFE, 0xFF, 0x3F, 0xFF, 0x7F, 0xFC, 0xFF,
  0x3F, 0xFF, 0xFF, 0xF8, 0xFF, 0x3F, 0xFF, 0xFF, 0xF1, 0xFF, 0x3F, 0xFF,
  0xFF, 0xE3, 0xFF, 0x3F, 0xFF, 0xFF, 0xC7, 0xFF, 0x3F, 0xFF, 0xFF, 0x8F,
  0xFF, 0x3F, 0xFF, 0xFF, 0x1F, 0xFF, 0x3F, 0xFF, 0xFF, 0x3F, 0xFE, 0x3F,
  0xFF, 0xFF, 0x7F, 0x1C, 0x3F, 0xFF, 0xFF, 0xFF, 0x08, 0x3F, 0xFF, 0xFF,
  0xFF, 0x81, 0x3F, 0xFF, 0xFF, 0xFF, 0xC3, 0x3F, 0xFF, 0xFF, 0xFF, 0xE1,
  0x3F, 0xFF, 0xFF, 0xFF, 0xF0, 0x3F, 0xFF, 0xFF, 0xFF, 0xF8, 0x3F, 0xFF,
  0xFF, 0xFF, 0xFC, 0x3F, 0xFF, 0xFF, 0xFF, 0xFF, 0x3F, 0xFF, 0xFF, 0xFF,
  0xFF, 0x3F, 0xFF, 0xFF, 0xFF, 0xFF, 0x3F, 0xFF, 0xFF, 0xFF, 0xFF, 0x3F,
  0xFF, 0xFF, 0xFF, 0xFF, 0x3F, 0xFF, 0xFF, 0xFF, 0xFF, 0x3F,
};

const unsigned char 12_7SW_icon[] PROGMEM = {
  0xFF, 0xFF, 0xFF, 0xFF, 0x3F, 0xFF, 0xFF, 0xFF, 0xFF, 0x3F, 0xFF, 0xFF,
  0xFF, 0xFF, 0x3F, 0xFF, 0xFF, 0xFF, 0xFF, 0x3F, 0xFF, 0xFF, 0xFF, 0xFF,
  0x3F, 0xFF, 0xFF, 0xFF, 0xFF, 0x3F, 0xFF, 0xFF, 0xFF, 0xFF, 0x3F, 0xFF,
  0xFF, 0xFF, 0xFF, 0x3F, 0xFF, 0xFF, 0xFF, 0xFF, 0x3F, 0xFF, 0xFF, 0xFF,
  0xF7, 0x3F, 0xFF, 0xFF, 0xFF, 0xE3, 0x3F, 0xFF, 0xFF, 0xFF, 0xF1, 0x3F,
  0xFF, 0xFF, 0xFF, 0xF8, 0x3F, 0xFF, 0xFF, 0x7F, 0xFC, 0x3F, 0xFF, 0xFF,
  0x3F, 0xFE, 0x3F, 0xFF, 0xFF, 0x1F, 0xFF, 0x3F, 0xFF, 0xFF, 0x8F, 0xFF,
  0x3F, 0xFF, 0xFF, 0xC7, 0xFF, 0x3F, 0xFF, 0xFF, 0xE3, 0xFF, 0x3F, 0xFF,
  0xFF, 0xF1, 0xFF, 0x3F, 0xFF, 0xFF, 0xF8, 0xFF, 0x3F, 0xFF, 0x7F, 0xFC,
  0xFF, 0x3F, 0xFF, 0x3F, 0xFE, 0xFF, 0x3F, 0xFF, 0x1F, 0xFF, 0xFF, 0x3F,
  0x3F, 0x8E, 0xFF, 0xFF, 0x3F, 0x3F, 0xC4, 0xFF, 0xFF, 0x3F, 0x7F, 0xE0,
  0xFF, 0xFF, 0x3F, 0xFF, 0xF0, 0xFF, 0xFF, 0x3F, 0xFF, 0xE1, 0xFF, 0xFF,
  0x3F, 0xFF, 0xC3, 0xFF, 0xFF, 0x3F, 0xFF, 0xC7, 0xFF, 0xFF, 0x3F, 0xFF,
  0xCF, 0xFF, 0xFF, 0x3F, 0xFF, 0xFF, 0xFF, 0xFF, 0x3F, 0xFF, 0xFF, 0xFF,
  0xFF, 0x3F, 0xFF, 0xFF, 0xFF, 0xFF, 0x3F, 0xFF, 0xFF, 0xFF, 0xFF, 0x3F,
  0xFF, 0xFF, 0xFF, 0xFF, 0x3F, 0xFF, 0xFF, 0xFF, 0xFF, 0x3F,
};

const unsigned char 12_7W_icon[] PROGMEM = {
  0xFF, 0xFF, 0xFF, 0xFF, 0x3F, 0xFF, 0xFF, 0xFF, 0xFF, 0x3F, 0xFF, 0xFF,
  0xFF, 0xFF, 0x3F, 0xFF, 0xFF, 0xFF, 0xFF, 0x3F, 0xFF, 0xFF, 0xFF, 0xFF,
  0x3F, 0xFF, 0xFF, 0xFF, 0xFF, 0x3F, 0xFF, 0xFF, 0xFF, 0xFF, 0x3F, 0xFF,
  0xFF, 0xFF, 0xFF, 0x3F, 0xFF, 0xFF, 0xFF, 0xFF, 0x3F, 0xFF, 0xFF, 0xFF,
  0xFF, 0x3F, 0xFF, 0xFF, 0xFF, 0xFF, 0x3F, 0xFF, 0xFF, 0xFF, 0xFF, 0x3F,
  0xFF, 0xFF, 0xFF, 0xFF, 0x3F, 0xFF, 0xFF, 0xFF, 0xFF, 0x3F, 0x3F, 0xFF,
  0xFF, 0xFF, 0x3F, 0x3F, 0xFF, 0xFF, 0xFF, 0x3F, 0x3F, 0xFF, 0xFF, 0xFF,
  0x3F, 0x3F, 0xFF, 0xFF, 0xFF, 0x3F, 0x3F, 0x00, 0x00, 0x00, 0x3F, 0x3F,
  0x00, 0x00, 0x00, 0x3F, 0x3F, 0xFF, 0xFF, 0xFF, 0x3F, 0x3F, 0xFF, 0xFF,
  0xFF, 0x3F, 0x3F, 0xFF, 0xFF, 0xFF, 0x3F, 0x3F, 0xFF, 0xFF, 0xFF, 0x3F,
  0xFF, 0xFF, 0xFF, 0xFF, 0x3F, 0xFF, 0xFF, 0xFF, 0xFF, 0x3F, 0xFF, 0xFF,
  0xFF, 0xFF, 0x3F, 0xFF, 0xFF, 0xFF, 0xFF, 0x3F, 0xFF, 0xFF, 0xFF, 0xFF,
  0x3F, 0xFF, 0xFF, 0xFF, 0xFF, 0x3F, 0xFF, 0xFF, 0xFF, 0xFF, 0x3F, 0xFF,
  0xFF, 0xFF, 0xFF, 0x3F, 0xFF, 0xFF, 0xFF, 0xFF, 0x3F, 0xFF, 0xFF, 0xFF,
  0xFF, 0x3F, 0xFF, 0xFF, 0xFF, 0xFF, 0x3F, 0xFF, 0xFF, 0xFF, 0xFF, 0x3F,
  0xFF, 0xFF, 0xFF, 0xFF, 0x3F, 0xFF, 0xFF, 0xFF, 0xFF, 0x3F,
};

const unsigned char 12_8_icon[] PROGMEM = {
  0xFF, 0xFF, 0xFF, 0xFF, 0x3F, 0xFF, 0xFF, 0xFF, 0xFF, 0x3F, 0xFF, 0xFF,
  0xFF, 0xFF, 0x3F, 0xFF, 0xFF, 0xFF, 0xFF, 0x3F, 0xFF, 0xFF, 0xFF, 0xFF,
  0x3F, 0xFF, 0xFF, 0xFF, 0xFF, 0x3F, 0xFF, 0xFF, 0xE1, 0xFF, 0x3F, 0xFF,
  0xCF, 0xC0, 0xFC, 0x3F, 0xFF, 0xCF, 0xC0, 0xFC, 0x3F, 0xFF, 0xCF, 0xC0,
  0xFC, 0x3F, 0xFF, 0xCF, 0xC0, 0xFC, 0x3F, 0xFF, 0xCF, 0xE1, 0xFC, 0x3F,
  0xFF, 0xCF, 0xFF, 0xFC, 0x3F, 0xFF, 0xCF, 0xFF, 0xFC, 0x3F, 0xFF, 0xCF,
  0xFF, 0xFC, 0x3F, 0xFF, 0xCF, 0xFF, 0xFC, 0x3F, 0xFF, 0xCF, 0xFF, 0xFC,
  0x3F, 0xFF, 0xCF, 0xFF, 0xFC, 0x3F, 0xFF, 0xCF, 0xFF, 0xFC, 0x3F, 0xFF,
  0xCF, 0xFF, 0xFC, 0x3F, 0xFF, 0xCF, 0xFF, 0xFC, 0x3F, 0xFF, 0xCF, 0xFF,
  0xFC, 0x3F, 0xFF, 0xCF, 0xFF, 0xFC, 0x3F, 0xFF, 0xCF, 0xFF, 0xFC, 0x3F,
  0xFF, 0xCF, 0xFF, 0xFC, 0x3F, 0xFF, 0xCF, 0xFF, 0xFC, 0x3F, 0xFF, 0xCF,
  0xFF, 0xFC, 0x3F, 0xFF, 0xCF, 0xFF, 0xFC, 0x3F, 0xFF, 0xCF, 0xFF, 0xFC,
  0x3F, 0xFF, 0xCF, 0xFF, 0xFC, 0x3F, 0xFF, 0xCF, 0xFF, 0xFC, 0x3F, 0xFF,
  0xFF, 0xFF, 0xFF, 0x3F, 0xFF, 0xFF, 0xFF, 0xFF, 0x3F, 0xFF, 0xFF, 0xFF,
  0xFF, 0x3F, 0xFF, 0xFF, 0xFF, 0xFF, 0x3F, 0xFF, 0xFF, 0xFF, 0xFF, 0x3F,
  0xFF, 0xFF, 0xFF, 0xFF, 0x3F, 0xFF, 0xFF, 0xFF, 0xFF, 0x3F,
};

const unsigned char 12_9_icon[] PROGMEM = {
  0xFF, 0xFF, 0xFF, 0xFF, 0x3F, 0xFF, 0xFF, 0xFF, 0xFF, 0x3F, 0xFF, 0xFF,
  0xFF, 0xFF, 0x3F, 0xFF, 0xFF, 0xFF, 0xFF, 0x3F, 0xFF, 0xFF, 0xFF, 0xFF,
  0x3F, 0xFF, 0xFF, 0xFF, 0xFF, 0x3F, 0xFF, 0xFF, 0xFF, 0xFF, 0x3F, 0xFF,
  0xCF, 0xFF, 0xFC, 0x3F, 0xFF, 0xCF, 0xFF, 0xFC, 0x3F, 0xFF, 0xCF, 0xFF,
  0xFC, 0x3F, 0xFF, 0xCF, 0xFF, 0xFC, 0x3F, 0xFF, 0xCF, 0xFF, 0xFC, 0x3F,
  0xFF, 0xCF, 0xFF, 0xFC, 0x3F, 0xFF, 0xCF, 0xFF, 0xFC, 0x3F, 0xFF, 0xCF,
  0xFF, 0xFC, 0x3F, 0xFF, 0xCF, 0xFF, 0xFC, 0x3F, 0xFF, 0xCF, 0xFF, 0xFC,
  0x3F, 0xFF, 0xCF, 0xFF, 0xFC, 0x3F, 0xFF, 0xCF, 0xFF, 0xFC, 0x3F, 0xFF,
  0xCF, 0xFF, 0xFC, 0x3F, 0xFF, 0xCF, 0xFF, 0xFC, 0x3F, 0xFF, 0xCF, 0xFF,
  0xFC, 0x3F, 0xFF, 0xCF, 0xFF, 0xFC, 0x3F, 0xFF, 0xCF, 0xFF, 0xFC, 0x3F,
  0xFF, 0xCF, 0xFF, 0xFC, 0x3F, 0xFF, 0xCF, 0xFF, 0xFC, 0x3F, 0xFF, 0xCF,
  0xE1, 0xFC, 0x3F, 0xFF, 0xCF, 0xC0, 0xFC, 0x3F, 0xFF, 0xCF, 0xC0, 0xFC,
  0x3F, 0xFF, 0xCF, 0xC0, 0xFC, 0x3F, 0xFF, 0xCF, 0xC0, 0xFC, 0x3F, 0xFF,
  0xFF, 0xE1, 0xFF, 0x3F, 0xFF, 0xFF, 0xFF, 0xFF, 0x3F, 0xFF, 0xFF, 0xFF,
  0xFF, 0x3F, 0xFF, 0xFF, 0xFF, 0xFF, 0x3F, 0xFF, 0xFF, 0xFF, 0xFF, 0x3F,
  0xFF, 0xFF, 0xFF, 0xFF, 0x3F, 0xFF, 0xFF, 0xFF, 0xFF, 0x3F,
};

const unsigned char 13_1_icon[] PROGMEM = {
  0xFF, 0xFF, 0xFF, 0xFF, 0x3F, 0xFF, 0xFF, 0xFF, 0xFF, 0x3F, 0xFF, 0xFF,
  0xFF, 0xFF, 0x3F, 0xFF, 0xFF, 0xFF, 0xFF, 0x3F, 0xFF, 0xFF, 0xFF, 0xFF,
  0x3F, 0xFF, 0xFF, 0xFF, 0xFF, 0x3F, 0xFF, 0xFF, 0xFF, 0xFF, 0x3F, 0xFF,
  0x7F, 0x80, 0xFF, 0x3F, 0xFF, 0x7F, 0x80, 0xFF, 0x3F, 0xFF, 0x7F, 0x80,
  0xFF, 0x3F, 0xFF, 0x7F, 0x80, 0xFF, 0x3F, 0xFF, 0x7F, 0x80, 0xFF, 0x3F,
  0xFF, 0x7F, 0x80, 0xFF, 0x3F, 0xFF, 0x7F, 0x80, 0xFF, 0x3F, 0xFF, 0x7F,
  0x80, 0xFF, 0x3F, 0x7F, 0x00, 0x00, 0x80, 0x3F, 0x7F, 0x00, 0x00, 0x80,
  0x3F, 0x7F, 0x00, 0x00, 0x80, 0x3F, 0x7F, 0x00, 0x00, 0x80, 0x3F, 0x7F,
  0x00, 0x00, 0x80, 0x3F, 0x7F, 0x00, 0x00, 0x80, 0x3F, 0x7F, 0x00, 0x00,
  0x80, 0x3F, 0x7F, 0x00, 0x00, 0x80, 0x3F, 0xFF, 0x7F, 0x80, 0xFF, 0x3F,
  0xFF, 0x7F, 0x80, 0xFF, 0x3F, 0xFF, 0x7F, 0x80, 0xFF, 0x3F, 0xFF, 0x7F,
  0x80, 0xFF, 0x3F, 0xFF, 0x7F, 0x80, 0xFF, 0x3F, 0xFF, 0x7F, 0x80, 0xFF,
  0x3F, 0xFF, 0x7F, 0x80, 0xFF, 0x3F, 0xFF, 0x7F, 0x80, 0xFF, 0x3F, 0xFF,
  0xFF, 0xFF, 0xFF, 0x3F, 0xFF, 0xFF, 0xFF, 0xFF, 0x3F, 0xFF, 0xFF, 0xFF,
  0xFF, 0x3F, 0xFF, 0xFF, 0xFF, 0xFF, 0x3F, 0xFF, 0xFF, 0xFF, 0xFF, 0x3F,
  0xFF, 0xFF, 0xFF, 0xFF, 0x3F, 0xFF, 0xFF, 0xFF, 0xFF, 0x3F,
};

const unsigned char 13_2_icon[] PROGMEM = {
  0xFF, 0xFF, 0xFF, 0xFF, 0x3F, 0xFF, 0xFF, 0xFF, 0xFF, 0x3F, 0xFF, 0xFF,
  0xFF, 0xFF, 0x3F, 0xFF, 0xFF, 0xFF, 0xFF, 0x3F, 0xFF, 0xFF, 0xFF, 0xFF,
  0x3F, 0xFF, 0x07, 0x00, 0xF8, 0x3F, 0xFF, 0x00, 0x00, 0xC0, 0x3F, 0x7F,
  0xF8, 0xFF, 0x87, 0x3F, 0x7F, 0xFE, 0xFF, 0x9F, 0x3F, 0x7F, 0xF8, 0xFF,
  0x87, 0x3F, 0x7F, 0x00, 0x00, 0x80, 0x3F, 0x7F, 0x02, 0x00, 0x90, 0x3F,
  0x7F, 0xFE, 0xFF, 0x9F, 0x3F, 0x7F, 0xFC, 0xFF, 0x8F, 0x3F, 0xFF, 0xFC,
  0xFF, 0xCF, 0x3F, 0xFF, 0xFC, 0xFF, 0xCF, 0x3F, 0xFF, 0xFC, 0xFF, 0xCF,
  0x3F, 0xFF, 0xFC, 0xFF, 0xCF, 0x3F, 0xFF, 0xFC, 0xFF, 0xCF, 0x3F, 0xFF,
  0xF8, 0xFF, 0xC7, 0x3F, 0xFF, 0xF9, 0xFF, 0xE7, 0x3F, 0xFF, 0xF9, 0xFF,
  0xE7, 0x3F, 0xFF, 0xF9, 0xFF, 0xE7, 0x3F, 0xFF, 0xF9, 0xFF, 0xE7, 0x3F,
  0xFF, 0xF9, 0xFF, 0xE7, 0x3F, 0xFF, 0xF3, 0xFF, 0xF3, 0x3F, 0xFF, 0xF3,
  0xFF, 0xF3, 0x3F, 0xFF, 0xF3, 0xFF, 0xF3, 0x3F, 0xFF, 0xF3, 0xFF, 0xF3,
  0x3F, 0xFF, 0xF3, 0xFF, 0xF3, 0x3F, 0xFF, 0xE3, 0xFF, 0xF1, 0x3F, 0xFF,
  0x07, 0x00, 0xF8, 0x3F, 0xFF, 0x1F, 0x00, 0xFE, 0x3F, 0xFF, 0xFF, 0xFF,
  0xFF, 0x3F, 0xFF, 0xFF, 0xFF, 0xFF, 0x3F, 0xFF, 0xFF, 0xFF, 0xFF, 0x3F,
  0xFF, 0xFF, 0xFF, 0xFF, 0x3F, 0xFF, 0xFF, 0xFF, 0xFF, 0x3F,
};

const unsigned char 13_3_icon[] PROGMEM = {
  0xFF, 0xFF, 0xFF, 0xFF, 0x3F, 0xFF, 0xFF, 0xFF, 0xFF, 0x3F, 0xFF, 0xFF,
  0xFF, 0xFF, 0x3F, 0xFF, 0xFF, 0xFF, 0xFF, 0x3F, 0xFF, 0xFF, 0xFF, 0xFF,
  0x3F, 0xFF, 0xFF, 0xC0, 0xFF, 0x3F, 0xFF, 0x7F, 0x80, 0xFF, 0x3F, 0xFF,
  0x7F, 0x80, 0xFF, 0x3F, 0xFF, 0x7F, 0x80, 0xFF, 0x3F, 0xFF, 0x7F, 0x80,
  0xFF, 0x3F, 0xFF, 0x7F, 0x80, 0xFF, 0x3F, 0xFF, 0x7F, 0x80, 0xFF, 0x3F,
  0xFF, 0xFF, 0xC0, 0xFF, 0x3F, 0xFF, 0xFF, 0xF3, 0xFF, 0x3F, 0xFF, 0xFF,
  0xF3, 0xFF, 0x3F, 0xFF, 0xFF, 0xC0, 0xFF, 0x3F, 0xFF, 0x7F, 0x00, 0xFF,
  0x3F, 0xFF, 0x1F, 0x12, 0xFE, 0x3F, 0xFF, 0x8F, 0x73, 0xFC, 0x3F, 0xFF,
  0xCF, 0xF3, 0xFC, 0x3F, 0xFF, 0xFF, 0xF3, 0xFF, 0x3F, 0xFF, 0xFF, 0xF3,
  0xFF, 0x3F, 0xFF, 0xFF, 0xF3, 0xFF, 0x3F, 0xFF, 0xFF, 0xE1, 0xFF, 0x3F,
  0xFF, 0xFF, 0xC0, 0xFF, 0x3F, 0xFF, 0xFF, 0xCC, 0xFF, 0x3F, 0xFF, 0x7F,
  0x8C, 0xFF, 0x3F, 0xFF, 0x3F, 0x1E, 0xFF, 0x3F, 0xFF, 0x3F, 0x3F, 0xFF,
  0x3F, 0xFF, 0x1F, 0x3F, 0xFE, 0x3F, 0xFF, 0x8F, 0x7F, 0xFC, 0x3F, 0xFF,
  0xCF, 0xFF, 0xFC, 0x3F, 0xFF, 0xC7, 0xFF, 0xF8, 0x3F, 0xFF, 0xFF, 0xFF,
  0xFF, 0x3F, 0xFF, 0xFF, 0xFF, 0xFF, 0x3F, 0xFF, 0xFF, 0xFF, 0xFF, 0x3F,
  0xFF, 0xFF, 0xFF, 0xFF, 0x3F, 0xFF, 0xFF, 0xFF, 0xFF, 0x3F,
};

const unsigned char 2_1_icon[] PROGMEM = {
  0xFF, 0xFF, 0xFF, 0xFF, 0x3F, 0xFF, 0xFF, 0xFF, 0xFF, 0x3F, 0xFF, 0xFF,
  0xFF, 0xFF, 0x3F, 0xFF, 0xFF, 0xFF, 0xFF, 0x3F, 0xFF, 0xFF, 0xFF, 0xFF,
  0x3F, 0xFF, 0xFF, 0xFF, 0xFF, 0x3F, 0xFF, 0xFF, 0xFF, 0xFF, 0x3F, 0xFF,
  0xFF, 0xFF, 0xFF, 0x3F, 0xFF, 0xFF, 0xFF, 0xFF, 0x3F, 0xFF, 0xFF, 0xFF,
  0xFF, 0x3F, 0xFF, 0xFF, 0xFF, 0xFF, 0x3F, 0xFF, 0xFF, 0xFF, 0xFF, 0x3F,
  0xFF, 0xFF, 0xFF, 0xFF, 0x3F, 0xFF, 0xFF, 0xFF, 0xFF, 0x3F, 0x1F, 0x00,
  0x00, 0x00, 0x3E, 0x1F, 0x00, 0x00, 0x00, 0x3E, 0x9F, 0x3F, 0x3F, 0x7F,
  0x3E, 0x9F, 0x3F, 0x3F, 0x7F, 0x3E, 0x9F, 0x3F, 0x3F, 0x7F, 0x3E, 0x9F,
  0x3F, 0x3F, 0x7F, 0x3E, 0x9F, 0x3F, 0x3F, 0x7F, 0x3E, 0x9F, 0x3F, 0x3F,
  0x7F, 0x3E, 0x9F, 0x3F, 0x3F, 0x7F, 0x3E, 0xFF, 0xFF, 0xFF, 0xFF, 0x3F,
  0xFF, 0xFF, 0xFF, 0xFF, 0x3F, 0xFF, 0xFF, 0xFF, 0xFF, 0x3F, 0xFF, 0xFF,
  0xFF, 0xFF, 0x3F, 0xFF, 0xFF, 0xFF, 0xFF, 0x3F, 0xFF, 0xFF, 0xFF, 0xFF,
  0x3F, 0xFF, 0xFF, 0xFF, 0xFF, 0x3F, 0xFF, 0xFF, 0xFF, 0xFF, 0x3F, 0xFF,
  0xFF, 0xFF, 0xFF, 0x3F, 0xFF, 0xFF, 0xFF, 0xFF, 0x3F, 0xFF, 0xFF, 0xFF,
  0xFF, 0x3F, 0xFF, 0xFF, 0xFF, 0xFF, 0x3F, 0xFF, 0xFF, 0xFF, 0xFF, 0x3F,
  0xFF, 0xFF, 0xFF, 0xFF, 0x3F, 0xFF, 0xFF, 0xFF, 0xFF, 0x3F,
};

const unsigned char 2_10_icon[] PROGMEM = {
  0xFF, 0xFF, 0xFF, 0xFF, 0x3F, 0xFF, 0xFF, 0xFF, 0xFF, 0x3F, 0xFF, 0xFF,
  0xFF, 0xFF, 0x3F, 0xFF, 0xFF, 0xFF, 0xFF, 0x3F, 0xFF, 0xFF, 0xFF, 0xFF,
  0x3F, 0xFF, 0xFF, 0xFF, 0xFF, 0x3F, 0xFF, 0xFF, 0xFF, 0xFF, 0x3F, 0xFF,
  0xFF, 0xFF, 0xFF, 0x3F, 0xFF, 0xFF, 0xFF, 0xFF, 0x3F, 0x3F, 0xE0, 0xFF,
  0x01, 0x3F, 0xFF, 0xE7, 0xFF, 0xF9, 0x3F, 0xFF, 0xE7, 0xFF, 0xF9, 0x3F,
  0xFF, 0xE7, 0xFF, 0xF9, 0x3F, 0xFF, 0xE7, 0xFF, 0xF9, 0x3F, 0xFF, 0xE7,
  0xFF, 0xF9, 0x3F, 0xFF, 0xE7, 0xFF, 0xF9, 0x3F, 0xFF, 0xE7, 0xFF, 0xF9,
  0x3F, 0xFF, 0xE7, 0xFF, 0xF9, 0x3F, 0xFF, 0xE7, 0xFF, 0xF9, 0x3F, 0xFF,
  0xE7, 0xFF, 0xF9, 0x3F, 0xFF, 0xE7, 0xFF, 0xF9, 0x3F, 0xFF, 0xE7, 0xFF,
  0xF9, 0x3F, 0xFF, 0xE7, 0xFF, 0xF9, 0x3F, 0xFF, 0xE7, 0xFF, 0xF9, 0x3F,
  0xFF, 0xE7, 0xFF, 0xF9, 0x3F, 0xFF, 0xE7, 0xFF, 0xF9, 0x3F, 0xFF, 0xE7,
  0xFF, 0xF9, 0x3F, 0xFF, 0xE7, 0xFF, 0xF9, 0x3F, 0xFF, 0x07, 0x00, 0xF8,
  0x3F, 0xFF, 0xFF, 0xFF, 0xFF, 0x3F, 0xFF, 0xFF, 0xFF, 0xFF, 0x3F, 0xFF,
  0xFF, 0xFF, 0xFF, 0x3F, 0xFF, 0xFF, 0xFF, 0xFF, 0x3F, 0xFF, 0xFF, 0xFF,
  0xFF, 0x3F, 0xFF, 0xFF, 0xFF, 0xFF, 0x3F, 0xFF, 0xFF, 0xFF, 0xFF, 0x3F,
  0xFF, 0xFF, 0xFF, 0xFF, 0x3F, 0xFF, 0xFF, 0xFF, 0xFF, 0x3F,
};

const unsigned char 2_2_icon[] PROGMEM = {
  0xFF, 0xFF, 0xFF, 0xFF, 0x3F, 0xFF, 0xFF, 0xFF, 0xFF, 0x3F, 0xFF, 0xFF,
  0xFF, 0xFF, 0x3F, 0xFF, 0xFF, 0xFF, 0xFF, 0x3F, 0xFF, 0xFF, 0xFF, 0xFF,
  0x3F, 0xFF, 0xFF, 0xF3, 0xFF, 0x3F, 0xFF, 0xFF, 0xF3, 0xFF, 0x3F, 0xFF,
  0xFF, 0xF3, 0xFF, 0x3F, 0xFF, 0xFF, 0xF3, 0xFF, 0x3F, 0xFF, 0xFF, 0xE1,
  0xFF, 0x3F, 0xFF, 0xFF, 0xE1, 0xFF, 0x3F, 0xFF, 0xFF, 0xE1, 0xFF, 0x3F,
  0xFF, 0xFF, 0xE1, 0xFF, 0x3F, 0xFF, 0xFF, 0xC0, 0xFF, 0x3F, 0xFF, 0xFF,
  0xC0, 0xFF, 0x3F, 0xFF, 0xFF, 0xC0, 0xFF, 0x3F, 0xFF, 0x7F, 0x80, 0xFF,
  0x3F, 0xFF, 0x7F, 0x80, 0xFF, 0x3F, 0xFF, 0x7F, 0x80, 0xFF, 0x3F, 0xFF,
  0x7F, 0x80, 0xFF, 0x3F, 0xFF, 0x3F, 0x00, 0xFF, 0x3F, 0xFF, 0x3F, 0x00,
  0xFF, 0x3F, 0xFF, 0x3F, 0x00, 0xFF, 0x3F, 0xFF, 0x3F, 0x00, 0xFF, 0x3F,
  0xFF, 0x1F, 0x00, 0xFE, 0x3F, 0xFF, 0x1F, 0x00, 0xFE, 0x3F, 0xFF, 0x1F,
  0x00, 0xFE, 0x3F, 0xFF, 0x1F, 0x00, 0xFE, 0x3F, 0xFF, 0x0F, 0x00, 0xFC,
  0x3F, 0xFF, 0x0F, 0x00, 0xFC, 0x3F, 0xFF, 0x0F, 0x00, 0xFC, 0x3F, 0xFF,
  0x07, 0x00, 0xF8, 0x3F, 0xFF, 0x07, 0x00, 0xF8, 0x3F, 0xFF, 0xFF, 0xFF,
  0xFF, 0x3F, 0xFF, 0xFF, 0xFF, 0xFF, 0x3F, 0xFF, 0xFF, 0xFF, 0xFF, 0x3F,
  0xFF, 0xFF, 0xFF, 0xFF, 0x3F, 0xFF, 0xFF, 0xFF, 0xFF, 0x3F,
};

const unsigned char 2_3_icon[] PROGMEM = {
  0xFF, 0xFF, 0xFF, 0xFF, 0x3F, 0xFF, 0xFF, 0xFF, 0xFF, 0x3F, 0xFF, 0xFF,
  0xFF, 0xFF, 0x3F, 0xFF, 0xFF, 0xFF, 0xFF, 0x3F, 0xFF, 0xFF, 0xFF, 0xFF,
  0x3F, 0xFF, 0x3F, 0xFF, 0xFF, 0x3F, 0xFF, 0x1F, 0xFF, 0xFF, 0x3F, 0xFF,
  0x3F, 0xFE, 0xFF, 0x3F, 0xFF, 0x7F, 0xFC, 0xFF, 0x3F, 0xFF, 0xFF, 0xFC,
  0xFF, 0x3F, 0xFF, 0xFF, 0xF8, 0xFF, 0x3F, 0xFF, 0xFF, 0xF9, 0xFF, 0x3F,
  0xFF, 0xFF, 0xF9, 0xE7, 0x3F, 0xFF, 0xFF, 0xF1, 0xE0, 0x3F, 0xFF, 0xFF,
  0x13, 0xF0, 0x3F, 0xFF, 0xFF, 0x03, 0xFE, 0x3F, 0xFF, 0x3F, 0xC0, 0xFF,
  0x3F, 0xFF, 0x07, 0xFC, 0xFF, 0x3F, 0x7F, 0x80, 0xFF, 0xFF, 0x3F, 0x7F,
  0x80, 0xFF, 0xFF, 0x3F, 0xFF, 0x07, 0xFC, 0xFF, 0x3F, 0xFF, 0x3F, 0xC0,
  0xFF, 0x3F, 0xFF, 0xFF, 0x03, 0xFE, 0x3F, 0xFF, 0xFF, 0x13, 0xF0, 0x3F,
  0xFF, 0xFF, 0xF1, 0xE0, 0x3F, 0xFF, 0xFF, 0xF9, 0xE7, 0x3F, 0xFF, 0xFF,
  0xF9, 0xFF, 0x3F, 0xFF, 0xFF, 0xF8, 0xFF, 0x3F, 0xFF, 0xFF, 0xFC, 0xFF,
  0x3F, 0xFF, 0x7F, 0xFC, 0xFF, 0x3F, 0xFF, 0x3F, 0xFE, 0xFF, 0x3F, 0xFF,
  0x1F, 0xFF, 0xFF, 0x3F, 0xFF, 0x3F, 0xFF, 0xFF, 0x3F, 0xFF, 0xFF, 0xFF,
  0xFF, 0x3F, 0xFF, 0xFF, 0xFF, 0xFF, 0x3F, 0xFF, 0xFF, 0xFF, 0xFF, 0x3F,
  0xFF, 0xFF, 0xFF, 0xFF, 0x3F, 0xFF, 0xFF, 0xFF, 0xFF, 0x3F,
};

const unsigned char 2_4_icon[] PROGMEM = {
  0xFF, 0xFF, 0xFF, 0xFF, 0x3F, 0xFF, 0xFF, 0xFF, 0xFF, 0x3F, 0xFF, 0xFF,
  0xFF, 0xFF, 0x3F, 0xFF, 0xFF, 0xFF, 0xFF, 0x3F, 0xFF, 0xFF, 0xFF, 0xFF,
  0x3F, 0xFF, 0xFF, 0xFF, 0xFF, 0x3F, 0xFF, 0xFF, 0xFF, 0xFF, 0x3F, 0xFF,
  0xFF, 0xFF, 0xFF, 0x3F, 0xFF, 0xFF, 0xFF, 0xFF, 0x3F, 0xFF, 0xFF, 0xF3,
  0xFF, 0x3F, 0xFF, 0xFF, 0xF3, 0xFF, 0x3F, 0xFF, 0xFF, 0xE1, 0xFF, 0x3F,
  0xFF, 0xFF, 0xC0, 0xFF, 0x3F, 0xFF, 0xFF, 0xC0, 0xFF, 0x3F, 0xFF, 0x7F,
  0x80, 0xFF, 0x3F, 0xFF, 0x7F, 0x80, 0xFF, 0x3F, 0xFF, 0x3F, 0x00, 0xFF,
  0x3F, 0xFF, 0x3F, 0x00, 0xFF, 0x3F, 0xFF, 0x1F, 0x00, 0xFE, 0x3F, 0xFF,
  0x0F, 0x00, 0xFC, 0x3F, 0xFF, 0x0F, 0x00, 0xFC, 0x3F, 0xFF, 0x07, 0x00,
  0xF8, 0x3F, 0xFF, 0x07, 0x00, 0xF8, 0x3F, 0xFF, 0x03, 0x00, 0xF0, 0x3F,
  0xFF, 0x01, 0x00, 0xE0, 0x3F, 0xFF, 0x01, 0x00, 0xE0, 0x3F, 0xFF, 0x00,
  0x00, 0xC0, 0x3F, 0xFF, 0x00, 0x00, 0xC0, 0x3F, 0x7F, 0x00, 0x00, 0x80,
  0x3F, 0xFF, 0xFF, 0xFF, 0xFF, 0x3F, 0xFF, 0xFF, 0xFF, 0xFF, 0x3F, 0xFF,
  0xFF, 0xFF, 0xFF, 0x3F, 0xFF, 0xFF, 0xFF, 0xFF, 0x3F, 0xFF, 0xFF, 0xFF,
  0xFF, 0x3F, 0xFF, 0xFF, 0xFF, 0xFF, 0x3F, 0xFF, 0xFF, 0xFF, 0xFF, 0x3F,
  0xFF, 0xFF, 0xFF, 0xFF, 0x3F, 0xFF, 0xFF, 0xFF, 0xFF, 0x3F,
};

const unsigned char 2_5_icon[] PROGMEM = {
  0xFF, 0xFF, 0xFF, 0xFF, 0x3F, 0xFF, 0xFF, 0xFF, 0xFF, 0x3F, 0xFF, 0xFF,
  0xFF, 0xFF, 0x3F, 0xFF, 0xFF, 0xFF, 0xFF, 0x3F, 0xFF, 0xFF, 0xFF, 0xFF,
  0x3F, 0xFF, 0xF3, 0xFF, 0xF3, 0x3F, 0xFF, 0xF1, 0xFF, 0xE3, 0x3F, 0xFF,
  0xE0, 0xFF, 0xC1, 0x3F, 0xFF, 0xE0, 0xFF, 0xC1, 0x3F, 0x7F, 0xC0, 0xFF,
  0x80, 0x3F, 0x7F, 0xC0, 0xFF, 0x80, 0x3F, 0x3F, 0x80, 0x7F, 0x00, 0x3F,
  0x3F, 0x00, 0x3F, 0x00, 0x3F, 0x1F, 0x00, 0x3F, 0x00, 0x3E, 0x1F, 0x00,
  0x33, 0x00, 0x3E, 0xFF, 0xFF, 0xF3, 0xFF, 0x3F, 0xFF, 0xFF, 0xE1, 0xFF,
  0x3F, 0xFF, 0xFF, 0xC0, 0xFF, 0x3F, 0xFF, 0xFF, 0xC0, 0xFF, 0x3F, 0xFF,
  0x7F, 0x80, 0xFF, 0x3F, 0xFF, 0x7F, 0x80, 0xFF, 0x3F, 0xFF, 0x3F, 0x00,
  0xFF, 0x3F, 0xFF, 0x1F, 0x00, 0xFE, 0x3F, 0xFF, 0x1B, 0x00, 0xF6, 0x3F,
  0xFF, 0xF1, 0xFF, 0xE3, 0x3F, 0xFF, 0xE1, 0xFF, 0xE1, 0x3F, 0xFF, 0xE0,
  0xFF, 0xC1, 0x3F, 0x7F, 0xC0, 0xFF, 0x80, 0x3F, 0x7F, 0xC0, 0xFF, 0x80,
  0x3F, 0x3F, 0x80, 0x7F, 0x00, 0x3F, 0x3F, 0x80, 0x7F, 0x00, 0x3F, 0x1F,
  0x00, 0x3F, 0x00, 0x3E, 0x1F, 0x00, 0x3F, 0x00, 0x3E, 0xFF, 0xFF, 0xFF,
  0xFF, 0x3F, 0xFF, 0xFF, 0xFF, 0xFF, 0x3F, 0xFF, 0xFF, 0xFF, 0xFF, 0x3F,
  0xFF, 0xFF, 0xFF, 0xFF, 0x3F, 0xFF, 0xFF, 0xFF, 0xFF, 0x3F,
};

const unsigned char 2_6_icon[] PROGMEM = {
  0xFF, 0xFF, 0xFF, 0xFF, 0x3F, 0xFF, 0xFF, 0xFF, 0xFF, 0x3F, 0xFF, 0xFF,
  0xFF, 0xFF, 0x3F, 0xFF, 0xFF, 0xFF, 0xFF, 0x3F, 0xFF, 0xFF, 0xFF, 0xFF,
  0x3F, 0xFF, 0xFF, 0xFF, 0xFF, 0x3F, 0xFF, 0xFF, 0xFF, 0xFF, 0x3F, 0xFF,
  0xFF, 0xFF, 0xFF, 0x3F, 0xFF, 0xFF, 0xFF, 0xFF, 0x3F, 0xFF, 0x9F, 0xFF,
  0xFF, 0x3F, 0xFF, 0x1F, 0xFF, 0xFF, 0x3F, 0xFF, 0x0F, 0xFF, 0xFF, 0x3F,
  0xFF, 0x0F, 0xFE, 0xFF, 0x3F, 0xFF, 0x07, 0x7C, 0xFE, 0x3F, 0xFF, 0x07,
  0x3C, 0xFE, 0x3F, 0xFF, 0x03, 0x38, 0xFC, 0x3F, 0xFF, 0x03, 0x10, 0xFC,
  0x3F, 0xFF, 0x01, 0x00, 0xF8, 0x3F, 0xFF, 0x00, 0x00, 0xF8, 0x3F, 0xFF,
  0x00, 0x00, 0xF0, 0x3F, 0x7F, 0x00, 0x00, 0xE0, 0x3F, 0x7F, 0x00, 0x00,
  0xE0, 0x3F, 0x3F, 0x00, 0x00, 0xC0, 0x3F, 0x3F, 0x00, 0x00, 0xC0, 0x3F,
  0x1F, 0x00, 0x00, 0x80, 0x3F, 0xFF, 0x7F, 0x00, 0x80, 0x3F, 0xFF, 0x7F,
  0x00, 0x00, 0x3F, 0xFF, 0x3F, 0x00, 0x00, 0x3F, 0xFF, 0x3F, 0x00, 0x00,
  0x3E, 0xFF, 0xFF, 0xFF, 0xFF, 0x3F, 0xFF, 0xFF, 0xFF, 0xFF, 0x3F, 0xFF,
  0xFF, 0xFF, 0xFF, 0x3F, 0xFF, 0xFF, 0xFF, 0xFF, 0x3F, 0xFF, 0xFF, 0xFF,
  0xFF, 0x3F, 0xFF, 0xFF, 0xFF, 0xFF, 0x3F, 0xFF, 0xFF, 0xFF, 0xFF, 0x3F,
  0xFF, 0xFF, 0xFF, 0xFF, 0x3F, 0xFF, 0xFF, 0xFF, 0xFF, 0x3F,
};

const unsigned char 2_7_icon[] PROGMEM = {
  0xFF, 0xFF, 0xFF, 0xFF, 0x3F, 0xFF, 0xFF, 0xFF, 0xFF, 0x3F, 0xFF, 0xFF,
  0xFF, 0xFF, 0x3F, 0xFF, 0xFF, 0xFF, 0xFF, 0x3F, 0xFF, 0xFF, 0xFF, 0xFF,
  0x3F, 0xFF, 0xFF, 0xFF, 0xFF, 0x3F, 0x3F, 0x86, 0x61, 0x18, 0x3F, 0x3F,
  0x84, 0x61, 0x08, 0x3F, 0x3F, 0x84, 0x61, 0x08, 0x3F, 0x7F, 0xCF, 0xF3,
  0xBC, 0x3F, 0xFF, 0xFF, 0xFF, 0xFF, 0x3F, 0x3F, 0xCE, 0xF3, 0x1C, 0x3F,
  0x3F, 0x84, 0x61, 0x08, 0x3F, 0x3F, 0x84, 0x61, 0x08, 0x3F, 0x3F, 0x8E,
  0x61, 0x1C, 0x3F, 0xFF, 0xFF, 0xFF, 0xFF, 0x3F, 0xFF, 0xFF, 0xFF, 0xFF,
  0x3F, 0x3F, 0x8E, 0x61, 0x1C, 0x3F, 0x3F, 0x84, 0x61, 0x08, 0x3F, 0x3F,
  0x84, 0x61, 0x08, 0x3F, 0x3F, 0x8E, 0x61, 0x1C, 0x3F, 0xFF, 0xFF, 0xFF,
  0xFF, 0x3F, 0xFF, 0xFF, 0xFF, 0xFF, 0x3F, 0x3F, 0x8E, 0x61, 0x1C, 0x3F,
  0x3F, 0x84, 0x61, 0x08, 0x3F, 0x3F, 0x84, 0x61, 0x08, 0x3F, 0x3F, 0xCE,
  0xF3, 0x1C, 0x3F, 0xFF, 0xFF, 0xFF, 0xFF, 0x3F, 0x7F, 0xCE, 0xF3, 0x9C,
  0x3F, 0x3F, 0x84, 0x61, 0x08, 0x3F, 0x3F, 0x84, 0x61, 0x08, 0x3F, 0x3F,
  0x86, 0x61, 0x18, 0x3F, 0xFF, 0xFF, 0xFF, 0xFF, 0x3F, 0xFF, 0xFF, 0xFF,
  0xFF, 0x3F, 0xFF, 0xFF, 0xFF, 0xFF, 0x3F, 0xFF, 0xFF, 0xFF, 0xFF, 0x3F,
  0xFF, 0xFF, 0xFF, 0xFF, 0x3F, 0xFF, 0xFF, 0xFF, 0xFF, 0x3F,
};

const unsigned char 2_8_icon[] PROGMEM = {
  0xFF, 0xFF, 0xFF, 0xFF, 0x3F, 0xFF, 0xFF, 0xFF, 0xFF, 0x3F, 0xFF, 0xFF,
  0xFF, 0xFF, 0x3F, 0xFF, 0xFF, 0xFF, 0xFF, 0x3F, 0xFF, 0xFF, 0xFF, 0xFF,
  0x3F, 0xFF, 0xFF, 0xF3, 0xFF, 0x3F, 0xFF, 0xFF, 0xF3, 0xFF, 0x3F, 0xFF,
  0xFF, 0xF3, 0xFF, 0x3F, 0xFF, 0xFF, 0xF3, 0xFF, 0x3F, 0xFF, 0xF9, 0xF3,
  0xE7, 0x3F, 0xFF, 0xF1, 0xF3, 0xE3, 0x3F, 0xFF, 0xE3, 0xF3, 0xF1, 0x3F,
  0xFF, 0xC7, 0xF3, 0xF8, 0x3F, 0xFF, 0x8F, 0x73, 0xFC, 0x3F, 0xFF, 0x1F,
  0x33, 0xFE, 0x3F, 0xFF, 0x3F, 0x3F, 0xFF, 0x3F, 0xFF, 0xFF, 0xFF, 0xFF,
  0x3F, 0xFF, 0xFF, 0xFF, 0xFF, 0x3F, 0x1F, 0x80, 0x7F, 0x00, 0x3E, 0x1F,
  0x80, 0x7F, 0x00, 0x3E, 0xFF, 0xFF, 0xFF, 0xFF, 0x3F, 0xFF, 0xFF, 0xFF,
  0xFF, 0x3F, 0xFF, 0x3F, 0x3F, 0xFF, 0x3F, 0xFF, 0x1F, 0x33, 0xFE, 0x3F,
  0xFF, 0x8F, 0x73, 0xFC, 0x3F, 0xFF, 0xC7, 0xF3, 0xF8, 0x3F, 0xFF, 0xE3,
  0xF3, 0xF1, 0x3F, 0xFF, 0xF1, 0xF3, 0xE3, 0x3F, 0xFF, 0xF9, 0xF3, 0xE7,
  0x3F, 0xFF, 0xFF, 0xF3, 0xFF, 0x3F, 0xFF, 0xFF, 0xF3, 0xFF, 0x3F, 0xFF,
  0xFF, 0xF3, 0xFF, 0x3F, 0xFF, 0xFF, 0xF3, 0xFF, 0x3F, 0xFF, 0xFF, 0xFF,
  0xFF, 0x3F, 0xFF, 0xFF, 0xFF, 0xFF, 0x3F, 0xFF, 0xFF, 0xFF, 0xFF, 0x3F,
  0xFF, 0xFF, 0xFF, 0xFF, 0x3F, 0xFF, 0xFF, 0xFF, 0xFF, 0x3F,
};

const unsigned char 2_9_icon[] PROGMEM = {
  0xFF, 0xFF, 0xFF, 0xFF, 0x3F, 0xFF, 0xFF, 0xFF, 0xFF, 0x3F, 0xFF, 0xFF,
  0xFF, 0xFF, 0x3F, 0xFF, 0xFF, 0xFF, 0xFF, 0x3F, 0xFF, 0xFF, 0xFF, 0xFF,
  0x3F, 0xFF, 0x03, 0x3F, 0xF0, 0x3F, 0xFF, 0x03, 0x3F, 0xF0, 0x3F, 0xFF,
  0x3F, 0x3F, 0xFF, 0x3F, 0xFF, 0x3F, 0x3F, 0xFF, 0x3F, 0xFF, 0x3F, 0x3F,
  0xFF, 0x3F, 0xFF, 0x3F, 0x3F, 0xFF, 0x3F, 0xFF, 0x3F, 0x3F, 0xFF, 0x3F,
  0xFF, 0x3F, 0x3F, 0xFF, 0x3F, 0xFF, 0x3F, 0x3F, 0xFF, 0x3F, 0xFF, 0x3F,
  0x3F, 0xFF, 0x3F, 0xFF, 0x3F, 0x3F, 0xFF, 0x3F, 0xFF, 0x3F, 0x3F, 0xFF,
  0x3F, 0xFF, 0x3F, 0x3F, 0xFF, 0x3F, 0xFF, 0x3F, 0x3F, 0xFF, 0x3F, 0xFF,
  0x3F, 0x3F, 0xFF, 0x3F, 0xFF, 0x3F, 0x3F, 0xFF, 0x3F, 0xFF, 0x3F, 0x3F,
  0xFF, 0x3F, 0xFF, 0x3F, 0x3F, 0xFF, 0x3F, 0xFF, 0x3F, 0x3F, 0xFF, 0x3F,
  0xFF, 0x3F, 0x3F, 0xFF, 0x3F, 0xFF, 0x3F, 0x3F, 0xFF, 0x3F, 0xFF, 0x3F,
  0x3F, 0xFF, 0x3F, 0xFF, 0x3F, 0x3F, 0xFF, 0x3F, 0xFF, 0x3F, 0x3F, 0xFF,
  0x3F, 0xFF, 0x3F, 0x3F, 0xFF, 0x3F, 0xFF, 0x3F, 0x3F, 0xFF, 0x3F, 0xFF,
  0x03, 0x3F, 0xF0, 0x3F, 0xFF, 0x03, 0x3F, 0xF0, 0x3F, 0xFF, 0xFF, 0xFF,
  0xFF, 0x3F, 0xFF, 0xFF, 0xFF, 0xFF, 0x3F, 0xFF, 0xFF, 0xFF, 0xFF, 0x3F,
  0xFF, 0xFF, 0xFF, 0xFF, 0x3F, 0xFF, 0xFF, 0xFF, 0xFF, 0x3F,
};

const unsigned char 3_1_icon[] PROGMEM = {
  0xFF, 0xFF, 0xFF, 0xFF, 0x3F, 0xFF, 0xFF, 0xFF, 0xFF, 0x3F, 0xFF, 0xFF,
  0xFF, 0xFF, 0x3F, 0xFF, 0xFF, 0xFF, 0xFF, 0x3F, 0xFF, 0xFF, 0xFF, 0xFF,
  0x3F, 0xFF, 0xFF, 0xFF, 0xFF, 0x3F, 0xFF, 0xFF, 0xFF, 0xFF, 0x3F, 0xFF,
  0xFF, 0xFF, 0xFF, 0x3F, 0xFF, 0xFF, 0xFF, 0xFF, 0x3F, 0xFF, 0x3F, 0x00,
  0xFF, 0x3F, 0xFF, 0x03, 0x00, 0xF0, 0x3F, 0xFF, 0xC1, 0xFF, 0xE0, 0x3F,
  0x7F, 0xF8, 0xFF, 0x87, 0x3F, 0x3F, 0xFC, 0xFF, 0x0F, 0x3F, 0x1F, 0xFF,
  0xFF, 0x3F, 0x3E, 0x9F, 0x0F, 0x3F, 0x7C, 0x3E, 0x8F, 0x07, 0x1E, 0x78,
  0x3C, 0xCF, 0x67, 0x9E, 0xF9, 0x3C, 0xCF, 0x67, 0x9E, 0xF9, 0x3C, 0xCF,
  0xE7, 0xCC, 0xF9, 0x3C, 0xCF, 0xE7, 0xCC, 0xF9, 0x3C, 0x8F, 0xFF, 0xC0,
  0x7F, 0x3C, 0x9F, 0xFF, 0xE1, 0x7F, 0x3E, 0x1F, 0xFF, 0xFF, 0x3F, 0x3E,
  0x3F, 0xFC, 0xFF, 0x0F, 0x3F, 0x7F, 0xF8, 0xFF, 0x87, 0x3F, 0xFF, 0xC1,
  0xFF, 0xE0, 0x3F, 0xFF, 0x03, 0x00, 0xF0, 0x3F, 0xFF, 0x3F, 0x00, 0xFF,
  0x3F, 0xFF, 0xFF, 0xFF, 0xFF, 0x3F, 0xFF, 0xFF, 0xFF, 0xFF, 0x3F, 0xFF,
  0xFF, 0xFF, 0xFF, 0x3F, 0xFF, 0xFF, 0xFF, 0xFF, 0x3F, 0xFF, 0xFF, 0xFF,
  0xFF, 0x3F, 0xFF, 0xFF, 0xFF, 0xFF, 0x3F, 0xFF, 0xFF, 0xFF, 0xFF, 0x3F,
  0xFF, 0xFF, 0xFF, 0xFF, 0x3F, 0xFF, 0xFF, 0xFF, 0xFF, 0x3F,
};

const unsigned char 3_10_icon[] PROGMEM = {
  0xFF, 0xFF, 0xFF, 0xFF, 0x3F, 0xFF, 0xFF, 0xFF, 0xFF, 0x3F, 0xFF, 0xFF,
  0xFF, 0xFF, 0x3F, 0xFF, 0xFF, 0xFF, 0xFF, 0x3F, 0xFF, 0xFF, 0xFF, 0xFF,
  0x3F, 0xFF, 0x80, 0xFF, 0xFF, 0x3F, 0x7F, 0x00, 0xFF, 0xFF, 0x3F, 0x3F,
  0x3E, 0xFE, 0xFF, 0x3F, 0x1F, 0x7F, 0xFC, 0xFF, 0x3F, 0x9F, 0xFF, 0xFC,
  0xFF, 0x3F, 0x9F, 0xFF, 0xFF, 0xFF, 0x3F, 0x9F, 0xFF, 0xFF, 0xFF, 0x3F,
  0x9F, 0xCF, 0xFF, 0xFF, 0x3F, 0x9F, 0x8F, 0xFF, 0xFF, 0x3F, 0x1F, 0x1F,
  0xFF, 0xFF, 0x3F, 0x3F, 0x3E, 0xFE, 0xFF, 0x3F, 0x7F, 0x7C, 0xFC, 0xFF,
  0x3F, 0xFF, 0xFC, 0x00, 0xFE, 0x3F, 0xFF, 0xFF, 0x03, 0xFE, 0x3F, 0xFF,
  0xFF, 0x7F, 0xFC, 0x3F, 0xFF, 0xFF, 0x7F, 0xFE, 0x3F, 0xFF, 0xFF, 0x3F,
  0xFE, 0x3F, 0xFF, 0xFF, 0x3F, 0xFE, 0x3F, 0xFF, 0xFF, 0x1F, 0xFF, 0x3F,
  0xFF, 0xFF, 0x8F, 0x0F, 0x3F, 0xFF, 0xFF, 0xCF, 0x03, 0x3E, 0xFF, 0xFF,
  0x8F, 0x61, 0x3E, 0xFF, 0xFF, 0x1F, 0x78, 0x3E, 0xFF, 0xFF, 0x1F, 0x3C,
  0x3E, 0xFF, 0xFF, 0xFF, 0x3F, 0x3F, 0xFF, 0xFF, 0xFF, 0x1F, 0x3F, 0xFF,
  0xFF, 0xFF, 0x9F, 0x3F, 0xFF, 0xFF, 0xFF, 0x9F, 0x3F, 0xFF, 0xFF, 0xFF,
  0xCF, 0x3F, 0xFF, 0xFF, 0xFF, 0xFF, 0x3F, 0xFF, 0xFF, 0xFF, 0xFF, 0x3F,
  0xFF, 0xFF, 0xFF, 0xFF, 0x3F, 0xFF, 0xFF, 0xFF, 0xFF, 0x3F,
};

const unsigned char 3_11_icon[] PROGMEM = {
  0xFF, 0xFF, 0xFF, 0xFF, 0x3F, 0xFF, 0xFF, 0xFF, 0xFF, 0x3F, 0xFF, 0xFF,
  0xFF, 0xFF, 0x3F, 0xFF, 0xFF, 0xFF, 0xFF, 0x3F, 0xFF, 0xFF, 0xFF, 0xFF,
  0x3F, 0x7F, 0xF8, 0xE1, 0x87, 0x3F, 0x3F, 0xF0, 0xC0, 0x03, 0x3F, 0x3F,
  0xF3, 0xCC, 0x33, 0x3F, 0x3F, 0xE7, 0xCC, 0x39, 0x3F, 0x3F, 0x67, 0x9E,
  0x39, 0x3F, 0x3F, 0x07, 0x1E, 0x38, 0x3F, 0xFF, 0x0F, 0x1E, 0xFC, 0x3F,
  0xFF, 0xFF, 0xFF, 0xFF, 0x3F, 0xFF, 0xFF, 0xFF, 0xFF, 0x3F, 0xFF, 0xFF,
  0xFF, 0xFF, 0x3F, 0xFF, 0xFF, 0xFF, 0xFF, 0x3F, 0xFF, 0x01, 0x00, 0xE0,
  0x3F, 0xFF, 0x01, 0x00, 0xE0, 0x3F, 0xFF, 0xFD, 0xFF, 0xEF, 0x3F, 0xFF,
  0xFD, 0xFF, 0xEF, 0x3F, 0xFF, 0xFD, 0xFF, 0xEF, 0x3F, 0xFF, 0xFD, 0xFF,
  0xEF, 0x3F, 0xFF, 0xFD, 0xFF, 0xEF, 0x3F, 0xFF, 0xFD, 0xFF, 0xEF, 0x3F,
  0xFF, 0xFD, 0xFF, 0xEF, 0x3F, 0xFF, 0xFD, 0xFF, 0xEF, 0x3F, 0xFF, 0xFD,
  0xFF, 0xEF, 0x3F, 0xFF, 0xFD, 0xFF, 0xEF, 0x3F, 0xFF, 0x01, 0x00, 0xE0,
  0x3F, 0xFF, 0xFF, 0xFF, 0xFF, 0x3F, 0xFF, 0xFF, 0xFF, 0xFF, 0x3F, 0xFF,
  0xFF, 0xFF, 0xFF, 0x3F, 0xFF, 0xFF, 0xFF, 0xFF, 0x3F, 0xFF, 0xFF, 0xFF,
  0xFF, 0x3F, 0xFF, 0xFF, 0xFF, 0xFF, 0x3F, 0xFF, 0xFF, 0xFF, 0xFF, 0x3F,
  0xFF, 0xFF, 0xFF, 0xFF, 0x3F, 0xFF, 0xFF, 0xFF, 0xFF, 0x3F,
};

const unsigned char 3_2_icon[] PROGMEM = {
  0xFF, 0xFF, 0xFF, 0xFF, 0x3F, 0xFF, 0xFF, 0xFF, 0xFF, 0x3F, 0xFF, 0xFF,
  0xFF, 0xFF, 0x3F, 0xFF, 0xFF, 0xFF, 0xFF, 0x3F, 0xFF, 0xFF, 0xFF, 0xFF,
  0x3F, 0x7F, 0xF8, 0xE1, 0x87, 0x3F, 0x3F, 0xF0, 0xC0, 0x03, 0x3F, 0x3F,
  0xF3, 0xCC, 0x33, 0x3F, 0x3F, 0xE7, 0xCC, 0x39, 0x3F, 0x3F, 0x67, 0x9E,
  0x39, 0x3F, 0x3F, 0x07, 0x1E, 0x38, 0x3F, 0xFF, 0x0F, 0x1E, 0xFC, 0x3F,
  0xFF, 0xFF, 0xFF, 0xFF, 0x3F, 0xFF, 0xFF, 0xFF, 0xFF, 0x3F, 0xFF, 0xFF,
  0xFF, 0xFF, 0x3F, 0xFF, 0xFF, 0xFF, 0xFF, 0x3F, 0xFF, 0xF3, 0xFF, 0xF3,
  0x3F, 0xFF, 0xF3, 0xFF, 0xF3, 0x3F, 0xFF, 0xF3, 0xFF, 0xF3, 0x3F, 0xFF,
  0xF1, 0xFF, 0xE3, 0x3F, 0xFF, 0xF9, 0xFF, 0xE7, 0x3F, 0xFF, 0xF9, 0xFF,
  0xE7, 0x3F, 0xFF, 0xF9, 0xFF, 0xE7, 0x3F, 0xFF, 0xF9, 0xFF, 0xE7, 0x3F,
  0xFF, 0xF9, 0xFF, 0xE3, 0x3F, 0xFF, 0xF3, 0xFF, 0xF3, 0x3F, 0xFF, 0xF3,
  0xFF, 0xF3, 0x3F, 0xFF, 0xE3, 0xFF, 0xF1, 0x3F, 0xFF, 0xC7, 0xFF, 0xF8,
  0x3F, 0xFF, 0x8F, 0x7F, 0xFC, 0x3F, 0xFF, 0x1F, 0x0C, 0xFE, 0x3F, 0xFF,
  0x7F, 0x80, 0xFF, 0x3F, 0xFF, 0xFF, 0xFF, 0xFF, 0x3F, 0xFF, 0xFF, 0xFF,
  0xFF, 0x3F, 0xFF, 0xFF, 0xFF, 0xFF, 0x3F, 0xFF, 0xFF, 0xFF, 0xFF, 0x3F,
  0xFF, 0xFF, 0xFF, 0xFF, 0x3F, 0xFF, 0xFF, 0xFF, 0xFF, 0x3F,
};

const unsigned char 3_3_icon[] PROGMEM = {
  0xFF, 0xFF, 0xFF, 0xFF, 0x3F, 0xFF, 0xFF, 0xFF, 0xFF, 0x3F, 0xFF, 0xFF,
  0xFF, 0xFF, 0x3F, 0xFF, 0xFF, 0xFF, 0xFF, 0x3F, 0xFF, 0xFF, 0xFF, 0xFF,
  0x3F, 0x7F, 0xF8, 0xE1, 0x87, 0x3F, 0x3F, 0xF0, 0xC0, 0x03, 0x3F, 0x3F,
  0xF3, 0xCC, 0x33, 0x3F, 0x3F, 0xE7, 0xCC, 0x39, 0x3F, 0x3F, 0x67, 0x9E,
  0x39, 0x3F, 0x3F, 0x07, 0x1E, 0x38, 0x3F, 0xFF, 0x0F, 0x1E, 0xFC, 0x3F,
  0xFF, 0xFF, 0xFF, 0xFF, 0x3F, 0xFF, 0xFF, 0xFF, 0xFF, 0x3F, 0xFF, 0xFF,
  0xFF, 0xFF, 0x3F, 0xFF, 0xFF, 0xFF, 0xFF, 0x3F, 0xFF, 0xF7, 0xFF, 0xFB,
  0x3F, 0xFF, 0xE7, 0xFF, 0xF9, 0x3F, 0xFF, 0xE7, 0xFF, 0xF9, 0x3F, 0xFF,
  0xC7, 0xFF, 0xF8, 0x3F, 0xFF, 0xCF, 0xFF, 0xFC, 0x3F, 0xFF, 0x8F, 0x7F,
  0xFC, 0x3F, 0xFF, 0x9F, 0x7F, 0xFE, 0x3F, 0xFF, 0x1F, 0x3F, 0xFE, 0x3F,
  0xFF, 0x3F, 0x3F, 0xFF, 0x3F, 0xFF, 0x3F, 0x1E, 0xFF, 0x3F, 0xFF, 0x7F,
  0x9E, 0xFF, 0x3F, 0xFF, 0x7F, 0x8C, 0xFF, 0x3F, 0xFF, 0xFF, 0xCC, 0xFF,
  0x3F, 0xFF, 0xFF, 0xC0, 0xFF, 0x3F, 0xFF, 0xFF, 0xE1, 0xFF, 0x3F, 0xFF,
  0xFF, 0xE1, 0xFF, 0x3F, 0xFF, 0xFF, 0xF3, 0xFF, 0x3F, 0xFF, 0xFF, 0xF3,
  0xFF, 0x3F, 0xFF, 0xFF, 0xFF, 0xFF, 0x3F, 0xFF, 0xFF, 0xFF, 0xFF, 0x3F,
  0xFF, 0xFF, 0xFF, 0xFF, 0x3F, 0xFF, 0xFF, 0xFF, 0xFF, 0x3F,
};

const unsigned char 3_4_icon[] PROGMEM = {
  0xFF, 0xFF, 0xFF, 0xFF, 0x3F, 0xFF, 0xFF, 0xFF, 0xFF, 0x3F, 0xFF, 0xFF,
  0xFF, 0xFF, 0x3F, 0x3F, 0xFF, 0xFF, 0xFF, 0x3F, 0x1F, 0xFF, 0xFF, 0xFF,
  0x3F, 0x0F, 0xFF, 0xFF, 0xFF, 0x3F, 0x8F, 0xFF, 0xFF, 0xFF, 0x3F, 0xC7,
  0x83, 0xFF, 0xFF, 0x3F, 0xE7, 0x01, 0xFF, 0xFF, 0x3F, 0xE7, 0x38, 0xFF,
  0xFF, 0x3F, 0x07, 0x3C, 0xFF, 0xFF, 0x3F, 0x0F, 0x1E, 0xFF, 0xFF, 0x3F,
  0xFF, 0x8F, 0xFF, 0xFF, 0x3F, 0xFF, 0x8F, 0xFF, 0xFF, 0x3F, 0xFF, 0xC7,
  0xFF, 0xFF, 0x3F, 0xFF, 0xE7, 0x81, 0xFF, 0x3F, 0xFF, 0xE7, 0x80, 0xFF,
  0x3F, 0xFF, 0x07, 0x9C, 0xFF, 0x3F, 0xFF, 0x07, 0x9E, 0xFF, 0x3F, 0xFF,
  0x9F, 0x9F, 0xFF, 0x3F, 0xFF, 0xFF, 0x8F, 0xFF, 0x3F, 0xFF, 0xFF, 0xC7,
  0xFF, 0x3F, 0xFF, 0xFF, 0xE7, 0xC3, 0x3F, 0xFF, 0xFF, 0xE3, 0x80, 0x3F,
  0xFF, 0xFF, 0x63, 0x98, 0x3F, 0xFF, 0xFF, 0x07, 0x9C, 0x3F, 0xFF, 0xFF,
  0x07, 0x9F, 0x3F, 0xFF, 0xFF, 0xFF, 0x8F, 0x3F, 0xFF, 0xFF, 0xFF, 0xC7,
  0x3F, 0xFF, 0xFF, 0xFF, 0xE3, 0x3F, 0xFF, 0xFF, 0xFF, 0xF3, 0x38, 0xFF,
  0xFF, 0xFF, 0x73, 0x38, 0xFF, 0xFF, 0xFF, 0x33, 0x3C, 0xFF, 0xFF, 0xFF,
  0x03, 0x3E, 0xFF, 0xFF, 0xFF, 0x8F, 0x3F, 0xFF, 0xFF, 0xFF, 0xFF, 0x3F,
  0xFF, 0xFF, 0xFF, 0xFF, 0x3F, 0xFF, 0xFF, 0xFF, 0xFF, 0x3F,
};

const unsigned char 3_5_icon[] PROGMEM = {
  0xFF, 0xFF, 0xFF, 0xFF, 0x3F, 0xFF, 0xFF, 0xFF, 0xFF, 0x3F, 0xFF, 0xFF,
  0xFF, 0xFF, 0x3F, 0xFF, 0xCF, 0xFF, 0xFF, 0x3F, 0xFF, 0x8F, 0xFF, 0xFF,
  0x3F, 0xFF, 0x1F, 0xFF, 0xFF, 0x3F, 0xFF, 0x3D, 0xFE, 0xFF, 0x3F, 0xFF,
  0x78, 0xFC, 0xFF, 0x3F, 0x7F, 0xFC, 0xF8, 0xFF, 0x3F, 0x3F, 0x8E, 0xFD,
  0xFF, 0x3F, 0x3F, 0x07, 0xFF, 0xFF, 0x3F, 0x3F, 0x20, 0xCE, 0xFF, 0x3F,
  0x67, 0x30, 0x8E, 0xFF, 0x3F, 0xC7, 0x3C, 0x1F, 0xFF, 0x3F, 0x8F, 0x1F,
  0x3F, 0xFE, 0x3F, 0x1F, 0x8F, 0x67, 0xFC, 0x3F, 0x3F, 0xCE, 0xC1, 0xF8,
  0x3F, 0x7F, 0x8C, 0x88, 0xF9, 0x3F, 0xFF, 0x1E, 0x9C, 0xFF, 0x3F, 0xFF,
  0x3F, 0xCF, 0xDF, 0x3F, 0xFF, 0xE7, 0xC7, 0x8F, 0x3F, 0xFF, 0xC7, 0xE7,
  0x19, 0x3F, 0xFF, 0x8F, 0x73, 0x30, 0x3E, 0xFF, 0x1F, 0x23, 0x60, 0x3C,
  0xFF, 0x3F, 0x06, 0xE7, 0x38, 0xFF, 0x7F, 0x8C, 0xE3, 0x39, 0xFF, 0xFF,
  0xFC, 0xF1, 0x3F, 0xFF, 0xFF, 0xFF, 0xB9, 0x3F, 0xFF, 0xFF, 0xEF, 0x18,
  0x3F, 0xFF, 0xFF, 0xC7, 0x88, 0x3F, 0xFF, 0xFF, 0x8F, 0xC1, 0x3F, 0xFF,
  0xFF, 0x1F, 0xE3, 0x3F, 0xFF, 0xFF, 0x3F, 0xFE, 0x3F, 0xFF, 0xFF, 0x7F,
  0xFC, 0x3F, 0xFF, 0xFF, 0xFF, 0xFC, 0x3F, 0xFF, 0xFF, 0xFF, 0xFF, 0x3F,
  0xFF, 0xFF, 0xFF, 0xFF, 0x3F, 0xFF, 0xFF, 0xFF, 0xFF, 0x3F,
};

const unsigned char 3_6_icon[] PROGMEM = {
  0xFF, 0xFF, 0xFF, 0xFF, 0x3F, 0xFF, 0xFF, 0xFF, 0xFF, 0x3F, 0xFF, 0xFF,
  0xFF, 0xFF, 0x3F, 0xFF, 0xFF, 0xFF, 0xFF, 0x3F, 0xFF, 0xFF, 0xFF, 0xFF,
  0x3F, 0xFF, 0xFF, 0xFF, 0xFF, 0x3F, 0xFF, 0xFF, 0xFF, 0xFF, 0x3F, 0xFF,
  0xFF, 0xFF, 0xFF, 0x3F, 0xFF, 0xF8, 0xFF, 0xFF, 0x3F, 0x7F, 0xF8, 0xFF,
  0xFF, 0x3F, 0xFF, 0xF8, 0xFF, 0xFF, 0x3F, 0xFF, 0xFF, 0xFF, 0xFF, 0x3F,
  0xFF, 0x9F, 0xFF, 0xFF, 0x3F, 0xFF, 0x0F, 0xFF, 0xFF, 0x3F, 0xFF, 0x0F,
  0xFF, 0xFF, 0x3F, 0xFF, 0x1F, 0xFF, 0xFF, 0x3F, 0xFF, 0xFF, 0xFF, 0xFF,
  0x3F, 0xFF, 0xFF, 0xE1, 0xFF, 0x3F, 0xFF, 0xFF, 0xE1, 0xFF, 0x3F, 0xFF,
  0xFF, 0xE1, 0xFF, 0x3F, 0xFF, 0xFF, 0xE1, 0xFF, 0x3F, 0xFF, 0xFF, 0xFF,
  0xFF, 0x3F, 0xFF, 0xFF, 0x3F, 0xFE, 0x3F, 0xFF, 0xFF, 0x3F, 0xFC, 0x3F,
  0xFF, 0xFF, 0x3F, 0xFC, 0x3F, 0xFF, 0xFF, 0x7F, 0xFE, 0x3F, 0xFF, 0xFF,
  0xFF, 0xFF, 0x3F, 0xFF, 0xFF, 0xFF, 0xC7, 0x3F, 0xFF, 0xFF, 0xFF, 0xC3,
  0x3F, 0xFF, 0xFF, 0xFF, 0xC7, 0x3F, 0xFF, 0xFF, 0xFF, 0xFF, 0x3F, 0xFF,
  0xFF, 0xFF, 0xFF, 0x3F, 0xFF, 0xFF, 0xFF, 0xFF, 0x3F, 0xFF, 0xFF, 0xFF,
  0xFF, 0x3F, 0xFF, 0xFF, 0xFF, 0xFF, 0x3F, 0xFF, 0xFF, 0xFF, 0xFF, 0x3F,
  0xFF, 0xFF, 0xFF, 0xFF, 0x3F, 0xFF, 0xFF, 0xFF, 0xFF, 0x3F,
};

const unsigned char 3_7_icon[] PROGMEM = {
  0xFF, 0xFF, 0xFF, 0xFF, 0x3F, 0xFF, 0xFF, 0xFF, 0xFF, 0x3F, 0xFF, 0xFF,
  0xFF, 0xFF, 0x3F, 0xFF, 0xFF, 0xFF, 0xFF, 0x3F, 0xFF, 0xFF, 0xFF, 0xFF,
  0x3F, 0xFF, 0xFF, 0xFF, 0xFF, 0x3F, 0xFF, 0x0F, 0x00, 0xFC, 0x3F, 0xFF,
  0x0F, 0x00, 0xFC, 0x3F, 0xFF, 0xFF, 0xFF, 0xFF, 0x3F, 0xFF, 0xFF, 0xFF,
  0xFF, 0x3F, 0xFF, 0xFF, 0xFF, 0xFF, 0x3F, 0xFF, 0xFF, 0xFF, 0xFF, 0x3F,
  0xFF, 0x01, 0x00, 0xE0, 0x3F, 0xFF, 0x01, 0x00, 0xE0, 0x3F, 0xFF, 0xFF,
  0xFF, 0xFF, 0x3F, 0xFF, 0xFF, 0xFF, 0xFF, 0x3F, 0xFF, 0xFF, 0xFF, 0xFF,
  0x3F, 0xFF, 0xFF, 0xFF, 0xFF, 0x3F, 0x3F, 0x00, 0x00, 0x00, 0x3F, 0x3F,
  0x00, 0x00, 0x00, 0x3F, 0xFF, 0xFF, 0xFF, 0xFF, 0x3F, 0xFF, 0xFF, 0xFF,
  0xFF, 0x3F, 0xFF, 0xFF, 0xFF, 0xFF, 0x3F, 0xFF, 0xFF, 0xFF, 0xFF, 0x3F,
  0xFF, 0x01, 0x00, 0xE0, 0x3F, 0xFF, 0x01, 0x00, 0xE0, 0x3F, 0xFF, 0xFF,
  0xFF, 0xFF, 0x3F, 0xFF, 0xFF, 0xFF, 0xFF, 0x3F, 0xFF, 0xFF, 0xFF, 0xFF,
  0x3F, 0xFF, 0xFF, 0xFF, 0xFF, 0x3F, 0xFF, 0x0F, 0x00, 0xFC, 0x3F, 0xFF,
  0x0F, 0x00, 0xFC, 0x3F, 0xFF, 0xFF, 0xFF, 0xFF, 0x3F, 0xFF, 0xFF, 0xFF,
  0xFF, 0x3F, 0xFF, 0xFF, 0xFF, 0xFF, 0x3F, 0xFF, 0xFF, 0xFF, 0xFF, 0x3F,
  0xFF, 0xFF, 0xFF, 0xFF, 0x3F, 0xFF, 0xFF, 0xFF, 0xFF, 0x3F,
};

const unsigned char 3_8_icon[] PROGMEM = {
  0xFF, 0xFF, 0xFF, 0xFF, 0x3F, 0xFF, 0xFF, 0xFF, 0xFF, 0x3F, 0xFF, 0xFF,
  0xFF, 0xFF, 0x3F, 0xFF, 0xFF, 0xFF, 0xFF, 0x3F, 0xFF, 0xFF, 0xFF, 0xFF,
  0x3F, 0x1F, 0x00, 0x00, 0x00, 0x3E, 0x1F, 0x00, 0x00, 0x00, 0x3E, 0x1F,
  0x00, 0x00, 0x00, 0x3E, 0x1F, 0x00, 0x00, 0x00, 0x3E, 0xFF, 0xFF, 0xFF,
  0xFF, 0x3F, 0xFF, 0xFF, 0xFF, 0xFF, 0x3F, 0x1F, 0x80, 0x7F, 0x00, 0x3E,
  0x1F, 0x80, 0x7F, 0x00, 0x3E, 0x1F, 0xE0, 0xFF, 0x01, 0x3E, 0x1F, 0xE0,
  0xFF, 0x01, 0x3E, 0xFF, 0xFF, 0xFF, 0xFF, 0x3F, 0xFF, 0xFF, 0xFF, 0xFF,
  0x3F, 0x1F, 0xF8, 0xFF, 0x07, 0x3E, 0x1F, 0xF8, 0xFF, 0x07, 0x3E, 0x1F,
  0xF8, 0xFF, 0x07, 0x3E, 0x1F, 0xF8, 0xFF, 0x07, 0x3E, 0xFF, 0xFF, 0xFF,
  0xFF, 0x3F, 0xFF, 0xFF, 0xFF, 0xFF, 0x3F, 0x1F, 0xE0, 0xFF, 0x01, 0x3E,
  0x1F, 0xE0, 0xFF, 0x01, 0x3E, 0x1F, 0x80, 0x7F, 0x00, 0x3E, 0x1F, 0x80,
  0x7F, 0x00, 0x3E, 0xFF, 0xFF, 0xFF, 0xFF, 0x3F, 0xFF, 0xFF, 0xFF, 0xFF,
  0x3F, 0x1F, 0x00, 0x00, 0x00, 0x3E, 0x1F, 0x00, 0x00, 0x00, 0x3E, 0x1F,
  0x00, 0x00, 0x00, 0x3E, 0x1F, 0x00, 0x00, 0x00, 0x3E, 0xFF, 0xFF, 0xFF,
  0xFF, 0x3F, 0xFF, 0xFF, 0xFF, 0xFF, 0x3F, 0xFF, 0xFF, 0xFF, 0xFF, 0x3F,
  0xFF, 0xFF, 0xFF, 0xFF, 0x3F, 0xFF, 0xFF, 0xFF, 0xFF, 0x3F,
};

const unsigned char 3_9_icon[] PROGMEM = {
  0xFF, 0xFF, 0xFF, 0xFF, 0x3F, 0xFF, 0xFF, 0xFF, 0xFF, 0x3F, 0xFF, 0xFF,
  0xFF, 0xFF, 0x3F, 0xFF, 0xFF, 0xFF, 0xFF, 0x3F, 0xFF, 0xFF, 0xFF, 0xFF,
  0x3F, 0xFF, 0xFF, 0xC0, 0xFF, 0x3F, 0xFF, 0x3F, 0x00, 0xFF, 0x3F, 0xFF,
  0x0F, 0x3F, 0xFC, 0x3F, 0xFF, 0x87, 0x7F, 0xF8, 0x3F, 0xFF, 0xC7, 0xFF,
  0xF8, 0x3F, 0xFF, 0xE3, 0xFF, 0xF1, 0x3F, 0xFF, 0xF3, 0xFF, 0xF3, 0x3F,
  0xFF, 0xF3, 0xFF, 0xF3, 0x3F, 0xFF, 0xF3, 0xFF, 0xF3, 0x3F, 0xFF, 0xF3,
  0xFF, 0xF3, 0x3F, 0xFF, 0xF3, 0xFF, 0xF3, 0x3F, 0xFF, 0xF3, 0xFF, 0xF3,
  0x3F, 0xFF, 0xE3, 0xFF, 0xF1, 0x3F, 0xFF, 0xE7, 0xFF, 0xF9, 0x3F, 0xFF,
  0xC7, 0xFF, 0xF8, 0x3F, 0xFF, 0x8F, 0x7F, 0xFC, 0x3F, 0xFF, 0x1F, 0x0C,
  0xFE, 0x3F, 0xFF, 0x3F, 0x00, 0xFF, 0x3F, 0xFF, 0xFF, 0xF3, 0xFF, 0x3F,
  0xFF, 0xFF, 0xFF, 0xFF, 0x3F, 0xFF, 0x0F, 0x3F, 0xFC, 0x3F, 0xFF, 0x07,
  0x1E, 0xF8, 0x3F, 0xFF, 0x67, 0x9E, 0xF9, 0x3F, 0xFF, 0x67, 0xCC, 0xF9,
  0x3F, 0xFF, 0xE7, 0xCC, 0xF9, 0x3F, 0xFF, 0xE7, 0xC0, 0xF9, 0x3F, 0xFF,
  0xFF, 0xE1, 0xFF, 0x3F, 0xFF, 0xFF, 0xFF, 0xFF, 0x3F, 0xFF, 0xFF, 0xFF,
  0xFF, 0x3F, 0xFF, 0xFF, 0xFF, 0xFF, 0x3F, 0xFF, 0xFF, 0xFF, 0xFF, 0x3F,
  0xFF, 0xFF, 0xFF, 0xFF, 0x3F, 0xFF, 0xFF, 0xFF, 0xFF, 0x3F,
};

const unsigned char 4_1_icon[] PROGMEM = {
  0xFF, 0xFF, 0xFF, 0xFF, 0x3F, 0xFF, 0xFF, 0xFF, 0xFF, 0x3F, 0xFF, 0xFF,
  0xFF, 0xFF, 0x3F, 0xFF, 0xFF, 0xFF, 0xFF, 0x3F, 0xFF, 0xFF, 0xFF, 0xFF,
  0x3F, 0xFF, 0xFF, 0xFF, 0xFF, 0x3F, 0xFF, 0xFF, 0xE1, 0xFF, 0x3F, 0xFF,
  0xFF, 0xC0, 0xFF, 0x3F, 0xFF, 0x7F, 0x80, 0xFF, 0x3F, 0xFF, 0x3F, 0x0C,
  0xFF, 0x3F, 0xFF, 0x1F, 0x1E, 0xFE, 0x3F, 0xFF, 0x0F, 0x3F, 0xFC, 0x3F,
  0xFF, 0x87, 0x7F, 0xF8, 0x3F, 0xFF, 0xC3, 0xFF, 0xF0, 0x3F, 0xFF, 0xE1,
  0xFF, 0xE1, 0x3F, 0xFF, 0xF0, 0xFF, 0xC3, 0x3F, 0x7F, 0xF8, 0xFF, 0x87,
  0x3F, 0x3F, 0xFC, 0xFF, 0x0F, 0x3F, 0x3F, 0xFE, 0xFF, 0x1F, 0x3F, 0x3F,
  0xFE, 0xFF, 0x1F, 0x3F, 0x3F, 0xFC, 0xFF, 0x0F, 0x3F, 0x7F, 0xF8, 0xFF,
  0x87, 0x3F, 0xFF, 0xF0, 0xFF, 0xC3, 0x3F, 0xFF, 0xE1, 0xFF, 0xE1, 0x3F,
  0xFF, 0xC3, 0xFF, 0xF0, 0x3F, 0xFF, 0x87, 0x7F, 0xF8, 0x3F, 0xFF, 0x0F,
  0x3F, 0xFC, 0x3F, 0xFF, 0x1F, 0x1E, 0xFE, 0x3F, 0xFF, 0x3F, 0x0C, 0xFF,
  0x3F, 0xFF, 0x7F, 0x80, 0xFF, 0x3F, 0xFF, 0xFF, 0xC0, 0xFF, 0x3F, 0xFF,
  0xFF, 0xE1, 0xFF, 0x3F, 0xFF, 0xFF, 0xFF, 0xFF, 0x3F, 0xFF, 0xFF, 0xFF,
  0xFF, 0x3F, 0xFF, 0xFF, 0xFF, 0xFF, 0x3F, 0xFF, 0xFF, 0xFF, 0xFF, 0x3F,
  0xFF, 0xFF, 0xFF, 0xFF, 0x3F, 0xFF, 0xFF, 0xFF, 0xFF, 0x3F,
};

const unsigned char 4_10_icon[] PROGMEM = {
  0xFF, 0xFF, 0xFF, 0xFF, 0x3F, 0xFF, 0xFF, 0xFF, 0xFF, 0x3F, 0xFF, 0xFF,
  0xFF, 0xFF, 0x3F, 0xFF, 0xFF, 0xFF, 0xFF, 0x3F, 0xFF, 0xFF, 0xFF, 0xFF,
  0x3F, 0xFF, 0xFF, 0xFF, 0xFF, 0x3F, 0xFF, 0xFF, 0xFF, 0xFF, 0x3F, 0xFF,
  0x3F, 0x00, 0xFF, 0x3F, 0xFF, 0x0F, 0x00, 0xFC, 0x3F, 0xFF, 0x87, 0x7F,
  0xF8, 0x3F, 0xFF, 0xE3, 0xFF, 0xF1, 0x3F, 0xFF, 0xE1, 0xFF, 0xE1, 0x3F,
  0xFF, 0xC0, 0xFF, 0xC0, 0x3F, 0xFF, 0x8C, 0x7F, 0xCC, 0x3F, 0x7F, 0x1C,
  0x3F, 0x8E, 0x3F, 0x7F, 0x3E, 0x1E, 0x9F, 0x3F, 0x7F, 0x7E, 0x8C, 0x9F,
  0x3F, 0x7F, 0xFE, 0xC0, 0x9F, 0x3F, 0x7F, 0xFE, 0xE1, 0x9F, 0x3F, 0x7F,
  0xFE, 0xE1, 0x9F, 0x3F, 0x7F, 0xFE, 0xC0, 0x9F, 0x3F, 0x7F, 0x7E, 0x8C,
  0x9F, 0x3F, 0x7F, 0x3E, 0x1E, 0x9F, 0x3F, 0x7F, 0x1C, 0x3F, 0x8E, 0x3F,
  0xFF, 0x8C, 0x7F, 0xCC, 0x3F, 0xFF, 0xC0, 0xFF, 0xC0, 0x3F, 0xFF, 0xE1,
  0xFF, 0xE1, 0x3F, 0xFF, 0xE3, 0xFF, 0xF1, 0x3F, 0xFF, 0x87, 0x7F, 0xF8,
  0x3F, 0xFF, 0x0F, 0x00, 0xFC, 0x3F, 0xFF, 0x3F, 0x00, 0xFF, 0x3F, 0xFF,
  0xFF, 0xFF, 0xFF, 0x3F, 0xFF, 0xFF, 0xFF, 0xFF, 0x3F, 0xFF, 0xFF, 0xFF,
  0xFF, 0x3F, 0xFF, 0xFF, 0xFF, 0xFF, 0x3F, 0xFF, 0xFF, 0xFF, 0xFF, 0x3F,
  0xFF, 0xFF, 0xFF, 0xFF, 0x3F, 0xFF, 0xFF, 0xFF, 0xFF, 0x3F,
};

const unsigned char 4_2_icon[] PROGMEM = {
  0xFF, 0xFF, 0xFF, 0xFF, 0x3F, 0xFF, 0xFF, 0xFF, 0xFF, 0x3F, 0xFF, 0xFF,
  0xFF, 0xFF, 0x3F, 0xFF, 0xFF, 0xFF, 0xFF, 0x3F, 0xFF, 0xFF, 0xF3, 0xFF,
  0x3F, 0xFF, 0xFF, 0xE1, 0xFF, 0x3F, 0xFF, 0xFF, 0xE1, 0xFF, 0x3F, 0xFF,
  0xFF, 0xE1, 0xFF, 0x3F, 0xFF, 0xFF, 0xFF, 0xFF, 0x3F, 0xFF, 0x1F, 0x1E,
  0xFE, 0x3F, 0xFF, 0x1F, 0x1E, 0xFE, 0x3F, 0xFF, 0x1F, 0x1E, 0xFE, 0x3F,
  0xFF, 0x3F, 0x3F, 0xFF, 0x3F, 0xFF, 0xF1, 0xFF, 0xE3, 0x3F, 0xFF, 0xE1,
  0xFF, 0xE1, 0x3F, 0xFF, 0xE1, 0xFF, 0xE1, 0x3F, 0xFF, 0xF1, 0xFF, 0xE3,
  0x3F, 0x1F, 0xFF, 0xFF, 0x3F, 0x3E, 0x0F, 0xFF, 0xFF, 0x3F, 0x3C, 0x0F,
  0xFF, 0xFF, 0x3F, 0x3C, 0x1F, 0xFF, 0xFF, 0x3F, 0x3E, 0xFF, 0xF1, 0xFF,
  0xE3, 0x3F, 0xFF, 0xE1, 0xFF, 0xE1, 0x3F, 0xFF, 0xE1, 0xFF, 0xE1, 0x3F,
  0xFF, 0xF1, 0xFF, 0xE3, 0x3F, 0xFF, 0x3F, 0x3F, 0xFF, 0x3F, 0xFF, 0x1F,
  0x1E, 0xFE, 0x3F, 0xFF, 0x1F, 0x1E, 0xFE, 0x3F, 0xFF, 0x1F, 0x1E, 0xFE,
  0x3F, 0xFF, 0xFF, 0xFF, 0xFF, 0x3F, 0xFF, 0xFF, 0xE1, 0xFF, 0x3F, 0xFF,
  0xFF, 0xE1, 0xFF, 0x3F, 0xFF, 0xFF, 0xE1, 0xFF, 0x3F, 0xFF, 0xFF, 0xF3,
  0xFF, 0x3F, 0xFF, 0xFF, 0xFF, 0xFF, 0x3F, 0xFF, 0xFF, 0xFF, 0xFF, 0x3F,
  0xFF, 0xFF, 0xFF, 0xFF, 0x3F, 0xFF, 0xFF, 0xFF, 0xFF, 0x3F,
};

const unsigned char 4_3_icon[] PROGMEM = {
  0xFF, 0xFF, 0xFF, 0xFF, 0x3F, 0xFF, 0xFF, 0xFF, 0xFF, 0x3F, 0xFF, 0xFF,
  0xFF, 0xFF, 0x3F, 0xFF, 0xFF, 0xFF, 0xFF, 0x3F, 0xFF, 0xFF, 0xFF, 0xFF,
  0x3F, 0xFF, 0xFF, 0xFF, 0xFF, 0x3F, 0xFF, 0xFF, 0xF1, 0xFF, 0x3F, 0xFF,
  0xFF, 0xF0, 0xFF, 0x3F, 0xFF, 0x7F, 0xF0, 0xFF, 0x3F, 0xFF, 0x3F, 0xF0,
  0xFF, 0x3F, 0xFF, 0x1F, 0xF2, 0xFF, 0x3F, 0xFF, 0x0F, 0xF3, 0xFF, 0x3F,
  0xFF, 0x87, 0xF3, 0xFF, 0x3F, 0xFF, 0xC3, 0xF3, 0xFF, 0x3F, 0xFF, 0xE1,
  0xF3, 0xFF, 0x3F, 0xFF, 0xF0, 0xF3, 0xFF, 0x3F, 0x7F, 0xF8, 0xF3, 0xFF,
  0x3F, 0x3F, 0xFC, 0xF3, 0xFF, 0x3F, 0x3F, 0xFE, 0x03, 0x00, 0x3F, 0x3F,
  0xFE, 0x03, 0x00, 0x3F, 0x3F, 0xFC, 0xFF, 0x0F, 0x3F, 0x7F, 0xF8, 0xFF,
  0x87, 0x3F, 0xFF, 0xF0, 0xFF, 0xC3, 0x3F, 0xFF, 0xE1, 0xFF, 0xE1, 0x3F,
  0xFF, 0xC3, 0xFF, 0xF0, 0x3F, 0xFF, 0x87, 0x7F, 0xF8, 0x3F, 0xFF, 0x0F,
  0x3F, 0xFC, 0x3F, 0xFF, 0x1F, 0x1E, 0xFE, 0x3F, 0xFF, 0x3F, 0x0C, 0xFF,
  0x3F, 0xFF, 0x7F, 0x80, 0xFF, 0x3F, 0xFF, 0xFF, 0xC0, 0xFF, 0x3F, 0xFF,
  0xFF, 0xE1, 0xFF, 0x3F, 0xFF, 0xFF, 0xFF, 0xFF, 0x3F, 0xFF, 0xFF, 0xFF,
  0xFF, 0x3F, 0xFF, 0xFF, 0xFF, 0xFF, 0x3F, 0xFF, 0xFF, 0xFF, 0xFF, 0x3F,
  0xFF, 0xFF, 0xFF, 0xFF, 0x3F, 0xFF, 0xFF, 0xFF, 0xFF, 0x3F,
};

const unsigned char 4_4_icon[] PROGMEM = {
  0xFF, 0xFF, 0xFF, 0xFF, 0x3F, 0xFF, 0xFF, 0xFF, 0xFF, 0x3F, 0xFF, 0xFF,
  0xFF, 0xFF, 0x3F, 0xFF, 0xFF, 0xFF, 0xFF, 0x3F, 0xFF, 0xFF, 0xF3, 0xFF,
  0x3F, 0xFF, 0xFF, 0xE1, 0xFF, 0x3F, 0xFF, 0xC7, 0xE1, 0xF8, 0x3F, 0xFF,
  0x87, 0x61, 0xF8, 0x3F, 0xFF, 0x87, 0x7F, 0xF8, 0x3F, 0xFF, 0xC7, 0xFF,
  0xF8, 0x3F, 0xFF, 0xFF, 0xFF, 0xFF, 0x3F, 0x3F, 0xFC, 0xFF, 0x0F, 0x3F,
  0x3F, 0xFC, 0xFF, 0x0F, 0x3F, 0x3F, 0xFC, 0xFF, 0x0F, 0x3F, 0x7F, 0xFE,
  0xFF, 0x9F, 0x3F, 0xFF, 0xFF, 0xFF, 0xFF, 0x3F, 0xFF, 0xFF, 0xFF, 0xFF,
  0x3F, 0x1F, 0xFF, 0xFF, 0x3F, 0x3E, 0x0F, 0xFF, 0xFF, 0x3F, 0x3C, 0x0F,
  0xFF, 0xFF, 0x3F, 0x3C, 0x1F, 0xFF, 0xFF, 0x3F, 0x3E, 0xFF, 0xFF, 0xFF,
  0xFF, 0x3F, 0xFF, 0xFF, 0xFF, 0xFF, 0x3F, 0x7F, 0xFE, 0xFF, 0x9F, 0x3F,
  0x3F, 0xFC, 0xFF, 0x0F, 0x3F, 0x3F, 0xFC, 0xFF, 0x0F, 0x3F, 0x3F, 0xFC,
  0xFF, 0x0F, 0x3F, 0xFF, 0xFF, 0xFF, 0xFF, 0x3F, 0xFF, 0xC7, 0xFF, 0xF8,
  0x3F, 0xFF, 0x87, 0x7F, 0xF8, 0x3F, 0xFF, 0x87, 0x61, 0xF8, 0x3F, 0xFF,
  0xC7, 0xE1, 0xF8, 0x3F, 0xFF, 0xFF, 0xE1, 0xFF, 0x3F, 0xFF, 0xFF, 0xF3,
  0xFF, 0x3F, 0xFF, 0xFF, 0xFF, 0xFF, 0x3F, 0xFF, 0xFF, 0xFF, 0xFF, 0x3F,
  0xFF, 0xFF, 0xFF, 0xFF, 0x3F, 0xFF, 0xFF, 0xFF, 0xFF, 0x3F,
};

const unsigned char 4_5_icon[] PROGMEM = {
  0xFF, 0xFF, 0xFF, 0xFF, 0x3F, 0xFF, 0xFF, 0xFF, 0xFF, 0x3F, 0xFF, 0xFF,
  0xFF, 0xFF, 0x3F, 0xFF, 0xFF, 0xFF, 0xFF, 0x3F, 0xFF, 0xFF, 0xFF, 0xFF,
  0x3F, 0xFF, 0x3F, 0x1E, 0xFF, 0x3F, 0xFF, 0x3F, 0x0C, 0xFF, 0x3F, 0xFF,
  0x7F, 0x80, 0xFF, 0x3F, 0xFF, 0xFF, 0xC0, 0xFF, 0x3F, 0xFF, 0xFB, 0xE1,
  0xF7, 0x3F, 0xFF, 0xF1, 0xC0, 0xE3, 0x3F, 0xFF, 0x63, 0x80, 0xF1, 0x3F,
  0xFF, 0x07, 0x0C, 0xF8, 0x3F, 0xFF, 0x0F, 0x1E, 0xFC, 0x3F, 0x9F, 0x0F,
  0x3F, 0x7C, 0x3E, 0x1F, 0x07, 0x1E, 0x38, 0x3E, 0x1F, 0x42, 0x8C, 0x10,
  0x3E, 0x3F, 0xE0, 0xC0, 0x01, 0x3F, 0x7F, 0xF0, 0xE1, 0x83, 0x3F, 0x7F,
  0xF0, 0xE1, 0x83, 0x3F, 0x3F, 0xE0, 0xC0, 0x01, 0x3F, 0x1F, 0x42, 0x8C,
  0x10, 0x3E, 0x1F, 0x07, 0x1E, 0x38, 0x3E, 0x9F, 0x0F, 0x3F, 0x7C, 0x3E,
  0xFF, 0x0F, 0x1E, 0xFC, 0x3F, 0xFF, 0x07, 0x0C, 0xF8, 0x3F, 0xFF, 0x63,
  0x80, 0xF1, 0x3F, 0xFF, 0xF1, 0xC0, 0xE3, 0x3F, 0xFF, 0xFB, 0xE1, 0xF7,
  0x3F, 0xFF, 0xFF, 0xC0, 0xFF, 0x3F, 0xFF, 0x7F, 0x80, 0xFF, 0x3F, 0xFF,
  0x3F, 0x0C, 0xFF, 0x3F, 0xFF, 0x3F, 0x1E, 0xFF, 0x3F, 0xFF, 0xFF, 0xFF,
  0xFF, 0x3F, 0xFF, 0xFF, 0xFF, 0xFF, 0x3F, 0xFF, 0xFF, 0xFF, 0xFF, 0x3F,
  0xFF, 0xFF, 0xFF, 0xFF, 0x3F, 0xFF, 0xFF, 0xFF, 0xFF, 0x3F,
};

const unsigned char 4_6_icon[] PROGMEM = {
  0xFF, 0xFF, 0xFF, 0xFF, 0x3F, 0xFF, 0xFF, 0xFF, 0xFF, 0x3F, 0xFF, 0xFF,
  0xFF, 0xFF, 0x3F, 0xFF, 0xFF, 0xFF, 0xFF, 0x3F, 0xFF, 0xFF, 0xFF, 0xFF,
  0x3C, 0xFF, 0xFF, 0xFF, 0x7F, 0x3C, 0xFF, 0xFF, 0xFF, 0x01, 0x3E, 0xFF,
  0xFF, 0xFF, 0x00, 0x3F, 0xFF, 0xFF, 0xFF, 0x3C, 0x3F, 0xFF, 0xFF, 0xFF,
  0x3C, 0x3F, 0xFF, 0xFF, 0xFF, 0x3C, 0x3F, 0xFF, 0xFF, 0xFF, 0x3C, 0x3F,
  0xFF, 0xFF, 0xFF, 0x00, 0x3F, 0xFF, 0xFF, 0x7F, 0x80, 0x3F, 0xFF, 0xFF,
  0x3F, 0xFE, 0x3F, 0xFF, 0xFF, 0x00, 0xFF, 0x3F, 0xFF, 0x7F, 0x80, 0xFF,
  0x3F, 0xFF, 0x7F, 0x9E, 0xFF, 0x3F, 0xFF, 0x7F, 0x9E, 0xFF, 0x3F, 0xFF,
  0x7F, 0x9E, 0xFF, 0x3F, 0xFF, 0x7F, 0x9E, 0xFF, 0x3F, 0xFF, 0x7F, 0x80,
  0xFF, 0x3F, 0xFF, 0x3F, 0xC0, 0xFF, 0x3F, 0xFF, 0x1F, 0xFF, 0xFF, 0x3F,
  0x7F, 0x80, 0xFF, 0xFF, 0x3F, 0x3F, 0xC0, 0xFF, 0xFF, 0x3F, 0x3F, 0xCF,
  0xFF, 0xFF, 0x3F, 0x3F, 0xCF, 0xFF, 0xFF, 0x3F, 0x3F, 0xCF, 0xFF, 0xFF,
  0x3F, 0x3F, 0xCF, 0xFF, 0xFF, 0x3F, 0x3F, 0xC0, 0xFF, 0xFF, 0x3F, 0x1F,
  0xE0, 0xFF, 0xFF, 0x3F, 0x8F, 0xFF, 0xFF, 0xFF, 0x3F, 0xCF, 0xFF, 0xFF,
  0xFF, 0x3F, 0xFF, 0xFF, 0xFF, 0xFF, 0x3F, 0xFF, 0xFF, 0xFF, 0xFF, 0x3F,
  0xFF, 0xFF, 0xFF, 0xFF, 0x3F, 0xFF, 0xFF, 0xFF, 0xFF, 0x3F,
};

const unsigned char 4_7_icon[] PROGMEM = {
  0xFF, 0xFF, 0xFF, 0xFF, 0x3F, 0xFF, 0xFF, 0xFF, 0xFF, 0x3F, 0xFF, 0xFF,
  0xFF, 0xFF, 0x3F, 0xFF, 0xFF, 0xFF, 0xFF, 0x3F, 0xFF, 0xFF, 0xFF, 0xFF,
  0x3F, 0xFF, 0xFF, 0xFF, 0xFF, 0x3F, 0xFF, 0xF8, 0xFF, 0xFF, 0x3F, 0xFF,
  0xF8, 0xFF, 0xFF, 0x3F, 0xFF, 0xB8, 0xFF, 0xFF, 0x3F, 0xFF, 0x0D, 0xFF,
  0xFF, 0x3F, 0xFF, 0x0F, 0xFF, 0xFF, 0x3F, 0xFF, 0x0F, 0xF3, 0xFF, 0x3F,
  0xFF, 0xFF, 0xE1, 0xFF, 0x3F, 0xFF, 0xFF, 0xE1, 0xFF, 0x3F, 0xFF, 0xFF,
  0x21, 0xFE, 0x3F, 0xFF, 0xFF, 0x3F, 0xFC, 0x3F, 0xFF, 0xFF, 0x3F, 0xFC,
  0x3F, 0xFF, 0xFF, 0x3F, 0xC6, 0x3F, 0xFF, 0xFF, 0xFF, 0xC7, 0x3F, 0xFF,
  0xFF, 0xFF, 0xC7, 0x3F, 0xFF, 0xFF, 0x3F, 0xC6, 0x3F, 0xFF, 0xFF, 0x3F,
  0xFC, 0x3F, 0xFF, 0xFF, 0x3F, 0xFC, 0x3F, 0xFF, 0xFF, 0x21, 0xFE, 0x3F,
  0xFF, 0xFF, 0xE1, 0xFF, 0x3F, 0xFF, 0xFF, 0xE1, 0xFF, 0x3F, 0xFF, 0x0F,
  0xF3, 0xFF, 0x3F, 0xFF, 0x0F, 0xFF, 0xFF, 0x3F, 0xFF, 0x0D, 0xFF, 0xFF,
  0x3F, 0xFF, 0xB8, 0xFF, 0xFF, 0x3F, 0xFF, 0xF8, 0xFF, 0xFF, 0x3F, 0xFF,
  0xF8, 0xFF, 0xFF, 0x3F, 0xFF, 0xFF, 0xFF, 0xFF, 0x3F, 0xFF, 0xFF, 0xFF,
  0xFF, 0x3F, 0xFF, 0xFF, 0xFF, 0xFF, 0x3F, 0xFF, 0xFF, 0xFF, 0xFF, 0x3F,
  0xFF, 0xFF, 0xFF, 0xFF, 0x3F, 0xFF, 0xFF, 0xFF, 0xFF, 0x3F,
};

const unsigned char 4_8_icon[] PROGMEM = {
  0xFF, 0xFF, 0xFF, 0xFF, 0x3F, 0xFF, 0xFF, 0xFF, 0xFF, 0x3F, 0xFF, 0xFF,
  0xFF, 0xFF, 0x3F, 0xFF, 0xFF, 0xFF, 0xFF, 0x3F, 0xFF, 0xBF, 0x7F, 0xFF,
  0x3F, 0xFF, 0x3F, 0x3F, 0xFF, 0x3F, 0xFF, 0x1F, 0x3F, 0xFE, 0x3F, 0xFF,
  0x1F, 0x3F, 0xFE, 0x3F, 0xFF, 0x1F, 0x1E, 0xFC, 0x3F, 0xFF, 0x4F, 0x9E,
  0xFC, 0x3F, 0xFF, 0x4F, 0x9E, 0xFC, 0x3F, 0xFF, 0xC7, 0xCC, 0xF8, 0x3F,
  0xFF, 0xE7, 0xCC, 0xF9, 0x3F, 0xFF, 0xE7, 0xC0, 0xF9, 0x3F, 0xFF, 0xE3,
  0xE1, 0xF1, 0x3F, 0xFF, 0xF3, 0xE1, 0xF3, 0x3F, 0xFF, 0xF3, 0xE1, 0xF3,
  0x3F, 0xFF, 0xF1, 0xF3, 0xE3, 0x3F, 0xFF, 0xF9, 0xF3, 0xE7, 0x3F, 0xFF,
  0xF9, 0xF3, 0xE7, 0x3F, 0xFF, 0xF8, 0xFF, 0xC7, 0x3F, 0xFF, 0xFC, 0xFF,
  0xCF, 0x3F, 0xFF, 0xFC, 0xFF, 0xCF, 0x3F, 0x7F, 0xFC, 0xFF, 0x9F, 0x3F,
  0x7F, 0xFE, 0xFF, 0x9F, 0x3F, 0x7F, 0x00, 0x00, 0x80, 0x3F, 0x3F, 0x00,
  0x00, 0x00, 0x3F, 0xFF, 0x3F, 0x3F, 0xFF, 0x3F, 0xFF, 0x3F, 0x3F, 0xFF,
  0x3F, 0xFF, 0x3F, 0x3F, 0xFF, 0x3F, 0xFF, 0x3F, 0x3F, 0xFF, 0x3F, 0xFF,
  0x3F, 0x3F, 0xFF, 0x3F, 0xFF, 0x3F, 0x3F, 0xFF, 0x3F, 0xFF, 0xFF, 0xFF,
  0xFF, 0x3F, 0xFF, 0xFF, 0xFF, 0xFF, 0x3F, 0xFF, 0xFF, 0xFF, 0xFF, 0x3F,
  0xFF, 0xFF, 0xFF, 0xFF, 0x3F, 0xFF, 0xFF, 0xFF, 0xFF, 0x3F,
};

const unsigned char 4_9_icon[] PROGMEM = {
  0xFF, 0xFF, 0xFF, 0xFF, 0x3F, 0xFF, 0xFF, 0xFF, 0xFF, 0x3F, 0xFF, 0xFF,
  0xFF, 0xFF, 0x3F, 0xFF, 0xFF, 0xFF, 0xFF, 0x3F, 0xFF, 0xFF, 0xF3, 0xFF,
  0x3F, 0xFF, 0xFF, 0xF3, 0xFF, 0x3F, 0xFF, 0xFF, 0xF3, 0xFF, 0x3F, 0xFF,
  0xFF, 0xE1, 0xFF, 0x3F, 0xFF, 0xFF, 0xE1, 0xFF, 0x3F, 0xFF, 0xFF, 0xE1,
  0xFF, 0x3F, 0xFF, 0xFF, 0xCC, 0xFF, 0x3F, 0xFF, 0xFF, 0xCC, 0xFF, 0x3F,
  0xFF, 0x7F, 0x8C, 0xFF, 0x3F, 0xFF, 0x7F, 0x9E, 0xFF, 0x3F, 0xFF, 0x7F,
  0x9E, 0xFF, 0x3F, 0xFF, 0x3F, 0x1E, 0xFF, 0x3F, 0xFF, 0x3F, 0x3F, 0xFF,
  0x3F, 0xFF, 0x3F, 0x3F, 0xFF, 0x3F, 0xFF, 0x1F, 0x3F, 0xFE, 0x3F, 0xFF,
  0x9F, 0x7F, 0xFE, 0x3F, 0xFF, 0x9F, 0x7F, 0xFE, 0x3F, 0xFF, 0x8F, 0x7F,
  0xFC, 0x3F, 0xFF, 0xCF, 0xFF, 0xFC, 0x3F, 0xFF, 0xCF, 0xFF, 0xFC, 0x3F,
  0xFF, 0xC7, 0xFF, 0xF8, 0x3F, 0xFF, 0x07, 0x00, 0xF8, 0x3F, 0xFF, 0x07,
  0x00, 0xF8, 0x3F, 0xFF, 0xFF, 0xF3, 0xFF, 0x3F, 0xFF, 0xFF, 0xF3, 0xFF,
  0x3F, 0xFF, 0xFF, 0xF3, 0xFF, 0x3F, 0xFF, 0xFF, 0xF3, 0xFF, 0x3F, 0xFF,
  0xFF, 0xF3, 0xFF, 0x3F, 0xFF, 0xFF, 0xF3, 0xFF, 0x3F, 0xFF, 0xFF, 0xFF,
  0xFF, 0x3F, 0xFF, 0xFF, 0xFF, 0xFF, 0x3F, 0xFF, 0xFF, 0xFF, 0xFF, 0x3F,
  0xFF, 0xFF, 0xFF, 0xFF, 0x3F, 0xFF, 0xFF, 0xFF, 0xFF, 0x3F,
};

const unsigned char 5_1_icon[] PROGMEM = {
  0xFF, 0xFF, 0xFF, 0xFF, 0x3F, 0xFF, 0xFF, 0xFF, 0xFF, 0x3F, 0xFF, 0xFF,
  0xFF, 0xFF, 0x3F, 0xFF, 0xFF, 0xFF, 0xFF, 0x3F, 0xFF, 0xFF, 0xFF, 0xFF,
  0x3E, 0xFF, 0xFF, 0xFF, 0x7F, 0x3C, 0xFF, 0xFF, 0xFF, 0x3F, 0x3E, 0xFF,
  0xFF, 0xFF, 0x1F, 0x3F, 0xFF, 0xFF, 0xFF, 0x8F, 0x3F, 0xFF, 0xFF, 0xFF,
  0xC7, 0x3F, 0xFF, 0xFF, 0xFF, 0xE3, 0x3F, 0xFF, 0xFF, 0xFF, 0xF1, 0x3F,
  0xFF, 0xFF, 0xFF, 0xF8, 0x3F, 0xFF, 0xFF, 0x7F, 0xFC, 0x3F, 0xFF, 0xFF,
  0x3F, 0xFE, 0x3F, 0xFF, 0xFF, 0x1F, 0xFF, 0x3F, 0xFF, 0xFF, 0x8F, 0xFF,
  0x3F, 0xFF, 0xFF, 0xC7, 0xFF, 0x3F, 0xFF, 0xFF, 0xE3, 0xFF, 0x3F, 0xFF,
  0xFF, 0xF1, 0xFF, 0x3F, 0xFF, 0xFF, 0xF8, 0xFF, 0x3F, 0xFF, 0x7F, 0xFC,
  0xFF, 0x3F, 0xFF, 0x3F, 0xFE, 0xFF, 0x3F, 0xFF, 0x1F, 0xFF, 0xFF, 0x3F,
  0xFF, 0x8F, 0xFF, 0xFF, 0x3F, 0xFF, 0xC7, 0xFF, 0xFF, 0x3F, 0xFF, 0xE3,
  0xFF, 0xFF, 0x3F, 0xFF, 0xF1, 0xFF, 0xFF, 0x3F, 0xFF, 0xF8, 0xFF, 0xFF,
  0x3F, 0x7F, 0xFC, 0xFF, 0xFF, 0x3F, 0x3F, 0xFE, 0xFF, 0xFF, 0x3F, 0x1F,
  0xFF, 0xFF, 0xFF, 0x3F, 0x8F, 0xFF, 0xFF, 0xFF, 0x3F, 0xDF, 0xFF, 0xFF,
  0xFF, 0x3F, 0xFF, 0xFF, 0xFF, 0xFF, 0x3F, 0xFF, 0xFF, 0xFF, 0xFF, 0x3F,
  0xFF, 0xFF, 0xFF, 0xFF, 0x3F, 0xFF, 0xFF, 0xFF, 0xFF, 0x3F,
};

const unsigned char 5_10_icon[] PROGMEM = {
  0xFF, 0xFF, 0xFF, 0xFF, 0x3F, 0xFF, 0xFF, 0xFF, 0xFF, 0x3F, 0xFF, 0xFF,
  0xFF, 0xFF, 0x3F, 0xFF, 0xFF, 0xFF, 0xFF, 0x3F, 0xFF, 0xFF, 0xFF, 0xFF,
  0x3F, 0xFF, 0x3F, 0x3F, 0xFF, 0x3F, 0xFF, 0x3F, 0x3F, 0xFF, 0x3F, 0xFF,
  0x3F, 0x3F, 0xFF, 0x3F, 0xFF, 0x3F, 0x3F, 0xFF, 0x3F, 0xFF, 0x3F, 0x3F,
  0xFF, 0x3F, 0xFF, 0x3F, 0x3F, 0xFF, 0x3F, 0xFF, 0x3F, 0x3F, 0xFF, 0x3F,
  0xFF, 0x3F, 0x3F, 0xFF, 0x3F, 0xFF, 0x3F, 0x3F, 0xFF, 0x3F, 0xFF, 0x3F,
  0x3F, 0xFF, 0x3F, 0xFF, 0x3F, 0x3F, 0xFF, 0x3F, 0xFF, 0x3F, 0x3F, 0xFF,
  0x3F, 0xFF, 0x3F, 0x3F, 0xFF, 0x3F, 0x3F, 0x00, 0x3F, 0x00, 0x3F, 0x3F,
  0x00, 0x3F, 0x00, 0x3F, 0xFF, 0x3F, 0x3F, 0xFF, 0x3F, 0xFF, 0x3F, 0x3F,
  0xFF, 0x3F, 0xFF, 0x3F, 0x3F, 0xFF, 0x3F, 0xFF, 0x3F, 0x3F, 0xFF, 0x3F,
  0xFF, 0x3F, 0x3F, 0xFF, 0x3F, 0xFF, 0x3F, 0x3F, 0xFF, 0x3F, 0xFF, 0x3F,
  0x3F, 0xFF, 0x3F, 0xFF, 0x3F, 0x3F, 0xFF, 0x3F, 0xFF, 0x3F, 0x3F, 0xFF,
  0x3F, 0xFF, 0x3F, 0x3F, 0xFF, 0x3F, 0xFF, 0x3F, 0x3F, 0xFF, 0x3F, 0xFF,
  0x3F, 0x3F, 0xFF, 0x3F, 0xFF, 0x3F, 0x3F, 0xFF, 0x3F, 0xFF, 0xFF, 0xFF,
  0xFF, 0x3F, 0xFF, 0xFF, 0xFF, 0xFF, 0x3F, 0xFF, 0xFF, 0xFF, 0xFF, 0x3F,
  0xFF, 0xFF, 0xFF, 0xFF, 0x3F, 0xFF, 0xFF, 0xFF, 0xFF, 0x3F,
};

const unsigned char 5_11_icon[] PROGMEM = {
  0xFF, 0xFF, 0xFF, 0xFF, 0x3F, 0xFF, 0xFF, 0xFF, 0xFF, 0x3F, 0xFF, 0xFF,
  0xFF, 0xFF, 0x3F, 0xFF, 0xFF, 0xFF, 0xFF, 0x3F, 0xFF, 0xFF, 0xFF, 0xFF,
  0x3F, 0xFF, 0xFF, 0xFF, 0xFF, 0x3F, 0xFF, 0xFF, 0xFF, 0xFF, 0x3F, 0xFF,
  0xFF, 0xFF, 0xFF, 0x3F, 0xFF, 0xFF, 0xFF, 0xFF, 0x3F, 0xFF, 0x01, 0x00,
  0xE0, 0x3F, 0xFF, 0x01, 0x00, 0xE0, 0x3F, 0xFF, 0x01, 0x00, 0xE0, 0x3F,
  0xFF, 0x01, 0x00, 0xE0, 0x3F, 0xFF, 0x01, 0x00, 0xE0, 0x3F, 0xFF, 0x01,
  0x00, 0xE0, 0x3F, 0xFF, 0x01, 0x00, 0xE0, 0x3F, 0xFF, 0x01, 0x00, 0xE0,
  0x3F, 0xFF, 0x01, 0x00, 0xE0, 0x3F, 0xFF, 0x01, 0x00, 0xE0, 0x3F, 0xFF,
  0x01, 0x00, 0xE0, 0x3F, 0xFF, 0x01, 0x00, 0xE0, 0x3F, 0xFF, 0x01, 0x00,
  0xE0, 0x3F, 0xFF, 0x01, 0x00, 0xE0, 0x3F, 0xFF, 0x01, 0x00, 0xE0, 0x3F,
  0xFF, 0x01, 0x00, 0xE0, 0x3F, 0xFF, 0x01, 0x00, 0xE0, 0x3F, 0xFF, 0x01,
  0x00, 0xE0, 0x3F, 0xFF, 0x01, 0x00, 0xE0, 0x3F, 0xFF, 0x01, 0x00, 0xE0,
  0x3F, 0xFF, 0xFF, 0xFF, 0xFF, 0x3F, 0xFF, 0xFF, 0xFF, 0xFF, 0x3F, 0xFF,
  0xFF, 0xFF, 0xFF, 0x3F, 0xFF, 0xFF, 0xFF, 0xFF, 0x3F, 0xFF, 0xFF, 0xFF,
  0xFF, 0x3F, 0xFF, 0xFF, 0xFF, 0xFF, 0x3F, 0xFF, 0xFF, 0xFF, 0xFF, 0x3F,
  0xFF, 0xFF, 0xFF, 0xFF, 0x3F, 0xFF, 0xFF, 0xFF, 0xFF, 0x3F,
};

const unsigned char 5_12_icon[] PROGMEM = {
  0xFF, 0xFF, 0xFF, 0xFF, 0x3F, 0xFF, 0xFF, 0xFF, 0xFF, 0x3F, 0xFF, 0xFF,
  0xFF, 0xFF, 0x3F, 0xFF, 0xFF, 0xFF, 0xFF, 0x3F, 0xFF, 0xFF, 0xFF, 0xFF,
  0x3F, 0xFF, 0xFF, 0xFF, 0xFF, 0x3F, 0xFF, 0xFF, 0xFF, 0xFF, 0x3F, 0x7F,
  0x00, 0x00, 0x80, 0x3F, 0x7F, 0x00, 0x00, 0x80, 0x3F, 0x7F, 0x1E, 0x3F,
  0x9C, 0x3F, 0x7F, 0x8E, 0x1F, 0x9E, 0x3F, 0x7F, 0xC6, 0x0F, 0x9F, 0x3F,
  0x7F, 0xE2, 0x87, 0x8F, 0x3F, 0x7F, 0xF0, 0xC3, 0x87, 0x3F, 0x7F, 0xF8,
  0xE1, 0x83, 0x3F, 0x7F, 0xFC, 0xF0, 0x81, 0x3F, 0x7F, 0x7E, 0xF8, 0x90,
  0x3F, 0x7F, 0x3E, 0x7C, 0x98, 0x3F, 0x7F, 0x1E, 0x3E, 0x9C, 0x3F, 0x7F,
  0x0E, 0x1F, 0x9E, 0x3F, 0x7F, 0x86, 0x0F, 0x9F, 0x3F, 0x7F, 0xC2, 0x87,
  0x9F, 0x3F, 0x7F, 0xE0, 0xC3, 0x8F, 0x3F, 0x7F, 0xF0, 0xE1, 0x87, 0x3F,
  0x7F, 0xF8, 0xF0, 0x83, 0x3F, 0x7F, 0x7C, 0xF8, 0x91, 0x3F, 0x7F, 0x3E,
  0xFC, 0x98, 0x3F, 0x7F, 0x1E, 0x7E, 0x9C, 0x3F, 0x7F, 0x0E, 0x3F, 0x9E,
  0x3F, 0x7F, 0x00, 0x00, 0x80, 0x3F, 0x7F, 0x00, 0x00, 0x80, 0x3F, 0xFF,
  0xFF, 0xFF, 0xFF, 0x3F, 0xFF, 0xFF, 0xFF, 0xFF, 0x3F, 0xFF, 0xFF, 0xFF,
  0xFF, 0x3F, 0xFF, 0xFF, 0xFF, 0xFF, 0x3F, 0xFF, 0xFF, 0xFF, 0xFF, 0x3F,
  0xFF, 0xFF, 0xFF, 0xFF, 0x3F, 0xFF, 0xFF, 0xFF, 0xFF, 0x3F,
};

const unsigned char 5_13_icon[] PROGMEM = {
  0xFF, 0xFF, 0xFF, 0xFF, 0x3F, 0xFF, 0xFF, 0xFF, 0xFF, 0x3F, 0xFF, 0xFF,
  0xFF, 0xFF, 0x3F, 0xFF, 0xFF, 0xFF, 0xFF, 0x3F, 0xFF, 0xFF, 0xFF, 0xFF,
  0x3F, 0xFF, 0xFF, 0xFF, 0xFF, 0x3F, 0xFF, 0xFF, 0xFF, 0xFF, 0x3F, 0x7F,
  0x00, 0x1E, 0x80, 0x3F, 0x7F, 0x00, 0x1E, 0x80, 0x3F, 0x7F, 0xFE, 0xFF,
  0x9F, 0x3F, 0x7F, 0xFE, 0xFF, 0x9F, 0x3F, 0x7F, 0xFE, 0xFF, 0x9F, 0x3F,
  0x7F, 0xFE, 0xFF, 0x9F, 0x3F, 0x7F, 0xFE, 0xFF, 0x9F, 0x3F, 0x7F, 0xFE,
  0xFF, 0x9F, 0x3F, 0x7F, 0xFE, 0xFF, 0x9F, 0x3F, 0x7F, 0xFE, 0xFF, 0x9F,
  0x3F, 0xFF, 0xFF, 0xFF, 0xFF, 0x3F, 0xFF, 0xFF, 0xFF, 0xFF, 0x3F, 0xFF,
  0xFF, 0xFF, 0xFF, 0x3F, 0xFF, 0xFF, 0xFF, 0xFF, 0x3F, 0x7F, 0xFE, 0xFF,
  0x9F, 0x3F, 0x7F, 0xFE, 0xFF, 0x9F, 0x3F, 0x7F, 0xFE, 0xFF, 0x9F, 0x3F,
  0x7F, 0xFE, 0xFF, 0x9F, 0x3F, 0x7F, 0xFE, 0xFF, 0x9F, 0x3F, 0x7F, 0xFE,
  0xFF, 0x9F, 0x3F, 0x7F, 0xFE, 0xFF, 0x9F, 0x3F, 0x7F, 0xFE, 0xFF, 0x9F,
  0x3F, 0x7F, 0x00, 0x1E, 0x80, 0x3F, 0x7F, 0x00, 0x1E, 0x80, 0x3F, 0xFF,
  0xFF, 0xFF, 0xFF, 0x3F, 0xFF, 0xFF, 0xFF, 0xFF, 0x3F, 0xFF, 0xFF, 0xFF,
  0xFF, 0x3F, 0xFF, 0xFF, 0xFF, 0xFF, 0x3F, 0xFF, 0xFF, 0xFF, 0xFF, 0x3F,
  0xFF, 0xFF, 0xFF, 0xFF, 0x3F, 0xFF, 0xFF, 0xFF, 0xFF, 0x3F,
};

const unsigned char 5_14_icon[] PROGMEM = {
  0xFF, 0xFF, 0xFF, 0xFF, 0x3F, 0xFF, 0xFF, 0xFF, 0xFF, 0x3F, 0xFF, 0xFF,
  0xFF, 0xFF, 0x3F, 0xFF, 0xFF, 0xFF, 0xFF, 0x3F, 0xFF, 0xFF, 0xFF, 0xFF,
  0x3F, 0xFF, 0xFF, 0xFF, 0x7F, 0x3E, 0xFF, 0xFF, 0xFF, 0x3F, 0x3E, 0xFF,
  0xFF, 0xFF, 0x1F, 0x3F, 0xFF, 0xFF, 0xFF, 0x8F, 0x3F, 0xFF, 0xFF, 0x0F,
  0xC0, 0x3F, 0xFF, 0xFF, 0xFF, 0xE3, 0x3F, 0xFF, 0xFF, 0xFF, 0xE1, 0x3F,
  0xFF, 0xFF, 0xFF, 0xE8, 0x3F, 0xFF, 0xFF, 0x7F, 0xEC, 0x3F, 0xFF, 0xFF,
  0x3F, 0xEE, 0x3F, 0xFF, 0xFF, 0x1F, 0xEF, 0x3F, 0xFF, 0x1F, 0x80, 0xEF,
  0x3F, 0xFF, 0x1F, 0xC0, 0xEF, 0x3F, 0xFF, 0xFF, 0xC3, 0xFF, 0x3F, 0xFF,
  0xFF, 0xC1, 0xFF, 0x3F, 0xFF, 0xFF, 0xC8, 0xFF, 0x3F, 0xFF, 0x7F, 0xCC,
  0xFF, 0x3F, 0xFF, 0x3F, 0xCE, 0xFF, 0x3F, 0xFF, 0x1F, 0xCF, 0xFF, 0x3F,
  0x1F, 0x80, 0xCF, 0xFF, 0x3F, 0x1F, 0xC0, 0xFF, 0xFF, 0x3F, 0xFF, 0xC3,
  0xFF, 0xFF, 0x3F, 0xFF, 0xC1, 0xFF, 0xFF, 0x3F, 0xFF, 0xC8, 0xFF, 0xFF,
  0x3F, 0x7F, 0xCC, 0xFF, 0xFF, 0x3F, 0xFF, 0xCE, 0xFF, 0xFF, 0x3F, 0xFF,
  0xCF, 0xFF, 0xFF, 0x3F, 0xFF, 0xCF, 0xFF, 0xFF, 0x3F, 0xFF, 0xFF, 0xFF,
  0xFF, 0x3F, 0xFF, 0xFF, 0xFF, 0xFF, 0x3F, 0xFF, 0xFF, 0xFF, 0xFF, 0x3F,
  0xFF, 0xFF, 0xFF, 0xFF, 0x3F, 0xFF, 0xFF, 0xFF, 0xFF, 0x3F,
};

const unsigned char 5_15_icon[] PROGMEM = {
  0xFF, 0xFF, 0xFF, 0xFF, 0x3F, 0xFF, 0xFF, 0xFF, 0xFF, 0x3F, 0xFF, 0xFF,
  0xFF, 0xFF, 0x3F, 0xFF, 0xFF, 0xFF, 0xFF, 0x3F, 0xFF, 0xFF, 0xFF, 0xFF,
  0x3F, 0xFF, 0xFF, 0xFF, 0xFF, 0x3F, 0xFF, 0xFF, 0xFF, 0xFF, 0x3F, 0xFF,
  0x01, 0x00, 0xE0, 0x3F, 0xFF, 0x01, 0x00, 0xE0, 0x3F, 0xFF, 0xFF, 0xF3,
  0xFF, 0x3F, 0xFF, 0xFF, 0xF3, 0xFF, 0x3F, 0xFF, 0xFF, 0xF3, 0xFF, 0x3F,
  0xFF, 0xFF, 0xF3, 0xFF, 0x3F, 0xFF, 0xFF, 0xF3, 0xFF, 0x3F, 0xFF, 0xFF,
  0xF3, 0xFF, 0x3F, 0xFF, 0xFF, 0xF3, 0xFF, 0x3F, 0xFF, 0xFF, 0xF3, 0xFF,
  0x3F, 0xFF, 0xFF, 0xF3, 0xFF, 0x3F, 0xFF, 0xFF, 0xF3, 0xFF, 0x3F, 0xFF,
  0xFF, 0xF3, 0xFF, 0x3F, 0xFF, 0xFF, 0xF3, 0xFF, 0x3F, 0xFF, 0xFF, 0xF3,
  0xFF, 0x3F, 0xFF, 0xFF, 0xF3, 0xFF, 0x3F, 0xFF, 0xFF, 0xF3, 0xFF, 0x3F,
  0xFF, 0xFF, 0xF3, 0xFF, 0x3F, 0xFF, 0xFF, 0xF3, 0xFF, 0x3F, 0xFF, 0xFF,
  0xF3, 0xFF, 0x3F, 0xFF, 0xFF, 0xF3, 0xFF, 0x3F, 0xFF, 0xFF, 0xF3, 0xFF,
  0x3F, 0xFF, 0xFF, 0xF3, 0xFF, 0x3F, 0xFF, 0xFF, 0xF3, 0xFF, 0x3F, 0xFF,
  0xFF, 0xFF, 0xFF, 0x3F, 0xFF, 0xFF, 0xFF, 0xFF, 0x3F, 0xFF, 0xFF, 0xFF,
  0xFF, 0x3F, 0xFF, 0xFF, 0xFF, 0xFF, 0x3F, 0xFF, 0xFF, 0xFF, 0xFF, 0x3F,
  0xFF, 0xFF, 0xFF, 0xFF, 0x3F, 0xFF, 0xFF, 0xFF, 0xFF, 0x3F,
};

const unsigned char 5_16_icon[] PROGMEM = {
  0xFF, 0xFF, 0xFF, 0xFF, 0x3F, 0xFF, 0xFF, 0xFF, 0xFF, 0x3F, 0xFF, 0xFF,
  0xFF, 0xFF, 0x3F, 0xFF, 0xFF, 0xFF, 0xFF, 0x3F, 0xFF, 0xFF, 0xFF, 0xFF,
  0x3F, 0xFF, 0xFF, 0xFF, 0xFF, 0x3F, 0xFF, 0xFF, 0xFF, 0xFF, 0x3F, 0xFF,
  0x0F, 0x00, 0xFE, 0x3F, 0xFF, 0x0F, 0x00, 0xFE, 0x3F, 0xFF, 0xCF, 0xFF,
  0xFF, 0x3F, 0xFF, 0xCF, 0xFF, 0xFF, 0x3F, 0xFF, 0xCF, 0xFF, 0xFF, 0x3F,
  0xFF, 0xCF, 0xFF, 0xFF, 0x3F, 0xFF, 0xCF, 0xFF, 0xFF, 0x3F, 0xFF, 0xCF,
  0xFF, 0xFF, 0x3F, 0xFF, 0xCF, 0xFF, 0xFF, 0x3F, 0xFF, 0xCF, 0xFF, 0xFF,
  0x3F, 0xFF, 0xCF, 0xFF, 0xFF, 0x3F, 0xFF, 0xCF, 0xFF, 0xFF, 0x3F, 0xFF,
  0xCF, 0xFF, 0xFF, 0x3F, 0xFF, 0xCF, 0xFF, 0xFF, 0x3F, 0xFF, 0xCF, 0xFF,
  0xFF, 0x3F, 0xFF, 0xCF, 0xFF, 0xFF, 0x3F, 0xFF, 0xCF, 0xFF, 0xFF, 0x3F,
  0xFF, 0xCF, 0xFF, 0xFF, 0x3F, 0xFF, 0xCF, 0xFF, 0xFF, 0x3F, 0xFF, 0xCF,
  0xFF, 0xFF, 0x3F, 0xFF, 0xCF, 0xFF, 0xFF, 0x3F, 0xFF, 0xCF, 0xFF, 0xFF,
  0x3F, 0xFF, 0xCF, 0xFF, 0xFF, 0x3F, 0xFF, 0xCF, 0xFF, 0xFF, 0x3F, 0xFF,
  0xFF, 0xFF, 0xFF, 0x3F, 0xFF, 0xFF, 0xFF, 0xFF, 0x3F, 0xFF, 0xFF, 0xFF,
  0xFF, 0x3F, 0xFF, 0xFF, 0xFF, 0xFF, 0x3F, 0xFF, 0xFF, 0xFF, 0xFF, 0x3F,
  0xFF, 0xFF, 0xFF, 0xFF, 0x3F, 0xFF, 0xFF, 0xFF, 0xFF, 0x3F,
};

const unsigned char 5_17_icon[] PROGMEM = {
  0xFF, 0xFF, 0xFF, 0xFF, 0x3F, 0xFF, 0xFF, 0xFF, 0xFF, 0x3F, 0xFF, 0xFF,
  0xFF, 0xFF, 0x3F, 0xFF, 0xFF, 0xFF, 0xFF, 0x3F, 0xFF, 0xFF, 0xFF, 0xFF,
  0x3F, 0xFF, 0xFF, 0xFF, 0xFF, 0x3F, 0xFF, 0xFF, 0xFF, 0xFF, 0x3F, 0xFF,
  0x3F, 0x00, 0xFF, 0x3F, 0xFF, 0x0F, 0x00, 0xFC, 0x3F, 0xFF, 0x87, 0x7F,
  0xF8, 0x3F, 0xFF, 0xE3, 0xFF, 0xF1, 0x3F, 0xFF, 0xF1, 0xFF, 0xE3, 0x3F,
  0xFF, 0xF8, 0xFF, 0xC7, 0x3F, 0xFF, 0xFC, 0xFF, 0xCF, 0x3F, 0x7F, 0xFC,
  0xFF, 0x8F, 0x3F, 0x7F, 0xFE, 0xC0, 0x9F, 0x3F, 0x7F, 0x7E, 0x80, 0x9F,
  0x3F, 0x7F, 0x7E, 0x80, 0x9F, 0x3F, 0x7F, 0x7E, 0x80, 0x9F, 0x3F, 0x7F,
  0x7E, 0x80, 0x9F, 0x3F, 0x7F, 0x7E, 0x80, 0x9F, 0x3F, 0x7F, 0x7E, 0x80,
  0x9F, 0x3F, 0x7F, 0xFE, 0xC0, 0x9F, 0x3F, 0x7F, 0xFC, 0xFF, 0x8F, 0x3F,
  0xFF, 0xFC, 0xFF, 0xCF, 0x3F, 0xFF, 0xF8, 0xFF, 0xC7, 0x3F, 0xFF, 0xF1,
  0xFF, 0xE3, 0x3F, 0xFF, 0xE3, 0xFF, 0xF1, 0x3F, 0xFF, 0x87, 0x7F, 0xF8,
  0x3F, 0xFF, 0x0F, 0x00, 0xFC, 0x3F, 0xFF, 0x3F, 0x00, 0xFF, 0x3F, 0xFF,
  0xFF, 0xFF, 0xFF, 0x3F, 0xFF, 0xFF, 0xFF, 0xFF, 0x3F, 0xFF, 0xFF, 0xFF,
  0xFF, 0x3F, 0xFF, 0xFF, 0xFF, 0xFF, 0x3F, 0xFF, 0xFF, 0xFF, 0xFF, 0x3F,
  0xFF, 0xFF, 0xFF, 0xFF, 0x3F, 0xFF, 0xFF, 0xFF, 0xFF, 0x3F,
};

const unsigned char 5_18_icon[] PROGMEM = {
  0xFF, 0xFF, 0xFF, 0xFF, 0x3F, 0xFF, 0xFF, 0xFF, 0xFF, 0x3F, 0xFF, 0xFF,
  0xFF, 0xFF, 0x3F, 0xFF, 0xFF, 0xFF, 0xFF, 0x3F, 0xFF, 0xFF, 0xFF, 0xFF,
  0x3F, 0xFF, 0xFF, 0xFF, 0xFF, 0x3F, 0xFF, 0xFF, 0xF3, 0xFF, 0x3F, 0xFF,
  0xFF, 0xE1, 0xFF, 0x3F, 0xFF, 0xFF, 0xC0, 0xFF, 0x3F, 0xFF, 0x7F, 0x80,
  0xFF, 0x3F, 0xFF, 0x3F, 0x12, 0xFF, 0x3F, 0xFF, 0x1F, 0x33, 0xFE, 0x3F,
  0xFF, 0x9F, 0x73, 0xFE, 0x3F, 0xFF, 0xFF, 0xF3, 0xFF, 0x3F, 0xFF, 0xFF,
  0xF3, 0xFF, 0x3F, 0xFF, 0xFF, 0xF3, 0xFF, 0x3F, 0xFF, 0xFF, 0xF3, 0xFF,
  0x3F, 0xFF, 0xFF, 0xF3, 0xFF, 0x3F, 0xFF, 0xFF, 0xF3, 0xFF, 0x3F, 0xFF,
  0xFF, 0xF3, 0xFF, 0x3F, 0xFF, 0xFF, 0xF3, 0xFF, 0x3F, 0xFF, 0xFF, 0xF3,
  0xFF, 0x3F, 0xFF, 0xFF, 0xF3, 0xFF, 0x3F, 0xFF, 0xFF, 0xF3, 0xFF, 0x3F,
  0xFF, 0xFF, 0xF3, 0xFF, 0x3F, 0xFF, 0xFF, 0xF3, 0xFF, 0x3F, 0xFF, 0xFF,
  0xF3, 0xFF, 0x3F, 0xFF, 0xFF, 0xF3, 0xFF, 0x3F, 0xFF, 0xFF, 0xF3, 0xFF,
  0x3F, 0xFF, 0xFF, 0xF3, 0xFF, 0x3F, 0xFF, 0x1F, 0x00, 0xFE, 0x3F, 0xFF,
  0x1F, 0x00, 0xFE, 0x3F, 0xFF, 0xFF, 0xFF, 0xFF, 0x3F, 0xFF, 0xFF, 0xFF,
  0xFF, 0x3F, 0xFF, 0xFF, 0xFF, 0xFF, 0x3F, 0xFF, 0xFF, 0xFF, 0xFF, 0x3F,
  0xFF, 0xFF, 0xFF, 0xFF, 0x3F, 0xFF, 0xFF, 0xFF, 0xFF, 0x3F,
};

const unsigned char 5_19_icon[] PROGMEM = {
  0xFF, 0xFF, 0xFF, 0xFF, 0x3F, 0xFF, 0xFF, 0xFF, 0xFF, 0x3F, 0xFF, 0xFF,
  0xFF, 0xFF, 0x3F, 0xFF, 0xFF, 0xFF, 0xFF, 0x3F, 0xFF, 0xFF, 0xFF, 0xFF,
  0x3F, 0xFF, 0xFF, 0xC0, 0xFF, 0x3F, 0xFF, 0x1F, 0x00, 0xFE, 0x3F, 0xFF,
  0x07, 0x21, 0xF8, 0x3F, 0xFF, 0xC3, 0xC0, 0xF0, 0x3F, 0xFF, 0xF1, 0xCC,
  0xE3, 0x3F, 0xFF, 0x78, 0x8C, 0xC7, 0x3F, 0x7F, 0x7C, 0x9E, 0x8F, 0x3F,
  0x7F, 0x3E, 0x1E, 0x9F, 0x3F, 0x3F, 0x1E, 0x3F, 0x1E, 0x3F, 0x3F, 0x9F,
  0x7F, 0x3E, 0x3F, 0x3F, 0x8F, 0x7F, 0x3C, 0x3F, 0x9F, 0xCF, 0xFF, 0x7C,
  0x3E, 0x9F, 0xC7, 0xFF, 0x78, 0x3E, 0x9F, 0xE7, 0xFF, 0x79, 0x3E, 0x9F,
  0xE3, 0xFF, 0x71, 0x3E, 0x9F, 0xF1, 0xFF, 0x63, 0x3E, 0x9F, 0xF9, 0xFF,
  0x67, 0x3E, 0x3F, 0xF8, 0xFF, 0x07, 0x3F, 0x3F, 0xFC, 0xFF, 0x0F, 0x3F,
  0x3F, 0xFC, 0xFF, 0x0F, 0x3F, 0x7F, 0x00, 0x00, 0x80, 0x3F, 0x7F, 0xFC,
  0xFF, 0x8F, 0x3F, 0xFF, 0xF8, 0xFF, 0xC7, 0x3F, 0xFF, 0xF1, 0xFF, 0xE3,
  0x3F, 0xFF, 0xC3, 0xFF, 0xF0, 0x3F, 0xFF, 0x07, 0x3F, 0xF8, 0x3F, 0xFF,
  0x1F, 0x00, 0xFE, 0x3F, 0xFF, 0xFF, 0xC0, 0xFF, 0x3F, 0xFF, 0xFF, 0xFF,
  0xFF, 0x3F, 0xFF, 0xFF, 0xFF, 0xFF, 0x3F, 0xFF, 0xFF, 0xFF, 0xFF, 0x3F,
  0xFF, 0xFF, 0xFF, 0xFF, 0x3F, 0xFF, 0xFF, 0xFF, 0xFF, 0x3F,
};

const unsigned char 5_2_icon[] PROGMEM = {
  0xFF, 0xFF, 0xFF, 0xFF, 0x3F, 0xFF, 0xFF, 0xFF, 0xFF, 0x3F, 0xFF, 0xFF,
  0xFF, 0xFF, 0x3F, 0xFF, 0xFF, 0xFF, 0xFF, 0x3F, 0xFF, 0xFF, 0xFF, 0xFF,
  0x3C, 0xFF, 0xFF, 0xFF, 0x7F, 0x3C, 0xFF, 0xFF, 0xFF, 0x3F, 0x3E, 0xFF,
  0xFF, 0xFF, 0x1F, 0x3F, 0xFF, 0xFF, 0xFF, 0x8F, 0x3F, 0xFF, 0xFF, 0xFF,
  0xC7, 0x3F, 0xFF, 0xFF, 0xFF, 0xE3, 0x3F, 0xFF, 0xFF, 0xFF, 0xF3, 0x3F,
  0xFF, 0xFF, 0xFF, 0xFF, 0x3F, 0xFF, 0xFF, 0xFF, 0xFF, 0x3F, 0xFF, 0xFF,
  0xFF, 0xFF, 0x3F, 0xFF, 0xFF, 0x9F, 0xFF, 0x3F, 0xFF, 0xFF, 0x8F, 0xFF,
  0x3F, 0xFF, 0xFF, 0xC7, 0xFF, 0x3F, 0xFF, 0xFF, 0xE3, 0xFF, 0x3F, 0xFF,
  0xFF, 0xF1, 0xFF, 0x3F, 0xFF, 0xFF, 0xF8, 0xFF, 0x3F, 0xFF, 0x7F, 0xFC,
  0xFF, 0x3F, 0xFF, 0x7F, 0xFE, 0xFF, 0x3F, 0xFF, 0xFF, 0xFF, 0xFF, 0x3F,
  0xFF, 0xFF, 0xFF, 0xFF, 0x3F, 0xFF, 0xFF, 0xFF, 0xFF, 0x3F, 0xFF, 0xF3,
  0xFF, 0xFF, 0x3F, 0xFF, 0xF1, 0xFF, 0xFF, 0x3F, 0xFF, 0xF8, 0xFF, 0xFF,
  0x3F, 0x7F, 0xFC, 0xFF, 0xFF, 0x3F, 0x3F, 0xFE, 0xFF, 0xFF, 0x3F, 0x1F,
  0xFF, 0xFF, 0xFF, 0x3F, 0x8F, 0xFF, 0xFF, 0xFF, 0x3F, 0xCF, 0xFF, 0xFF,
  0xFF, 0x3F, 0xFF, 0xFF, 0xFF, 0xFF, 0x3F, 0xFF, 0xFF, 0xFF, 0xFF, 0x3F,
  0xFF, 0xFF, 0xFF, 0xFF, 0x3F, 0xFF, 0xFF, 0xFF, 0xFF, 0x3F,
};

const unsigned char 5_20_icon[] PROGMEM = {
  0xFF, 0xFF, 0xFF, 0xFF, 0x3F, 0xFF, 0xFF, 0xFF, 0xFF, 0x3F, 0xFF, 0xFF,
  0xFF, 0xFF, 0x3F, 0xFF, 0xFF, 0xFF, 0xFF, 0x3F, 0xFF, 0xFF, 0xFF, 0xFF,
  0x3F, 0xFF, 0xFF, 0xFF, 0xFF, 0x3F, 0xFF, 0xFF, 0xF3, 0xFF, 0x3F, 0xFF,
  0xFF, 0xF3, 0xFF, 0x3F, 0xFF, 0xFF, 0xF3, 0xFF, 0x3F, 0xFF, 0xFF, 0xE1,
  0xFF, 0x3F, 0xFF, 0xFF, 0xE1, 0xFF, 0x3F, 0xFF, 0xFF, 0xE1, 0xFF, 0x3F,
  0xFF, 0xFF, 0xC0, 0xFF, 0x3F, 0xFF, 0xFF, 0xCC, 0xFF, 0x3F, 0xFF, 0xFF,
  0xCC, 0xFF, 0x3F, 0xFF, 0xFF, 0xCC, 0xFF, 0x3F, 0xFF, 0x7F, 0x8C, 0xFF,
  0x3F, 0xFF, 0x7F, 0x9E, 0xFF, 0x3F, 0xFF, 0x7F, 0x9E, 0xFF, 0x3F, 0xFF,
  0x3F, 0x1E, 0xFF, 0x3F, 0xFF, 0x3F, 0x3F, 0xFF, 0x3F, 0xFF, 0x3F, 0x3F,
  0xFF, 0x3F, 0xFF, 0x3F, 0x3F, 0xFF, 0x3F, 0xFF, 0x9F, 0x7F, 0xFE, 0x3F,
  0xFF, 0x9F, 0x7F, 0xFE, 0x3F, 0xFF, 0x9F, 0x7F, 0xFE, 0x3F, 0xFF, 0x8F,
  0x7F, 0xFC, 0x3F, 0xFF, 0xCF, 0xFF, 0xFC, 0x3F, 0xFF, 0xCF, 0xFF, 0xFC,
  0x3F, 0xFF, 0x00, 0x00, 0xC0, 0x3F, 0xFF, 0x00, 0x00, 0xC0, 0x3F, 0xFF,
  0xFF, 0xFF, 0xFF, 0x3F, 0xFF, 0xFF, 0xFF, 0xFF, 0x3F, 0xFF, 0xFF, 0xFF,
  0xFF, 0x3F, 0xFF, 0xFF, 0xFF, 0xFF, 0x3F, 0xFF, 0xFF, 0xFF, 0xFF, 0x3F,
  0xFF, 0xFF, 0xFF, 0xFF, 0x3F, 0xFF, 0xFF, 0xFF, 0xFF, 0x3F,
};

const unsigned char 5_21_icon[] PROGMEM = {
  0xFF, 0xFF, 0xFF, 0xFF, 0x3F, 0xFF, 0xFF, 0xFF, 0xFF, 0x3F, 0xFF, 0xFF,
  0xFF, 0xFF, 0x3F, 0xFF, 0xFF, 0xFF, 0xFF, 0x3F, 0xFF, 0xFF, 0xFF, 0xFF,
  0x3F, 0xFF, 0xFF, 0xFF, 0xFF, 0x3F, 0xFF, 0xFF, 0xFF, 0xFF, 0x3F, 0x7F,
  0x00, 0x00, 0x80, 0x3F, 0x7F, 0x00, 0x00, 0x80, 0x3F, 0xFF, 0xF3, 0xFF,
  0xF3, 0x3F, 0xFF, 0xF3, 0xFF, 0xF3, 0x3F, 0xFF, 0xF3, 0xFF, 0xF3, 0x3F,
  0xFF, 0xF3, 0xFF, 0xF3, 0x3F, 0xFF, 0xF3, 0xFF, 0xF3, 0x3F, 0xFF, 0xF3,
  0xFF, 0xF3, 0x3F, 0xFF, 0xF3, 0xFF, 0xF3, 0x3F, 0xFF, 0xF3, 0xFF, 0xF3,
  0x3F, 0xFF, 0xF3, 0xFF, 0xF3, 0x3F, 0xFF, 0xF3, 0xFF, 0xF3, 0x3F, 0xFF,
  0xF3, 0xFF, 0xF3, 0x3F, 0xFF, 0xF3, 0xFF, 0xF3, 0x3F, 0xFF, 0xF3, 0xFF,
  0xF3, 0x3F, 0xFF, 0xF3, 0xFF, 0xF3, 0x3F, 0xFF, 0xF3, 0xFF, 0xF3, 0x3F,
  0xFF, 0xF3, 0xFF, 0xF3, 0x3F, 0xFF, 0xF3, 0xFF, 0xF3, 0x3F, 0xFF, 0xF3,
  0xFF, 0xF3, 0x3F, 0xFF, 0xF3, 0xFF, 0xF3, 0x3F, 0xFF, 0xF3, 0xFF, 0xF3,
  0x3F, 0xFF, 0xF3, 0xFF, 0xF3, 0x3F, 0xFF, 0xF3, 0xFF, 0xF3, 0x3F, 0xFF,
  0xFF, 0xFF, 0xFF, 0x3F, 0xFF, 0xFF, 0xFF, 0xFF, 0x3F, 0xFF, 0xFF, 0xFF,
  0xFF, 0x3F, 0xFF, 0xFF, 0xFF, 0xFF, 0x3F, 0xFF, 0xFF, 0xFF, 0xFF, 0x3F,
  0xFF, 0xFF, 0xFF, 0xFF, 0x3F, 0xFF, 0xFF, 0xFF, 0xFF, 0x3F,
};

const unsigned char 5_22_icon[] PROGMEM = {
  0xFF, 0xFF, 0xFF, 0xFF, 0x3F, 0xFF, 0xFF, 0xFF, 0xFF, 0x3F, 0xFF, 0xFF,
  0xFF, 0xFF, 0x3F, 0xFF, 0xFF, 0xFF, 0xFF, 0x3F, 0xFF, 0xFF, 0xFF, 0xFF,
  0x3F, 0xFF, 0xFF, 0xFF, 0xFF, 0x3F, 0xFF, 0xFF, 0xFF, 0xFF, 0x3F, 0xFF,
  0xFF, 0xFF, 0xFF, 0x3F, 0xFF, 0xFF, 0xFF, 0xFF, 0x3F, 0xFF, 0xFF, 0xFF,
  0x01, 0x3E, 0xFF, 0xFF, 0xFF, 0x01, 0x3E, 0xFF, 0xFF, 0xFF, 0xF9, 0x3F,
  0xFF, 0xFF, 0xFF, 0xF9, 0x3F, 0xFF, 0xFF, 0xFF, 0xF9, 0x3F, 0xFF, 0xFF,
  0xFF, 0xF9, 0x3F, 0xFF, 0xFF, 0x03, 0xF8, 0x3F, 0xFF, 0xFF, 0x03, 0xF8,
  0x3F, 0xFF, 0xFF, 0xF3, 0xFF, 0x3F, 0xFF, 0xFF, 0xF3, 0xFF, 0x3F, 0xFF,
  0xFF, 0xF3, 0xFF, 0x3F, 0xFF, 0xFF, 0xF3, 0xFF, 0x3F, 0xFF, 0x07, 0xF0,
  0xFF, 0x3F, 0xFF, 0x07, 0xF0, 0xFF, 0x3F, 0xFF, 0xE7, 0xFF, 0xFF, 0x3F,
  0xFF, 0xE7, 0xFF, 0xFF, 0x3F, 0xFF, 0xE7, 0xFF, 0xFF, 0x3F, 0xFF, 0xE7,
  0xFF, 0xFF, 0x3F, 0x1F, 0xE0, 0xFF, 0xFF, 0x3F, 0x1F, 0xE0, 0xFF, 0xFF,
  0x3F, 0xFF, 0xFF, 0xFF, 0xFF, 0x3F, 0xFF, 0xFF, 0xFF, 0xFF, 0x3F, 0xFF,
  0xFF, 0xFF, 0xFF, 0x3F, 0xFF, 0xFF, 0xFF, 0xFF, 0x3F, 0xFF, 0xFF, 0xFF,
  0xFF, 0x3F, 0xFF, 0xFF, 0xFF, 0xFF, 0x3F, 0xFF, 0xFF, 0xFF, 0xFF, 0x3F,
  0xFF, 0xFF, 0xFF, 0xFF, 0x3F, 0xFF, 0xFF, 0xFF, 0xFF, 0x3F,
};

const unsigned char 5_23_icon[] PROGMEM = {
  0xFF, 0xFF, 0xFF, 0xFF, 0x3F, 0xFF, 0xFF, 0xFF, 0xFF, 0x3F, 0xFF, 0xFF,
  0xFF, 0xFF, 0x3F, 0xFF, 0xFF, 0xFF, 0xFF, 0x3F, 0xFF, 0xFF, 0xFF, 0xFF,
  0x3F, 0x1F, 0x00, 0x00, 0x00, 0x3E, 0x1F, 0x00, 0x00, 0x00, 0x3E, 0x9F,
  0xFF, 0xFF, 0x7F, 0x3E, 0x9F, 0xFF, 0xE1, 0x7F, 0x3E, 0x9F, 0xFF, 0xC0,
  0x7F, 0x3E, 0x9F, 0x7F, 0x8C, 0x7F, 0x3E, 0x9F, 0x7F, 0x9E, 0x7F, 0x3E,
  0x9F, 0x3F, 0x1E, 0x7F, 0x3E, 0x9F, 0x03, 0x3F, 0x70, 0x3E, 0x9F, 0x01,
  0x3F, 0x60, 0x3E, 0x9F, 0xF9, 0xFF, 0x67, 0x3E, 0x9F, 0xF8, 0xF3, 0x47,
  0x3E, 0x9F, 0xFC, 0xE1, 0x4F, 0x3E, 0x9F, 0xF8, 0xC0, 0x47, 0x3E, 0x9F,
  0xF1, 0xC0, 0x63, 0x3E, 0x9F, 0xE3, 0xC0, 0x71, 0x3E, 0x9F, 0xC7, 0xE1,
  0x78, 0x3E, 0x9F, 0xE7, 0xFF, 0x79, 0x3E, 0x9F, 0xE7, 0xFF, 0x79, 0x3E,
  0x9F, 0xE7, 0xFF, 0x79, 0x3E, 0x9F, 0xE7, 0xF3, 0x79, 0x3E, 0x9F, 0xC7,
  0xC0, 0x78, 0x3E, 0x9F, 0x07, 0x00, 0x78, 0x3E, 0x9F, 0x1F, 0x1E, 0x7E,
  0x3E, 0x9F, 0xFF, 0xFF, 0x7F, 0x3E, 0x9F, 0xFF, 0xFF, 0x7F, 0x3E, 0x1F,
  0x00, 0x00, 0x00, 0x3E, 0x1F, 0x00, 0x00, 0x00, 0x3E, 0xFF, 0xFF, 0xFF,
  0xFF, 0x3F, 0xFF, 0xFF, 0xFF, 0xFF, 0x3F, 0xFF, 0xFF, 0xFF, 0xFF, 0x3F,
  0xFF, 0xFF, 0xFF, 0xFF, 0x3F, 0xFF, 0xFF, 0xFF, 0xFF, 0x3F,
};

const unsigned char 5_24_icon[] PROGMEM = {
  0xFF, 0xFF, 0xFF, 0xFF, 0x3F, 0xFF, 0xFF, 0xFF, 0xFF, 0x3F, 0xFF, 0xFF,
  0xFF, 0xFF, 0x3F, 0xFF, 0xFF, 0xFF, 0xFF, 0x3F, 0xFF, 0xFF, 0xFF, 0xFF,
  0x3F, 0xFF, 0xFF, 0x7F, 0xF6, 0x3F, 0xFF, 0xFF, 0x7F, 0xF0, 0x3F, 0xFF,
  0xFF, 0xFF, 0xF0, 0x3F, 0xFF, 0xFF, 0x67, 0xF0, 0x3F, 0xFF, 0xFF, 0x07,
  0xE2, 0x3F, 0xFF, 0xFF, 0x0F, 0xE7, 0x3F, 0xFF, 0xFF, 0x06, 0xC7, 0x3F,
  0xFF, 0x7F, 0x00, 0x8E, 0x3C, 0xFF, 0xFF, 0x60, 0x1C, 0x3C, 0xFF, 0xEF,
  0x70, 0x1C, 0x3E, 0xFF, 0x4F, 0xE0, 0x08, 0x3C, 0xFF, 0x0F, 0xC6, 0x81,
  0x3C, 0xFF, 0x0D, 0xC7, 0xE3, 0x3F, 0xFF, 0x04, 0x8E, 0xC1, 0x3F, 0xFF,
  0x60, 0x1C, 0xC8, 0x3F, 0xFF, 0xF1, 0x38, 0xEC, 0x3F, 0x4F, 0xE0, 0x18,
  0xFC, 0x3F, 0x0F, 0xC4, 0x81, 0xFC, 0x3F, 0x1F, 0x8E, 0xC3, 0xFD, 0x3F,
  0x0F, 0x8E, 0xC1, 0xFF, 0x3F, 0x4F, 0x1C, 0x80, 0xFF, 0x3F, 0xFF, 0x38,
  0xD8, 0xFF, 0x3F, 0xFF, 0x39, 0xFC, 0xFF, 0x3F, 0xFF, 0x11, 0xF8, 0xFF,
  0x3F, 0xFF, 0x83, 0xF9, 0xFF, 0x3F, 0xFF, 0xC3, 0xFF, 0xFF, 0x3F, 0xFF,
  0x83, 0xFF, 0xFF, 0x3F, 0xFF, 0x9B, 0xFF, 0xFF, 0x3F, 0xFF, 0xFF, 0xFF,
  0xFF, 0x3F, 0xFF, 0xFF, 0xFF, 0xFF, 0x3F, 0xFF, 0xFF, 0xFF, 0xFF, 0x3F,
  0xFF, 0xFF, 0xFF, 0xFF, 0x3F, 0xFF, 0xFF, 0xFF, 0xFF, 0x3F,
};

const unsigned char 5_3_icon[] PROGMEM = {
  0xFF, 0xFF, 0xFF, 0xFF, 0x3F, 0xFF, 0xFF, 0xFF, 0xFF, 0x3F, 0xFF, 0xFF,
  0xFF, 0xFF, 0x3F, 0xFF, 0xFF, 0xFF, 0xE7, 0x3F, 0xFF, 0xFF, 0xFF, 0xC3,
  0x3F, 0xFF, 0xFF, 0xFF, 0xC3, 0x3F, 0xFF, 0xFF, 0xFF, 0xC3, 0x3F, 0xFF,
  0xFF, 0xFF, 0xFF, 0x3F, 0xFF, 0xFF, 0x3F, 0x7E, 0x3C, 0xFF, 0xFF, 0x3F,
  0x7C, 0x38, 0xFF, 0xFF, 0x3F, 0x7C, 0x38, 0xFF, 0xFF, 0x3F, 0x7E, 0x3C,
  0xFF, 0xFF, 0xF3, 0xE7, 0x3F, 0xFF, 0xFF, 0xE1, 0xC3, 0x3F, 0xFF, 0xFF,
  0xE1, 0xC3, 0x3F, 0xFF, 0xFF, 0xE1, 0xC3, 0x3F, 0xFF, 0xFF, 0xFF, 0xFF,
  0x3F, 0xFF, 0x1F, 0x3F, 0xFE, 0x3F, 0xFF, 0x0F, 0x3F, 0xFC, 0x3F, 0xFF,
  0x0F, 0x3F, 0xFC, 0x3F, 0xFF, 0x1F, 0x3F, 0xFE, 0x3F, 0xFF, 0xFF, 0xFF,
  0xFF, 0x3F, 0xFF, 0xF0, 0xE1, 0xFF, 0x3F, 0xFF, 0xF0, 0xE1, 0xFF, 0x3F,
  0xFF, 0xF0, 0xE1, 0xFF, 0x3F, 0xFF, 0xF9, 0xF3, 0xFF, 0x3F, 0x8F, 0x1F,
  0xFF, 0xFF, 0x3F, 0x87, 0x0F, 0xFF, 0xFF, 0x3F, 0x87, 0x0F, 0xFF, 0xFF,
  0x3F, 0x8F, 0x1F, 0xFF, 0xFF, 0x3F, 0xFF, 0xFF, 0xFF, 0xFF, 0x3F, 0xFF,
  0xF0, 0xFF, 0xFF, 0x3F, 0xFF, 0xF0, 0xFF, 0xFF, 0x3F, 0xFF, 0xF0, 0xFF,
  0xFF, 0x3F, 0xFF, 0xF9, 0xFF, 0xFF, 0x3F, 0xFF, 0xFF, 0xFF, 0xFF, 0x3F,
  0xFF, 0xFF, 0xFF, 0xFF, 0x3F, 0xFF, 0xFF, 0xFF, 0xFF, 0x3F,
};

const unsigned char 5_4_icon[] PROGMEM = {
  0xFF, 0xFF, 0xFF, 0xFF, 0x3F, 0xFF, 0xFF, 0xFF, 0xFF, 0x3F, 0xFF, 0xFF,
  0xFF, 0xFF, 0x3F, 0xFF, 0xFF, 0xFF, 0xFF, 0x3F, 0xFF, 0xFF, 0xFF, 0xFF,
  0x3F, 0xFF, 0xFF, 0x3F, 0xFF, 0x3F, 0xFF, 0xFF, 0x3F, 0xFF, 0x3F, 0xFF,
  0xFF, 0x3F, 0xFF, 0x3F, 0xFF, 0xFF, 0x3F, 0xFF, 0x3F, 0xFF, 0xFF, 0x3F,
  0xFF, 0x3F, 0xFF, 0xFF, 0x3F, 0xFF, 0x3F, 0xFF, 0xFF, 0x1F, 0xFF, 0x3F,
  0xFF, 0xFF, 0x8F, 0xFF, 0x3F, 0xFF, 0xFF, 0xC7, 0xFF, 0x3F, 0xFF, 0xFF,
  0xE3, 0x03, 0x3E, 0xFF, 0xFF, 0xF1, 0x01, 0x3E, 0xFF, 0xFF, 0xF8, 0xF8,
  0x3F, 0xFF, 0x7F, 0x7C, 0xFC, 0x3F, 0xFF, 0x3F, 0x3E, 0xFE, 0x3F, 0xFF,
  0x1F, 0x1F, 0xFF, 0x3F, 0xFF, 0x8F, 0x8F, 0xFF, 0x3F, 0xFF, 0xC7, 0xC7,
  0xFF, 0x3F, 0x1F, 0xE0, 0xE3, 0xFF, 0x3F, 0x1F, 0xF0, 0xF1, 0xFF, 0x3F,
  0xFF, 0xFF, 0xF8, 0xFF, 0x3F, 0xFF, 0x7F, 0xFC, 0xFF, 0x3F, 0xFF, 0x3F,
  0xFE, 0xFF, 0x3F, 0xFF, 0x3F, 0xFF, 0xFF, 0x3F, 0xFF, 0x3F, 0xFF, 0xFF,
  0x3F, 0xFF, 0x3F, 0xFF, 0xFF, 0x3F, 0xFF, 0x3F, 0xFF, 0xFF, 0x3F, 0xFF,
  0x3F, 0xFF, 0xFF, 0x3F, 0xFF, 0x3F, 0xFF, 0xFF, 0x3F, 0xFF, 0xFF, 0xFF,
  0xFF, 0x3F, 0xFF, 0xFF, 0xFF, 0xFF, 0x3F, 0xFF, 0xFF, 0xFF, 0xFF, 0x3F,
  0xFF, 0xFF, 0xFF, 0xFF, 0x3F, 0xFF, 0xFF, 0xFF, 0xFF, 0x3F,
};

const unsigned char 5_5_icon[] PROGMEM = {
  0xFF, 0xFF, 0xFF, 0xFF, 0x3F, 0xFF, 0xFF, 0xFF, 0xFF, 0x3F, 0xFF, 0xFF,
  0xFF, 0xFF, 0x3F, 0xFF, 0xFF, 0xFF, 0xFF, 0x3F, 0xFF, 0xFF, 0xFF, 0xFF,
  0x3C, 0xFF, 0xFF, 0xFF, 0x7F, 0x3C, 0xFF, 0xFF, 0xFF, 0x3F, 0x3E, 0xFF,
  0xFF, 0xBF, 0x1F, 0x3F, 0xFF, 0xFF, 0x3F, 0x8F, 0x3F, 0xFF, 0xFF, 0x3F,
  0xC6, 0x3F, 0xFF, 0xFF, 0x7F, 0xE0, 0x3F, 0xFF, 0xFF, 0xFF, 0xF0, 0x3F,
  0xFF, 0xFF, 0xFF, 0xF0, 0x3F, 0xFF, 0xFF, 0x7F, 0xE0, 0x3F, 0xFF, 0x7F,
  0x3F, 0xC6, 0x3F, 0xFF, 0x3F, 0x1E, 0x8F, 0x3F, 0xFF, 0x7F, 0x8C, 0xFF,
  0x3F, 0xFF, 0xFF, 0xC0, 0xFF, 0x3F, 0xFF, 0xFF, 0xE1, 0xFF, 0x3F, 0xFF,
  0xFF, 0xE1, 0xFF, 0x3F, 0xFF, 0xFF, 0xC0, 0xFF, 0x3F, 0xFF, 0x7F, 0x8C,
  0xFF, 0x3F, 0x7F, 0x3C, 0x1E, 0xFF, 0x3F, 0xFF, 0x18, 0xBF, 0xFF, 0x3F,
  0xFF, 0x81, 0xFF, 0xFF, 0x3F, 0xFF, 0xC3, 0xFF, 0xFF, 0x3F, 0xFF, 0xC3,
  0xFF, 0xFF, 0x3F, 0xFF, 0x81, 0xFF, 0xFF, 0x3F, 0xFF, 0x18, 0xFF, 0xFF,
  0x3F, 0x7F, 0x3C, 0xFF, 0xFF, 0x3F, 0x3F, 0x7E, 0xFF, 0xFF, 0x3F, 0x1F,
  0xFF, 0xFF, 0xFF, 0x3F, 0x8F, 0xFF, 0xFF, 0xFF, 0x3F, 0xCF, 0xFF, 0xFF,
  0xFF, 0x3F, 0xFF, 0xFF, 0xFF, 0xFF, 0x3F, 0xFF, 0xFF, 0xFF, 0xFF, 0x3F,
  0xFF, 0xFF, 0xFF, 0xFF, 0x3F, 0xFF, 0xFF, 0xFF, 0xFF, 0x3F,
};

const unsigned char 5_6_icon[] PROGMEM = {
  0xFF, 0xFF, 0xFF, 0xFF, 0x3F, 0xFF, 0xFF, 0xFF, 0xFF, 0x3F, 0xFF, 0xFF,
  0xFF, 0xFF, 0x3F, 0xFF, 0xFF, 0xFF, 0xFF, 0x3F, 0xFF, 0xFF, 0xFF, 0xFF,
  0x3C, 0xFF, 0xFF, 0xFF, 0x7F, 0x3C, 0xFF, 0xFF, 0xFF, 0x3F, 0x3E, 0xFF,
  0xFF, 0xFF, 0x1F, 0x3F, 0xFF, 0xFF, 0x7F, 0x8E, 0x3F, 0xFF, 0xFF, 0x7F,
  0xC4, 0x3F, 0xFF, 0xFF, 0xF3, 0xE0, 0x3F, 0xFF, 0x7F, 0x80, 0xF1, 0x3F,
  0xFF, 0x1F, 0x0C, 0xE0, 0x3F, 0xFF, 0x0F, 0x3F, 0xC4, 0x3F, 0xFF, 0xCF,
  0x3F, 0xCC, 0x3F, 0xFF, 0xC7, 0x1E, 0xF8, 0x3F, 0xFF, 0x67, 0x8C, 0xF9,
  0x3F, 0xFF, 0xE7, 0xC0, 0xF9, 0x3F, 0xFF, 0xF3, 0xE1, 0xF3, 0x3F, 0xFF,
  0xF3, 0xE1, 0xF3, 0x3F, 0xFF, 0xE7, 0xC0, 0xF9, 0x3F, 0xFF, 0x67, 0x8C,
  0xF9, 0x3F, 0xFF, 0x07, 0xDE, 0xF8, 0x3F, 0xFF, 0x0C, 0xFF, 0xFC, 0x3F,
  0xFF, 0x08, 0x3F, 0xFC, 0x3F, 0xFF, 0x01, 0x0C, 0xFE, 0x3F, 0xFF, 0x63,
  0x80, 0xFF, 0x3F, 0xFF, 0xC1, 0xF3, 0xFF, 0x3F, 0xFF, 0x88, 0xFF, 0xFF,
  0x3F, 0x7F, 0x9C, 0xFF, 0xFF, 0x3F, 0x3F, 0xFE, 0xFF, 0xFF, 0x3F, 0x1F,
  0xFF, 0xFF, 0xFF, 0x3F, 0x8F, 0xFF, 0xFF, 0xFF, 0x3F, 0xCF, 0xFF, 0xFF,
  0xFF, 0x3F, 0xFF, 0xFF, 0xFF, 0xFF, 0x3F, 0xFF, 0xFF, 0xFF, 0xFF, 0x3F,
  0xFF, 0xFF, 0xFF, 0xFF, 0x3F, 0xFF, 0xFF, 0xFF, 0xFF, 0x3F,
};

const unsigned char 5_7_icon[] PROGMEM = {
  0xFF, 0xFF, 0xFF, 0xFF, 0x3F, 0xFF, 0xFF, 0xFF, 0xFF, 0x3F, 0xFF, 0xFF,
  0xFF, 0xFF, 0x3F, 0xFF, 0xFF, 0xFF, 0xFF, 0x3F, 0xFF, 0xFF, 0xFF, 0xFF,
  0x3F, 0xFF, 0xFF, 0xFF, 0xFF, 0x3F, 0xFF, 0x1F, 0x3F, 0xFE, 0x3F, 0xFF,
  0x1F, 0x3F, 0xFE, 0x3F, 0xFF, 0x3F, 0x1E, 0xFF, 0x3F, 0xFF, 0x7F, 0x8C,
  0xFF, 0x3F, 0xFF, 0xFF, 0xCC, 0xFF, 0x3F, 0xFF, 0xFF, 0xC0, 0xFF, 0x3F,
  0x3F, 0x00, 0x00, 0x00, 0x3F, 0x3F, 0x00, 0x00, 0x00, 0x3F, 0xFF, 0xFF,
  0xF3, 0xFF, 0x3F, 0xFF, 0xFF, 0xFF, 0xFF, 0x3F, 0xFF, 0xFF, 0xFF, 0xFF,
  0x3F, 0xFF, 0xFF, 0xFF, 0xFF, 0x3F, 0xFF, 0xFF, 0xFF, 0xFF, 0x3F, 0xFF,
  0xFF, 0xFF, 0xFF, 0x3F, 0xFF, 0xFF, 0xFF, 0xFF, 0x3F, 0xFF, 0xFF, 0xFF,
  0xFF, 0x3F, 0xFF, 0xFF, 0xFF, 0xFF, 0x3F, 0xFF, 0xFF, 0xF3, 0xFF, 0x3F,
  0x3F, 0x00, 0x00, 0x00, 0x3F, 0x3F, 0x00, 0x00, 0x00, 0x3F, 0xFF, 0xFF,
  0xC0, 0xFF, 0x3F, 0xFF, 0xFF, 0xCC, 0xFF, 0x3F, 0xFF, 0x7F, 0x8C, 0xFF,
  0x3F, 0xFF, 0x3F, 0x1E, 0xFF, 0x3F, 0xFF, 0x1F, 0x3F, 0xFE, 0x3F, 0xFF,
  0x1F, 0x3F, 0xFE, 0x3F, 0xFF, 0xFF, 0xFF, 0xFF, 0x3F, 0xFF, 0xFF, 0xFF,
  0xFF, 0x3F, 0xFF, 0xFF, 0xFF, 0xFF, 0x3F, 0xFF, 0xFF, 0xFF, 0xFF, 0x3F,
  0xFF, 0xFF, 0xFF, 0xFF, 0x3F, 0xFF, 0xFF, 0xFF, 0xFF, 0x3F,
};

const unsigned char 5_8_icon[] PROGMEM = {
  0xFF, 0xFF, 0xFF, 0xFF, 0x3F, 0xFF, 0xFF, 0xFF, 0xFF, 0x3F, 0xFF, 0xFF,
  0xFF, 0xFF, 0x3F, 0xFF, 0xFF, 0xFF, 0xFF, 0x3F, 0xFF, 0xFF, 0xFF, 0xFF,
  0x3C, 0xFF, 0xFF, 0xFF, 0x7F, 0x3C, 0xFF, 0xFF, 0xFF, 0x01, 0x3E, 0xFF,
  0xFF, 0xFF, 0x00, 0x3F, 0xFF, 0xFF, 0x7F, 0x00, 0x3F, 0xFF, 0xFF, 0x7F,
  0x00, 0x3F, 0xFF, 0xFF, 0x7F, 0x00, 0x3F, 0xFF, 0xFF, 0x7F, 0x00, 0x3F,
  0xFF, 0xFF, 0xFF, 0x00, 0x3F, 0xFF, 0xFF, 0x7F, 0x80, 0x3F, 0xFF, 0xFF,
  0x3F, 0xC2, 0x3F, 0xFF, 0xFF, 0x00, 0xFF, 0x3F, 0xFF, 0x7F, 0x80, 0xFF,
  0x3F, 0xFF, 0x7F, 0x80, 0xFF, 0x3F, 0xFF, 0x7F, 0x80, 0xFF, 0x3F, 0xFF,
  0x7F, 0x80, 0xFF, 0x3F, 0xFF, 0x7F, 0x80, 0xFF, 0x3F, 0xFF, 0x7F, 0x80,
  0xFF, 0x3F, 0xFF, 0x3F, 0xC0, 0xFF, 0x3F, 0xFF, 0x10, 0xFF, 0xFF, 0x3F,
  0x7F, 0x80, 0xFF, 0xFF, 0x3F, 0x3F, 0xC0, 0xFF, 0xFF, 0x3F, 0x3F, 0x80,
  0xFF, 0xFF, 0x3F, 0x3F, 0x80, 0xFF, 0xFF, 0x3F, 0x3F, 0x80, 0xFF, 0xFF,
  0x3F, 0x3F, 0x80, 0xFF, 0xFF, 0x3F, 0x3F, 0xC0, 0xFF, 0xFF, 0x3F, 0x1F,
  0xE0, 0xFF, 0xFF, 0x3F, 0x8F, 0xFF, 0xFF, 0xFF, 0x3F, 0xCF, 0xFF, 0xFF,
  0xFF, 0x3F, 0xFF, 0xFF, 0xFF, 0xFF, 0x3F, 0xFF, 0xFF, 0xFF, 0xFF, 0x3F,
  0xFF, 0xFF, 0xFF, 0xFF, 0x3F, 0xFF, 0xFF, 0xFF, 0xFF, 0x3F,
};

const unsigned char 5_9_icon[] PROGMEM = {
  0xFF, 0xFF, 0xFF, 0xFF, 0x3F, 0xFF, 0xFF, 0xFF, 0xFF, 0x3F, 0xFF, 0xFF,
  0xFF, 0xFF, 0x3F, 0xFF, 0xFF, 0xFF, 0xFF, 0x3F, 0xFF, 0xFF, 0xFF, 0xFF,
  0x3F, 0xFF, 0xFF, 0xFF, 0xE7, 0x3F, 0xFF, 0xFF, 0xFF, 0xE3, 0x3F, 0xFF,
  0xFF, 0xFF, 0xE1, 0x3F, 0xFF, 0xFF, 0xFF, 0xE8, 0x3F, 0xFF, 0xFF, 0x7F,
  0xEC, 0x3F, 0xFF, 0xFF, 0x3F, 0xEE, 0x3F, 0xFF, 0xFF, 0x1F, 0xEF, 0x3F,
  0xFF, 0xFF, 0x8F, 0xEF, 0x3F, 0xFF, 0xFF, 0x87, 0xEF, 0x3F, 0xFF, 0xFF,
  0x83, 0xFF, 0x3F, 0xFF, 0xFF, 0x91, 0xFF, 0x3F, 0xFF, 0xFF, 0x98, 0xFF,
  0x3F, 0xFF, 0x7F, 0x9C, 0xFF, 0x3F, 0xFF, 0x3F, 0x9E, 0xFF, 0x3F, 0xFF,
  0x1F, 0x9E, 0xFF, 0x3F, 0xFF, 0x0F, 0xFE, 0xFF, 0x3F, 0xFF, 0x47, 0xFE,
  0xFF, 0x3F, 0xFF, 0x63, 0xFE, 0xFF, 0x3F, 0xFF, 0x71, 0xFE, 0xFF, 0x3F,
  0xFF, 0x79, 0xFE, 0xFF, 0x3F, 0xFF, 0x7D, 0xFE, 0xFF, 0x3F, 0xFF, 0xFD,
  0xFF, 0xFF, 0x3F, 0xFF, 0xFD, 0xFF, 0xFF, 0x3F, 0xFF, 0xFD, 0xFF, 0xFF,
  0x3F, 0xFF, 0xFD, 0xFF, 0xFF, 0x3F, 0xFF, 0xFD, 0xFF, 0xFF, 0x3F, 0xFF,
  0xFD, 0xFF, 0xFF, 0x3F, 0xFF, 0xFD, 0xFF, 0xFF, 0x3F, 0xFF, 0xFF, 0xFF,
  0xFF, 0x3F, 0xFF, 0xFF, 0xFF, 0xFF, 0x3F, 0xFF, 0xFF, 0xFF, 0xFF, 0x3F,
  0xFF, 0xFF, 0xFF, 0xFF, 0x3F, 0xFF, 0xFF, 0xFF, 0xFF, 0x3F,
};

const unsigned char 6_1_icon[] PROGMEM = {
  0xFF, 0xFF, 0xFF, 0xFF, 0x3F, 0xFF, 0xFF, 0xFF, 0xFF, 0x3F, 0xFF, 0xFF,
  0xFF, 0xFF, 0x3F, 0xFF, 0xFF, 0xFF, 0xFF, 0x3F, 0xFF, 0xFF, 0xFF, 0xFF,
  0x3F, 0xFF, 0xFF, 0xFF, 0xFF, 0x3F, 0xFF, 0xFF, 0xFF, 0xFF, 0x3F, 0xFF,
  0xFF, 0xFF, 0xFF, 0x3F, 0xFF, 0xFF, 0xFF, 0xFF, 0x3F, 0xFF, 0xFF, 0xFF,
  0xFF, 0x3F, 0xFF, 0xF3, 0xFF, 0xF3, 0x3F, 0xFF, 0xE3, 0xFF, 0xF1, 0x3F,
  0xFF, 0xC7, 0xFF, 0xF8, 0x3F, 0xFF, 0x8F, 0x7F, 0xFC, 0x3F, 0xFF, 0x1F,
  0x3F, 0xFE, 0x3F, 0xFF, 0x3F, 0x1E, 0xFF, 0x3F, 0xFF, 0x7F, 0x8C, 0xFF,
  0x3F, 0xFF, 0xFF, 0xC0, 0xFF, 0x3F, 0xFF, 0xFF, 0xE1, 0xFF, 0x3F, 0xFF,
  0xFF, 0xE1, 0xFF, 0x3F, 0xFF, 0xFF, 0xC0, 0xFF, 0x3F, 0xFF, 0x7F, 0x8C,
  0xFF, 0x3F, 0xFF, 0x3F, 0x1E, 0xFF, 0x3F, 0xFF, 0x1F, 0x3F, 0xFE, 0x3F,
  0xFF, 0x8F, 0x7F, 0xFC, 0x3F, 0xFF, 0xC7, 0xFF, 0xF8, 0x3F, 0xFF, 0xE3,
  0xFF, 0xF1, 0x3F, 0xFF, 0xF3, 0xFF, 0xF3, 0x3F, 0xFF, 0xFF, 0xFF, 0xFF,
  0x3F, 0xFF, 0xFF, 0xFF, 0xFF, 0x3F, 0xFF, 0xFF, 0xFF, 0xFF, 0x3F, 0xFF,
  0xFF, 0xFF, 0xFF, 0x3F, 0xFF, 0xFF, 0xFF, 0xFF, 0x3F, 0xFF, 0xFF, 0xFF,
  0xFF, 0x3F, 0xFF, 0xFF, 0xFF, 0xFF, 0x3F, 0xFF, 0xFF, 0xFF, 0xFF, 0x3F,
  0xFF, 0xFF, 0xFF, 0xFF, 0x3F, 0xFF, 0xFF, 0xFF, 0xFF, 0x3F,
};

const unsigned char 6_2_icon[] PROGMEM = {
  0xFF, 0xFF, 0xFF, 0xFF, 0x3F, 0xFF, 0xFF, 0xFF, 0xFF, 0x3F, 0xFF, 0xFF,
  0xFF, 0xFF, 0x3F, 0xFF, 0xFF, 0xFF, 0xFF, 0x3F, 0xFF, 0xFF, 0xFF, 0xFF,
  0x3F, 0xFF, 0xFF, 0xFF, 0xFF, 0x3F, 0xFF, 0xFF, 0xFF, 0xFF, 0x3F, 0xFF,
  0xFF, 0xFF, 0xFF, 0x3F, 0xFF, 0x3F, 0x00, 0xFF, 0x3F, 0xFF, 0x0F, 0x00,
  0xFC, 0x3F, 0xFF, 0x87, 0x7F, 0xF8, 0x3F, 0xFF, 0xC3, 0xFF, 0xF0, 0x3F,
  0xFF, 0xF1, 0xFF, 0xE3, 0x3F, 0xFF, 0xF1, 0xFF, 0xE3, 0x3F, 0xFF, 0xF8,
  0xFF, 0xC7, 0x3F, 0xFF, 0xFC, 0xFF, 0xCF, 0x3F, 0xFF, 0xFC, 0xFF, 0xCF,
  0x3F, 0xFF, 0xFC, 0xFF, 0xCF, 0x3F, 0xFF, 0xFC, 0xFF, 0xCF, 0x3F, 0xFF,
  0xFC, 0xFF, 0xCF, 0x3F, 0xFF, 0xFC, 0xFF, 0xCF, 0x3F, 0xFF, 0xFC, 0xFF,
  0xCF, 0x3F, 0xFF, 0xFC, 0xFF, 0xCF, 0x3F, 0xFF, 0xF8, 0xFF, 0xC7, 0x3F,
  0xFF, 0xF1, 0xFF, 0xE3, 0x3F, 0xFF, 0xF1, 0xFF, 0xE3, 0x3F, 0xFF, 0xC3,
  0xFF, 0xF0, 0x3F, 0xFF, 0x87, 0x7F, 0xF8, 0x3F, 0xFF, 0x0F, 0x00, 0xFC,
  0x3F, 0xFF, 0x3F, 0x00, 0xFF, 0x3F, 0xFF, 0xFF, 0xFF, 0xFF, 0x3F, 0xFF,
  0xFF, 0xFF, 0xFF, 0x3F, 0xFF, 0xFF, 0xFF, 0xFF, 0x3F, 0xFF, 0xFF, 0xFF,
  0xFF, 0x3F, 0xFF, 0xFF, 0xFF, 0xFF, 0x3F, 0xFF, 0xFF, 0xFF, 0xFF, 0x3F,
  0xFF, 0xFF, 0xFF, 0xFF, 0x3F, 0xFF, 0xFF, 0xFF, 0xFF, 0x3F,
};

const unsigned char 8_1_icon[] PROGMEM = {
  0xFF, 0xFF, 0xFF, 0xFF, 0x3F, 0xFF, 0xFF, 0xFF, 0xFF, 0x3F, 0xFF, 0xFF,
  0xFF, 0xFF, 0x3F, 0xFF, 0xFF, 0xFF, 0xFF, 0x3F, 0xFF, 0xFF, 0xFF, 0xFF,
  0x3F, 0xFF, 0xFF, 0xFF, 0xFF, 0x3F, 0xFF, 0xFF, 0xFF, 0xFF, 0x3F, 0xFF,
  0xFF, 0xFF, 0xFF, 0x3F, 0xFF, 0xFF, 0xFF, 0xFF, 0x3F, 0xFF, 0xFF, 0xFF,
  0xFF, 0x3F, 0xFF, 0xFF, 0xFF, 0xFF, 0x3F, 0xFF, 0xFF, 0xFF, 0xFF, 0x3F,
  0xFF, 0xFF, 0xFF, 0xFF, 0x3F, 0xFF, 0xFF, 0xFF, 0xFF, 0x3F, 0xFF, 0xFF,
  0xFF, 0xFF, 0x3F, 0xFF, 0xFF, 0xFF, 0xFF, 0x3F, 0xFF, 0x1F, 0x00, 0xFE,
  0x3F, 0xFF, 0x03, 0x00, 0xF0, 0x3F, 0x7F, 0xE0, 0xFF, 0x81, 0x3F, 0x3F,
  0xFC, 0xFF, 0x0F, 0x3F, 0x1F, 0xFF, 0xFF, 0x3F, 0x3E, 0x9F, 0xFF, 0xFF,
  0x7F, 0x3E, 0xFF, 0xFF, 0xFF, 0xFF, 0x3F, 0xFF, 0xFF, 0xFF, 0xFF, 0x3F,
  0xFF, 0xFF, 0xFF, 0xFF, 0x3F, 0xFF, 0xFF, 0xFF, 0xFF, 0x3F, 0xFF, 0xFF,
  0xFF, 0xFF, 0x3F, 0xFF, 0xFF, 0xFF, 0xFF, 0x3F, 0xFF, 0xFF, 0xFF, 0xFF,
  0x3F, 0xFF, 0xFF, 0xFF, 0xFF, 0x3F, 0xFF, 0xFF, 0xFF, 0xFF, 0x3F, 0xFF,
  0xFF, 0xFF, 0xFF, 0x3F, 0xFF, 0xFF, 0xFF, 0xFF, 0x3F, 0xFF, 0xFF, 0xFF,
  0xFF, 0x3F, 0xFF, 0xFF, 0xFF, 0xFF, 0x3F, 0xFF, 0xFF, 0xFF, 0xFF, 0x3F,
  0xFF, 0xFF, 0xFF, 0xFF, 0x3F, 0xFF, 0xFF, 0xFF, 0xFF, 0x3F,
};

const unsigned char 8_10_icon[] PROGMEM = {
  0xFF, 0xFF, 0xFF, 0xFF, 0x3F, 0xFF, 0xFF, 0xFF, 0xFF, 0x3F, 0xFF, 0xFF,
  0xFF, 0xFF, 0x3F, 0xFF, 0xFF, 0xFF, 0xFF, 0x3F, 0xFF, 0xFF, 0xFF, 0xFF,
  0x3F, 0xFF, 0xFF, 0xC0, 0xFF, 0x3F, 0xFF, 0x7F, 0x80, 0xFF, 0x3F, 0xFF,
  0x3F, 0x1E, 0xFF, 0x3F, 0xFF, 0x3F, 0x3F, 0xFF, 0x3F, 0xFF, 0x3F, 0x3F,
  0xFF, 0x3F, 0xFF, 0x01, 0x3F, 0xE0, 0x3F, 0xFF, 0x00, 0x3F, 0xC0, 0x3F,
  0x7F, 0x3C, 0x1E, 0x8F, 0x3F, 0x7F, 0xFE, 0xFF, 0x9F, 0x3F, 0x7F, 0xFE,
  0xFF, 0x9F, 0x3F, 0x7F, 0xFE, 0xFF, 0x9F, 0x3F, 0x7F, 0xFC, 0xFF, 0x8F,
  0x3F, 0xFF, 0xF8, 0xFF, 0xC7, 0x3F, 0xFF, 0xC0, 0xFF, 0xC0, 0x3F, 0xFF,
  0xC7, 0xFF, 0xF8, 0x3F, 0xFF, 0xE3, 0xFF, 0xF1, 0x3F, 0xFF, 0xF3, 0xFF,
  0xF3, 0x3F, 0xFF, 0xF3, 0xF3, 0xF3, 0x3F, 0xFF, 0xF3, 0xF3, 0xF3, 0x3F,
  0xFF, 0xF3, 0xE1, 0xF3, 0x3F, 0xFF, 0xE3, 0xC0, 0xF1, 0x3F, 0xFF, 0x07,
  0x00, 0xF8, 0x3F, 0xFF, 0x0F, 0x12, 0xFC, 0x3F, 0xFF, 0xFF, 0xF3, 0xFF,
  0x3F, 0xFF, 0xFF, 0xF3, 0xFF, 0x3F, 0xFF, 0xFF, 0xE7, 0xFF, 0x3F, 0xFF,
  0xFF, 0xE7, 0xFF, 0x3F, 0xFF, 0xFF, 0xE7, 0xFF, 0x3F, 0xFF, 0xFF, 0xFF,
  0xFF, 0x3F, 0xFF, 0xFF, 0xFF, 0xFF, 0x3F, 0xFF, 0xFF, 0xFF, 0xFF, 0x3F,
  0xFF, 0xFF, 0xFF, 0xFF, 0x3F, 0xFF, 0xFF, 0xFF, 0xFF, 0x3F,
};

const unsigned char 8_11_icon[] PROGMEM = {
  0xFF, 0xFF, 0xFF, 0xFF, 0x3F, 0xFF, 0xFF, 0xFF, 0xFF, 0x3F, 0xFF, 0xFF,
  0xFF, 0xFF, 0x3F, 0xFF, 0xFF, 0xFF, 0xFF, 0x3F, 0xFF, 0xFF, 0xFF, 0xFF,
  0x3F, 0xFF, 0xFF, 0xFF, 0xFF, 0x3F, 0xFF, 0xFF, 0xFF, 0xFF, 0x3F, 0xFF,
  0x81, 0xFF, 0xFF, 0x3F, 0xFF, 0x00, 0xFF, 0xFF, 0x3F, 0xFF, 0x3C, 0xFC,
  0xFF, 0x3F, 0x7F, 0x7C, 0xF8, 0xFF, 0x3F, 0x7F, 0xFE, 0xF1, 0xFF, 0x3F,
  0x7F, 0xFE, 0xE3, 0xFF, 0x3F, 0x7F, 0xFE, 0xC7, 0xFF, 0x3F, 0x7F, 0xFE,
  0x8F, 0xFF, 0x3F, 0x7F, 0xFE, 0x1F, 0xFF, 0x3F, 0x7F, 0xFE, 0x3F, 0xFE,
  0x3F, 0x7F, 0xFE, 0x7F, 0x9C, 0x3F, 0x7F, 0xFE, 0xFF, 0x98, 0x3F, 0x7F,
  0xFE, 0xFF, 0x98, 0x3F, 0x7F, 0xFE, 0xFF, 0x91, 0x3F, 0x7F, 0xFE, 0xFF,
  0x83, 0x3F, 0x7F, 0xFE, 0xFF, 0x87, 0x3F, 0x7F, 0xFE, 0xFF, 0x8F, 0x3F,
  0x7F, 0xFE, 0x3F, 0x80, 0x3F, 0x7F, 0xFE, 0x3F, 0x80, 0x3F, 0x7F, 0xFE,
  0xFF, 0xFF, 0x3F, 0x7F, 0xFE, 0xFF, 0xFF, 0x3F, 0x7F, 0xFE, 0xFF, 0xFF,
  0x3F, 0x7F, 0xFE, 0xFF, 0xFF, 0x3F, 0x7F, 0xFE, 0xFF, 0xFF, 0x3F, 0xFF,
  0xFF, 0xFF, 0xFF, 0x3F, 0xFF, 0xFF, 0xFF, 0xFF, 0x3F, 0xFF, 0xFF, 0xFF,
  0xFF, 0x3F, 0xFF, 0xFF, 0xFF, 0xFF, 0x3F, 0xFF, 0xFF, 0xFF, 0xFF, 0x3F,
  0xFF, 0xFF, 0xFF, 0xFF, 0x3F, 0xFF, 0xFF, 0xFF, 0xFF, 0x3F,
};

const unsigned char 8_2_icon[] PROGMEM = {
  0xFF, 0xFF, 0xFF, 0xFF, 0x3F, 0xFF, 0xFF, 0xFF, 0xFF, 0x3F, 0xFF, 0xFF,
  0xFF, 0xFF, 0x3F, 0xFF, 0xFF, 0xFF, 0xFF, 0x3F, 0xFF, 0xFF, 0xFF, 0xFF,
  0x3F, 0xFF, 0xFF, 0xFF, 0xFF, 0x3F, 0xFF, 0xFF, 0xFF, 0xFF, 0x3F, 0xFF,
  0xFF, 0xFF, 0xFF, 0x3F, 0xFF, 0xFF, 0xFF, 0xFF, 0x3F, 0xFF, 0xFF, 0xFF,
  0xFF, 0x3F, 0xFF, 0xFF, 0xFF, 0xFF, 0x3F, 0xFF, 0xFF, 0xFF, 0xFF, 0x3F,
  0xFF, 0xFF, 0xFF, 0xFF, 0x3F, 0xFF, 0xFF, 0xFF, 0xFF, 0x3F, 0xFF, 0xFF,
  0xFF, 0xFF, 0x3F, 0xFF, 0xFF, 0xFF, 0xFF, 0x3F, 0x9F, 0xFF, 0xFF, 0x7F,
  0x3E, 0x1F, 0xFF, 0xFF, 0x3F, 0x3E, 0x3F, 0xFC, 0xFF, 0x0F, 0x3F, 0x7F,
  0xE0, 0xFF, 0x81, 0x3F, 0xFF, 0x03, 0x00, 0xF0, 0x3F, 0xFF, 0x1F, 0x00,
  0xFE, 0x3F, 0xFF, 0xFF, 0xFF, 0xFF, 0x3F, 0xFF, 0xFF, 0xFF, 0xFF, 0x3F,
  0xFF, 0xFF, 0xFF, 0xFF, 0x3F, 0xFF, 0xFF, 0xFF, 0xFF, 0x3F, 0xFF, 0xFF,
  0xFF, 0xFF, 0x3F, 0xFF, 0xFF, 0xFF, 0xFF, 0x3F, 0xFF, 0xFF, 0xFF, 0xFF,
  0x3F, 0xFF, 0xFF, 0xFF, 0xFF, 0x3F, 0xFF, 0xFF, 0xFF, 0xFF, 0x3F, 0xFF,
  0xFF, 0xFF, 0xFF, 0x3F, 0xFF, 0xFF, 0xFF, 0xFF, 0x3F, 0xFF, 0xFF, 0xFF,
  0xFF, 0x3F, 0xFF, 0xFF, 0xFF, 0xFF, 0x3F, 0xFF, 0xFF, 0xFF, 0xFF, 0x3F,
  0xFF, 0xFF, 0xFF, 0xFF, 0x3F, 0xFF, 0xFF, 0xFF, 0xFF, 0x3F,
};

const unsigned char 8_3_icon[] PROGMEM = {
  0xFF, 0xFF, 0xFF, 0xFF, 0x3F, 0xFF, 0xFF, 0xFF, 0xFF, 0x3F, 0xFF, 0xFF,
  0xFF, 0xFF, 0x3F, 0xFF, 0xFF, 0xFF, 0xFF, 0x3F, 0xFF, 0xFF, 0xFF, 0xFF,
  0x3F, 0x1F, 0xF8, 0xFF, 0x07, 0x3E, 0x1F, 0xF0, 0xFF, 0x03, 0x3E, 0xFF,
  0xE3, 0xFF, 0xF1, 0x3F, 0xFF, 0xE7, 0xFF, 0xF9, 0x3F, 0xFF, 0xC7, 0xFF,
  0xF8, 0x3F, 0xFF, 0xCF, 0xFF, 0xFC, 0x3F, 0xFF, 0xCF, 0xFF, 0xFC, 0x3F,
  0xFF, 0xCF, 0xFF, 0xFC, 0x3F, 0xFF, 0xCF, 0xFF, 0xFC, 0x3F, 0xFF, 0xCF,
  0xFF, 0xFC, 0x3F, 0xFF, 0xCF, 0xFF, 0xFC, 0x3F, 0xFF, 0xCF, 0xFF, 0xFC,
  0x3F, 0xFF, 0xCF, 0xFF, 0xFC, 0x3F, 0xFF, 0xCF, 0xFF, 0xFC, 0x3F, 0xFF,
  0xCF, 0xFF, 0xFC, 0x3F, 0xFF, 0xCF, 0xFF, 0xFC, 0x3F, 0xFF, 0xCF, 0xFF,
  0xFC, 0x3F, 0xFF, 0xCF, 0xFF, 0xFC, 0x3F, 0xFF, 0xCF, 0xFF, 0xFC, 0x3F,
  0xFF, 0x9F, 0x7F, 0xFE, 0x3F, 0xFF, 0x9F, 0x7F, 0xFE, 0x3F, 0xFF, 0x9F,
  0x7F, 0xFE, 0x3F, 0xFF, 0x9F, 0x7F, 0xFE, 0x3F, 0xFF, 0x9F, 0x7F, 0xFE,
  0x3F, 0xFF, 0x3F, 0x3F, 0xFF, 0x3F, 0xFF, 0x3F, 0x1E, 0xFF, 0x3F, 0xFF,
  0x7F, 0x80, 0xFF, 0x3F, 0xFF, 0xFF, 0xC0, 0xFF, 0x3F, 0xFF, 0xFF, 0xFF,
  0xFF, 0x3F, 0xFF, 0xFF, 0xFF, 0xFF, 0x3F, 0xFF, 0xFF, 0xFF, 0xFF, 0x3F,
  0xFF, 0xFF, 0xFF, 0xFF, 0x3F, 0xFF, 0xFF, 0xFF, 0xFF, 0x3F,
};

const unsigned char 8_4_icon[] PROGMEM = {
  0xFF, 0xFF, 0xFF, 0xFF, 0x3F, 0xFF, 0xFF, 0xFF, 0xFF, 0x3F, 0xFF, 0xFF,
  0xFF, 0xFF, 0x3F, 0xFF, 0xFF, 0xFF, 0xFF, 0x3F, 0xFF, 0xFF, 0xFF, 0xFF,
  0x3F, 0xFF, 0xFF, 0xFF, 0xFF, 0x3F, 0xFF, 0x73, 0x9E, 0xF3, 0x3F, 0xFF,
  0x73, 0x9E, 0xF3, 0x3F, 0xFF, 0x73, 0x9E, 0xF3, 0x3F, 0xFF, 0x73, 0x9E,
  0xF3, 0x3F, 0x3F, 0x00, 0x00, 0x00, 0x3F, 0x3F, 0x00, 0x00, 0x00, 0x3F,
  0xFF, 0x73, 0x9E, 0xF3, 0x3F, 0xFF, 0x73, 0x9E, 0xF3, 0x3F, 0xFF, 0x73,
  0x9E, 0xF3, 0x3F, 0x3F, 0x00, 0x00, 0x00, 0x3F, 0x3F, 0x00, 0x00, 0x00,
  0x3F, 0xFF, 0x73, 0x9E, 0xF3, 0x3F, 0xFF, 0x73, 0x9E, 0xF3, 0x3F, 0xFF,
  0x73, 0x9E, 0xF3, 0x3F, 0xFF, 0x73, 0x9E, 0xF3, 0x3F, 0x3F, 0x00, 0x00,
  0x00, 0x3F, 0x3F, 0x00, 0x00, 0x00, 0x3F, 0xFF, 0x73, 0x9E, 0xF3, 0x3F,
  0xFF, 0x73, 0x9E, 0xF3, 0x3F, 0xFF, 0x73, 0x9E, 0xF3, 0x3F, 0x3F, 0x00,
  0x00, 0x00, 0x3F, 0x3F, 0x00, 0x00, 0x00, 0x3F, 0xFF, 0x73, 0x9E, 0xF3,
  0x3F, 0xFF, 0x73, 0x9E, 0xF3, 0x3F, 0xFF, 0x73, 0x9E, 0xF3, 0x3F, 0xFF,
  0x73, 0x9E, 0xF3, 0x3F, 0xFF, 0xFF, 0xFF, 0xFF, 0x3F, 0xFF, 0xFF, 0xFF,
  0xFF, 0x3F, 0xFF, 0xFF, 0xFF, 0xFF, 0x3F, 0xFF, 0xFF, 0xFF, 0xFF, 0x3F,
  0xFF, 0xFF, 0xFF, 0xFF, 0x3F, 0xFF, 0xFF, 0xFF, 0xFF, 0x3F,
};

const unsigned char 8_5_icon[] PROGMEM = {
  0xFF, 0xFF, 0xFF, 0xFF, 0x3F, 0xFF, 0xFF, 0xFF, 0xFF, 0x3F, 0xFF, 0xFF,
  0xFF, 0xFF, 0x3F, 0xFF, 0xFF, 0xFF, 0xFF, 0x3F, 0xFF, 0xFF, 0xFF, 0xFF,
  0x3F, 0xFF, 0xFF, 0xFF, 0xFF, 0x3F, 0x3F, 0x1E, 0x1E, 0x1E, 0x3F, 0x3F,
  0x1C, 0x1E, 0x0E, 0x3F, 0x3F, 0x1C, 0x1E, 0x0E, 0x3F, 0x7F, 0x3F, 0x3F,
  0xBF, 0x3F, 0xFF, 0xFF, 0xFF, 0xFF, 0x3F, 0xFF, 0xFF, 0xFF, 0xFF, 0x3F,
  0xFF, 0xFF, 0xFF, 0xFF, 0x3F, 0x3F, 0xFE, 0xFF, 0x1F, 0x3F, 0x3F, 0xFC,
  0xFF, 0x0F, 0x3F, 0x3F, 0xFC, 0xFF, 0x0F, 0x3F, 0x3F, 0xFE, 0xFF, 0x1F,
  0x3F, 0xFF, 0xFF, 0xFF, 0xFF, 0x3F, 0xFF, 0xFF, 0xFF, 0xFF, 0x3F, 0xFF,
  0xFF, 0xFF, 0xFF, 0x3F, 0xFF, 0xFF, 0xFF, 0xFF, 0x3F, 0x3F, 0xFE, 0xFF,
  0x1F, 0x3F, 0x3F, 0xFC, 0xFF, 0x0F, 0x3F, 0x3F, 0xFC, 0xFF, 0x0F, 0x3F,
  0x3F, 0xFE, 0xFF, 0x1F, 0x3F, 0xFF, 0xFF, 0xFF, 0xFF, 0x3F, 0xFF, 0xFF,
  0xFF, 0xFF, 0x3F, 0xFF, 0xFF, 0xFF, 0xFF, 0x3F, 0x7F, 0x3E, 0x3F, 0x9F,
  0x3F, 0x3F, 0x1C, 0x1E, 0x0E, 0x3F, 0x3F, 0x1C, 0x1E, 0x0E, 0x3F, 0x3F,
  0x1E, 0x1E, 0x1E, 0x3F, 0xFF, 0xFF, 0xFF, 0xFF, 0x3F, 0xFF, 0xFF, 0xFF,
  0xFF, 0x3F, 0xFF, 0xFF, 0xFF, 0xFF, 0x3F, 0xFF, 0xFF, 0xFF, 0xFF, 0x3F,
  0xFF, 0xFF, 0xFF, 0xFF, 0x3F, 0xFF, 0xFF, 0xFF, 0xFF, 0x3F,
};

const unsigned char 8_6_icon[] PROGMEM = {
  0xFF, 0xFF, 0xFF, 0xFF, 0x3F, 0xFF, 0xFF, 0xFF, 0xFF, 0x3F, 0xFF, 0xFF,
  0xFF, 0xFF, 0x3F, 0xFF, 0xFF, 0xFF, 0xFF, 0x3F, 0xFF, 0xFF, 0xFF, 0xFF,
  0x3F, 0xFF, 0xFF, 0xFF, 0xFF, 0x3F, 0xFF, 0xFF, 0xFF, 0xFF, 0x3F, 0xFF,
  0xFF, 0xFF, 0xFF, 0x3F, 0xFF, 0xFF, 0xFF, 0xFF, 0x3F, 0xFF, 0xFB, 0xFF,
  0xF7, 0x3F, 0xFF, 0xF1, 0xFF, 0xE3, 0x3F, 0xFF, 0xF1, 0xFF, 0xE3, 0x3F,
  0xFF, 0xE0, 0xFF, 0xC1, 0x3F, 0xFF, 0xC0, 0xFF, 0xC0, 0x3F, 0x7F, 0xC0,
  0xFF, 0x80, 0x3F, 0x7F, 0x80, 0x7F, 0x00, 0x3F, 0x3F, 0x80, 0x7F, 0x00,
  0x3F, 0x1F, 0x00, 0x3F, 0x00, 0x3E, 0x1F, 0x00, 0x33, 0x00, 0x3E, 0x1F,
  0x00, 0x33, 0x00, 0x3E, 0xFF, 0xFF, 0xE1, 0xFF, 0x3F, 0xFF, 0xFF, 0xE1,
  0xFF, 0x3F, 0xFF, 0xFF, 0xC0, 0xFF, 0x3F, 0xFF, 0xFF, 0xC0, 0xFF, 0x3F,
  0xFF, 0x7F, 0x80, 0xFF, 0x3F, 0xFF, 0x3F, 0x00, 0xFF, 0x3F, 0xFF, 0x3F,
  0x00, 0xFF, 0x3F, 0xFF, 0x1F, 0x00, 0xFE, 0x3F, 0xFF, 0x1F, 0x00, 0xFE,
  0x3F, 0xFF, 0xFF, 0xFF, 0xFF, 0x3F, 0xFF, 0xFF, 0xFF, 0xFF, 0x3F, 0xFF,
  0xFF, 0xFF, 0xFF, 0x3F, 0xFF, 0xFF, 0xFF, 0xFF, 0x3F, 0xFF, 0xFF, 0xFF,
  0xFF, 0x3F, 0xFF, 0xFF, 0xFF, 0xFF, 0x3F, 0xFF, 0xFF, 0xFF, 0xFF, 0x3F,
  0xFF, 0xFF, 0xFF, 0xFF, 0x3F, 0xFF, 0xFF, 0xFF, 0xFF, 0x3F,
};

const unsigned char 8_7_icon[] PROGMEM = {
  0xFF, 0xFF, 0xFF, 0xFF, 0x3F, 0xFF, 0xFF, 0xFF, 0xFF, 0x3F, 0xFF, 0xFF,
  0xFF, 0xFF, 0x3F, 0xFF, 0xFF, 0xFF, 0xFF, 0x3F, 0xFF, 0xFF, 0xFF, 0xFF,
  0x3F, 0xFF, 0xFF, 0xFF, 0xFF, 0x3F, 0xFF, 0xFF, 0xFF, 0xFF, 0x3F, 0xFF,
  0xFF, 0xFF, 0xFF, 0x3F, 0xFF, 0xFF, 0xFF, 0xFF, 0x3F, 0xFF, 0xFF, 0xFF,
  0xFF, 0x3F, 0xFF, 0xFF, 0xFF, 0xFF, 0x3F, 0xFF, 0x1F, 0x00, 0xFE, 0x3F,
  0xFF, 0x1F, 0x00, 0xFE, 0x3F, 0xFF, 0xFF, 0xFF, 0xFF, 0x3F, 0xFF, 0xFF,
  0xFF, 0xFF, 0x3F, 0xFF, 0xFF, 0xFF, 0xFF, 0x3F, 0xFF, 0xFF, 0xFF, 0xFF,
  0x3F, 0xFF, 0xFF, 0xFF, 0xFF, 0x3F, 0xFF, 0x1F, 0x00, 0xFE, 0x3F, 0xFF,
  0x1F, 0x00, 0xFE, 0x3F, 0xFF, 0xFF, 0xFF, 0xFF, 0x3F, 0xFF, 0xFF, 0xFF,
  0xFF, 0x3F, 0xFF, 0xFF, 0xFF, 0xFF, 0x3F, 0xFF, 0xFF, 0xFF, 0xFF, 0x3F,
  0xFF, 0xFF, 0xFF, 0xFF, 0x3F, 0xFF, 0x1F, 0x00, 0xFE, 0x3F, 0xFF, 0x1F,
  0x00, 0xFE, 0x3F, 0xFF, 0xFF, 0xFF, 0xFF, 0x3F, 0xFF, 0xFF, 0xFF, 0xFF,
  0x3F, 0xFF, 0xFF, 0xFF, 0xFF, 0x3F, 0xFF, 0xFF, 0xFF, 0xFF, 0x3F, 0xFF,
  0xFF, 0xFF, 0xFF, 0x3F, 0xFF, 0xFF, 0xFF, 0xFF, 0x3F, 0xFF, 0xFF, 0xFF,
  0xFF, 0x3F, 0xFF, 0xFF, 0xFF, 0xFF, 0x3F, 0xFF, 0xFF, 0xFF, 0xFF, 0x3F,
  0xFF, 0xFF, 0xFF, 0xFF, 0x3F, 0xFF, 0xFF, 0xFF, 0xFF, 0x3F,
};

const unsigned char 8_8_icon[] PROGMEM = {
  0xFF, 0xFF, 0xFF, 0xFF, 0x3F, 0xFF, 0xFF, 0xFF, 0xFF, 0x3F, 0xFF, 0xFF,
  0xFF, 0xFF, 0x3F, 0xFF, 0xFF, 0xFF, 0xFF, 0x3F, 0xFF, 0xFF, 0x3F, 0xFF,
  0x3F, 0xFF, 0x11, 0x19, 0xF1, 0x3F, 0x1F, 0x11, 0x18, 0x81, 0x3F, 0x1F,
  0x11, 0xF9, 0x89, 0x3F, 0x3F, 0xFF, 0xFF, 0xDF, 0x3F, 0xFF, 0x7F, 0x44,
  0xFC, 0x3F, 0x1F, 0x63, 0x44, 0x1C, 0x3F, 0x1F, 0x63, 0x66, 0x1C, 0x3F,
  0x1F, 0x17, 0x1F, 0x3F, 0x3F, 0xFF, 0x1F, 0x11, 0xFF, 0x3F, 0x1F, 0x1F,
  0x11, 0x31, 0x3E, 0x1F, 0x47, 0xF8, 0x31, 0x3E, 0x3F, 0x00, 0x8E, 0x39,
  0x3E, 0xFF, 0x40, 0x8A, 0xE7, 0x3F, 0xFF, 0xF8, 0xD1, 0xC7, 0x3F, 0x3F,
  0xC6, 0x11, 0xC7, 0x3F, 0x3F, 0x06, 0x1A, 0x7F, 0x3C, 0x3F, 0x0E, 0x3E,
  0x7D, 0x3C, 0xFF, 0x7F, 0xE6, 0x18, 0x3E, 0xDF, 0x78, 0xC6, 0x88, 0x3F,
  0x8F, 0x40, 0xC4, 0x8F, 0x3F, 0x8F, 0x40, 0xFC, 0xFF, 0x3F, 0xFF, 0xCF,
  0x9F, 0xE7, 0x3F, 0xFF, 0x18, 0x1F, 0x23, 0x3E, 0xFF, 0x18, 0x13, 0x27,
  0x3E, 0xFF, 0x1C, 0xE1, 0x6F, 0x3E, 0x8F, 0xE3, 0xF3, 0x40, 0x3E, 0x8F,
  0x23, 0x8E, 0x40, 0x3C, 0x8F, 0x03, 0x8E, 0x7C, 0x3C, 0xFF, 0x3F, 0x8F,
  0xFF, 0x3F, 0xFF, 0xFF, 0xFF, 0xFF, 0x3F, 0xFF, 0xFF, 0xFF, 0xFF, 0x3F,
  0xFF, 0xFF, 0xFF, 0xFF, 0x3F, 0xFF, 0xFF, 0xFF, 0xFF, 0x3F,
};

const unsigned char 8_9_icon[] PROGMEM = {
  0xFF, 0xFF, 0xFF, 0xFF, 0x3F, 0xFF, 0xFF, 0xFF, 0xFF, 0x3F, 0xFF, 0xFF,
  0xFF, 0xFF, 0x3F, 0xFF, 0xFF, 0xFF, 0xFF, 0x3F, 0xFF, 0xFF, 0xF3, 0xFF,
  0x3F, 0xFF, 0xFF, 0xF3, 0xFF, 0x3F, 0xFF, 0xFF, 0xE1, 0xFF, 0x3F, 0xFF,
  0xFF, 0xE1, 0xFF, 0x3F, 0xFF, 0xFF, 0xC0, 0xFF, 0x3F, 0xFF, 0x7F, 0x8C,
  0xFF, 0x3F, 0xFF, 0x7F, 0x9E, 0xFF, 0x3F, 0xFF, 0x3F, 0x1E, 0xFF, 0x3F,
  0xFF, 0x1F, 0x3F, 0xFE, 0x3F, 0xFF, 0x9F, 0x7F, 0xFE, 0x3F, 0xFF, 0x8F,
  0x7F, 0xFC, 0x3F, 0xFF, 0x07, 0x00, 0xF8, 0x3F, 0xFF, 0x07, 0x00, 0xF8,
  0x3F, 0xFF, 0x3F, 0x1E, 0xFF, 0x3F, 0xFF, 0x3F, 0x3F, 0xFF, 0x3F, 0xFF,
  0x1F, 0x3F, 0xFE, 0x3F, 0xFF, 0x9F, 0x7F, 0xFE, 0x3F, 0xFF, 0x8F, 0x7F,
  0xFC, 0x3F, 0xFF, 0xCF, 0xFF, 0xFC, 0x3F, 0xFF, 0xC7, 0xFF, 0xF8, 0x3F,
  0xFF, 0xE7, 0xFF, 0xF9, 0x3F, 0xFF, 0x03, 0x00, 0xF0, 0x3F, 0xFF, 0x03,
  0x00, 0xF0, 0x3F, 0xFF, 0xFF, 0xF3, 0xFF, 0x3F, 0xFF, 0xFF, 0xF3, 0xFF,
  0x3F, 0xFF, 0xFF, 0xF3, 0xFF, 0x3F, 0xFF, 0xFF, 0xF3, 0xFF, 0x3F, 0xFF,
  0xFF, 0xF3, 0xFF, 0x3F, 0xFF, 0xFF, 0xF3, 0xFF, 0x3F, 0xFF, 0xFF, 0xFF,
  0xFF, 0x3F, 0xFF, 0xFF, 0xFF, 0xFF, 0x3F, 0xFF, 0xFF, 0xFF, 0xFF, 0x3F,
  0xFF, 0xFF, 0xFF, 0xFF, 0x3F, 0xFF, 0xFF, 0xFF, 0xFF, 0x3F,
};

